V,G,sl,tp,n_trades,expectancy_usdt,expectancy_pct,ci_low,ci_high,win_rate,avg_win,avg_loss,profit_factor,peak_concurrent,total_net,max_dd_pct,cagr_pct,calmar,sharpe,sortino,n_tp,n_sl,n_time,eligible
1,2,8,45,1898,0.24755965472120312,0.02475596547212031,-0.7058897434009563,1.2510333648073313,79.03055848261327,9.272174839215959,-33.76480913106305,1.0349646113565614,56,469.8682246608435,2.7919356790200025,2.0402408966054386,0.7307621418132325,0.6145467441449765,0.8987016192541093,1471,88,339,True
1,2,8,75,1898,0.15359835052479628,0.01535983505247963,-1.0468105594743344,1.3551662383794023,67.38672286617492,14.832553291747775,-30.17658479943351,1.0156070931885197,84,291.52966929606333,1.9616554209762136,0.8409819048831535,0.4287103106337813,0.30403083128272235,0.4178163506315157,1116,115,667,True
1,2,8,90,1898,0.08004502900703346,0.008004502900703347,-1.0933546361891904,1.364341475579882,63.751317175974705,16.771286072677317,-29.27518994605262,1.0075429705935195,90,151.92546505534952,2.054166040725378,0.40852937149999935,0.19887845646388802,0.14730537860238138,0.199122213232009,957,123,818,True
1,2,8,95,1898,0.05394699419617083,0.005394699419617083,-1.2899351871314628,1.289656354067837,62.80295047418335,17.365386908687377,-29.174433144718158,1.0049711438707642,91,102.39139498433224,2.062687990578349,0.2721975234803109,0.13196252885730453,0.0966436638233919,0.13182646109136936,908,126,864,True
1,2,9,45,1898,0.42234230849462995,0.04223423084946299,-0.4985478842533001,1.4235119031426424,79.29399367755532,9.290096006300052,-33.53686714493326,1.0608199076963671,56,801.6057015228076,2.8672095703899227,3.495266882110326,1.2190482754404979,1.0400468169827322,1.4857337316767463,1476,71,351,True
1,2,9,75,1898,0.35724937869979,0.035724937869979004,-0.9389080423525066,1.6055579500933286,67.75553213909379,14.874604176074437,-30.14817263016262,1.0367498249466958,84,678.0593207722014,2.0589038545746496,1.9623848084821427,0.9531211494514168,0.6853929871644985,0.9067242450316645,1123,95,680,True
1,2,9,90,1898,0.25875878745455866,0.025875878745455865,-1.0526188146293478,1.5227289582916577,64.12012644889357,16.83144003310036,-29.357912396027007,1.024565128107765,90,491.12417858875233,2.1804711656728992,1.3241649809753842,0.6072838759905101,0.46098555503636357,0.6000361496504288,964,103,831,True
1,2,9,95,1898,0.22259139227440614,0.022259139227440612,-1.1325773725954176,1.6016976617216239,63.17175974710221,17.43206665681237,-29.296952015709877,1.0206302722161846,91,422.47846253682286,2.2014845409414012,1.1259171033736415,0.5114353893632956,0.3848419350509976,0.5051549986920851,915,106,877,True
1,2,10,45,1898,0.4011454213287211,0.04011454213287211,-0.6415951200751153,1.469963800468218,79.39936775553214,9.288320202728139,-33.8519809100496,1.0575224271742774,56,761.3740096819126,2.6495024997489782,3.3181638139725855,1.252372403606699,0.9982236786023895,1.4283591190033054,1478,60,360,True
1,2,10,75,1898,0.2922260576940623,0.02922260576940623,-0.9782966424762415,1.531365259182768,67.8082191780822,14.874631027014011,-30.423903558533066,1.0298372643015323,85,554.6450575033302,2.0109089481613744,1.5845919014805254,0.7879978369629109,0.5654973855039328,0.7494941006448714,1124,80,694,True
1,2,10,90,1898,0.22278526124797535,0.022278526124797533,-1.0791996647995261,1.5375388302574513,64.22550052687039,16.844216728586726,-29.617457682324837,1.0210264092518453,91,422.8464258486572,2.1794340528873204,1.1269009585099132,0.5170612788292408,0.40637769277968805,0.5487666615276938,966,87,845,True
1,2,10,95,1898,0.21135969772098845,0.021135969772098844,-1.0416355040236962,1.555098373066514,63.277133825079034,17.446386268514296,-29.486297277204066,1.0195193508084026,92,401.16070627443605,2.112762162856332,1.0572729564424233,0.5004221369683427,0.3765733170693775,0.5208586010887647,917,89,892,True
1,2,11,45,1898,0.4881777994523865,0.04881777994523864,-0.5669773126295885,1.553115944356065,79.50474183350894,9.290938757790958,-33.65929337312577,1.070765183602427,56,926.5614633606295,2.727285512469504,4.0464663080392205,1.483697357514734,1.220558306415471,1.6880430237174613,1480,50,368,True
1,2,11,75,1898,0.32840481346139516,0.03284048134613952,-0.9224905671927845,1.567969580610547,67.91359325605902,14.881507782590473,-30.474468301821652,1.0335855366703306,85,623.312335949728,2.098266098470529,1.781787381472677,0.8491713147209785,0.6317292389293334,0.8196262347663014,1126,69,703,True
1,2,11,90,1898,0.22630578729898404,0.022630578729898404,-1.1016261784306836,1.7009052700292695,64.33087460484721,16.854837241718037,-29.763999834334196,1.021316304047985,91,429.52838429347173,2.293629718729486,1.1447680614476985,0.4991076162379958,0.40825053097560504,0.5409398171527808,968,76,854,True
1,2,11,95,1898,0.20575108432668904,0.020575108432668902,-1.1879282047684754,1.6062244022100067,63.38250790305585,17.458393085460497,-29.657455142096293,1.0189460925285518,92,390.5155580520558,2.225852168141278,1.029133071131727,0.46235463696185886,0.36196897762127983,0.4898105653781551,919,78,901,True
1,2,12,45,1898,0.32486420111552916,0.032486420111552915,-0.8145253338199846,1.3239847728441474,79.55742887249737,9.287894450425032,-34.55703187222815,1.04598645216295,56,616.5922537172744,2.9308735015481937,2.6822941051993787,0.9151859006478764,0.7933947009848198,1.0688890969695775,1480,47,371,True
1,2,12,75,1898,0.15329017571442408,0.015329017571442408,-1.1173850118150348,1.5019695105673467,67.96628029504743,14.873610516584776,-31.078968442250627,1.0153971505198989,85,290.9447535059769,2.2517452731709513,0.8293925318810347,0.36833319548310545,0.2918467031313755,0.37324147537781605,1126,62,710,True
1,2,12,90,1898,0.10441563655821678,0.010441563655821677,-1.3403700816823272,1.4823773494325112,64.43624868282403,16.83118883774884,-30.202019363524947,1.0097212473604693,91,198.18087818749547,2.4729332621321114,0.5272373521762796,0.21320322721596888,0.18549899557234983,0.24203990426679403,968,67,863,True
1,2,12,95,1898,0.07331931082512118,0.0073319310825121185,-1.329145828043849,1.5299707165419756,63.487881981032665,17.43338967488638,-30.112661625240996,1.0066685621571898,92,139.16005194608,2.3847121843235417,0.36602269855410263,0.1534871591465996,0.12683924157577323,0.1688028556769338,919,69,910,True
1,3,8,45,896,1.9592599023819874,0.19592599023819873,0.08924175092997136,3.6881457415326624,79.79910714285714,13.689918660875875,-44.38008270713806,1.218541227442285,19,1755.4968725342608,2.7265599790514914,23.814560471826795,8.734288134057973,3.2262037834812927,5.018326890509563,689,71,136,True
1,3,8,75,896,1.5764221629528434,0.15764221629528433,-0.7903417765658072,3.8036865723199864,68.19196428571429,21.25964677214832,-40.62164884132237,1.1220051418259713,26,1412.4742580057477,2.314753319548695,13.6410734596621,5.893100290410939,1.9509606800160768,3.3059359738402034,504,97,295,True
1,3,8,90,896,1.8738824559338012,0.18738824559338013,-0.41375858103281105,4.272023229035567,66.18303571428571,23.463747496547484,-40.37954978526724,1.1372291122647409,27,1678.998680516686,2.531438652836515,15.699546638193418,6.2018278106806335,2.1680717468544515,3.5972813067411025,420,103,373,True
1,3,8,95,896,2.0363369800677456,0.20363369800677456,-0.25856422651262007,4.364499692283732,65.625,24.14660156419651,-40.17416813508717,1.1474551850492933,27,1824.5579341407001,2.6539612359013645,17.124116182978423,6.45228571967539,2.325065589299122,3.915958785598122,397,104,395,True
1,3,9,45,896,1.913211318803804,0.1913211318803804,0.06850202700398449,3.7723171671948648,80.13392857142857,13.713533903172847,-45.68584270129154,1.2107993700840705,20,1714.2373416482085,3.2709648690662645,21.991608206940306,6.723278630998586,3.095745230942251,4.519443674976966,692,61,143,True
1,3,9,75,896,1.8279760864531247,0.18279760864531247,-0.5779141116463188,4.11790762815647,68.86160714285714,21.26972396128225,-41.1668570274163,1.1426023246493378,27,1637.8665734619997,2.4994917227165923,15.298843230171633,6.12078171378938,2.1832345434555447,3.35862324216976,508,81,307,True
1,3,9,90,896,2.0857823531019046,0.20857823531019046,-0.47603151076993216,4.208832538437812,66.85267857142857,23.49294117560526,-41.08892517107154,1.15314251259034,28,1868.8609883793065,2.4463390311674496,16.90381281422568,6.9098406226052775,2.319433308922522,3.4115223037010214,424,87,385,True
1,3,9,95,896,2.2461840470298857,0.22461840470298858,-0.17989732169912143,4.619200175732226,66.29464285714286,24.182888691275924,-40.900844292977226,1.1629349051612181,28,2012.5809061387777,2.39221156952272,18.26815131809787,7.636511565631556,2.469472117769696,3.6952778076627952,401,88,407,True
1,3,10,45,896,2.09510191977443,0.209510191977443,0.2673901156070951,3.958642735947376,80.46875,13.70170218548845,-45.72409117496733,1.234601094381462,20,1877.2113201178895,3.279916457424726,24.216585510584675,7.383293393270961,3.373190261948274,4.728374325397155,695,49,152,True
1,3,10,75,896,1.776910574074003,0.1776910574074003,-0.6180939593641336,4.075587475599665,69.08482142857143,21.25930607197447,-41.759561675746895,1.1376378502723574,27,1592.1118743703066,2.718546640125127,14.854064453280147,5.463972636716086,2.0623970747641027,2.920475964622153,509,68,319,True
1,3,10,90,896,2.170160557804056,0.2170160557804056,-0.7229688536960618,4.777853162309176,67.1875,23.49523077663296,-41.4954594140837,1.1593866593054387,28,1944.463859792434,2.6578373843213634,17.6203566262342,6.629584161234635,2.392505555894595,3.3922647997392565,426,72,398,True
1,3,10,95,896,2.3230841355439202,0.23230841355439202,-0.34226351941449107,4.871668887363242,66.62946428571429,24.18726407681547,-41.33215139936951,1.168427789475748,28,2081.4833854473527,2.6876518466086683,18.925538753384743,7.04166307003839,2.5312985030702744,3.632162333171976,403,73,420,True
1,3,11,45,896,1.8367955237001088,0.18367955237001088,-0.16688505011605187,3.7459934748363293,80.58035714285714,13.701765095648017,-47.39600925185386,1.1995619771948263,20,1645.7687892352974,3.7708200988638323,21.06387861520542,5.586020563948961,2.8670023425323077,3.871528152397504,696,46,154,True
1,3,11,75,896,1.497325323231787,0.14973253232317868,-0.9798608215947553,4.068315883126044,69.19642857142857,21.26283171626886,-42.90344990750366,1.113298166446571,27,1341.6034896156812,3.053856865282606,12.436728953779275,4.072466229561932,1.6828101615111601,2.2232201230542668,510,63,323,True
1,3,11,90,896,2.012601142365013,0.2012601142365013,-0.570979586461042,4.449061934654762,67.41071428571429,23.478327858292783,-42.38910754400612,1.1456896164656565,28,1803.2906235590517,2.9768135819832113,16.2844321735947,5.4704239029794035,2.160930188573106,2.8450439058290717,427,65,404,True
1,3,11,95,896,2.1561635002785757,0.21561635002785756,-0.4184325483375388,4.766854817749395,66.85267857142857,24.17060784602716,-42.243338732392814,1.153983793536518,28,1931.9224962496037,3.2169304017469917,17.50131530927954,5.440377354690436,2.2883565807500883,3.067937587366217,404,66,426,True
1,3,12,45,896,2.03562005884572,0.20356200588457202,-0.07797193646971802,3.904195990006432,80.80357142857143,13.704619491529938,-47.082726390359944,1.2252240071789113,20,1823.9155727257653,4.041592352570038,23.48637849912949,5.811169571368217,3.051904251571685,3.9225658653153896,698,39,159,True
1,3,12,75,896,1.9210911138920939,0.19210911138920939,-0.5893395237575817,4.48041191197302,69.53125,21.259711051231967,-42.21063130721684,1.1493727849601927,27,1721.297638047316,2.7181931206291865,16.112467672984,5.927639044739547,2.0681987883518795,2.6790768917113614,512,52,332,True
1,3,12,90,896,2.399017071553518,0.2399017071553518,-0.29103850546642945,4.793189531447064,67.74553571428571,23.44200473041339,-41.79853832266082,1.177943615494729,28,2149.519296111952,2.6834003662924015,19.576755699289407,7.295503103153482,2.4618896542876323,3.1855220093942735,428,54,414,True
1,3,12,95,896,2.5335328278679268,0.2533532827867927,-0.13060872123012068,5.061969637467896,67.1875,24.133686361610494,-41.69535297931923,1.1851823369335226,28,2270.0454137696624,3.0080898069946733,20.73551343633524,6.893249459547122,2.5705558582120984,3.3815358806255635,405,55,436,True
1,4,8,45,490,1.6798198413771084,0.16798198413771084,-1.337956704709033,4.575293096889774,76.32653061224491,18.236385862406678,-51.70083267470099,1.1372471262486568,6,823.1117222747831,12.827617582943759,36.444580239681265,2.8411028005808188,1.6358558085553851,2.399629948433143,358,60,72,True
1,4,8,75,490,1.932616082199069,0.1932616082199069,-1.8825658543864197,5.571832895496838,65.3061224489796,27.957027113849755,-47.054510565613995,1.1183835849471606,11,946.9818802775438,9.277975920362943,22.094134232110928,2.3813528318843313,1.443630491968963,2.0541679385791687,259,77,154,True
1,4,8,90,490,2.734891656569763,0.2734891656569763,-1.2917013892891782,6.776963788405251,64.28571428571429,30.44903918317527,-47.150573891320164,1.1624094047305968,12,1340.096911719184,7.208452116357167,29.16303528110127,4.045672331640454,2.0542030992321343,2.919172179232346,211,80,199,True
1,4,8,95,490,2.8187617105342295,0.28187617105342294,-1.2070197923367347,6.509615466566636,63.87755102040816,31.128187352183687,-47.24253900040522,1.1651763811417009,12,1381.1932381617726,7.741650743075958,30.126965526970228,3.8915428410297936,2.0398288293045206,2.878628940731818,195,81,214,True
1,4,9,45,490,2.103510797366326,0.2103510797366326,-0.9178525607801559,5.010658259681571,77.55102040816327,18.2497803299374,-53.67451122424284,1.1745741926153448,6,1030.7202907094997,10.128578578739951,46.69727277277409,4.6104468074910745,2.021978445804289,2.8619467932249227,364,51,75,True
1,4,9,75,490,2.5546242365176886,0.25546242365176886,-1.2402679985575495,6.153667395346637,66.73469387755102,27.89730270785819,-48.28620926120222,1.159042206219569,11,1251.7658758936675,7.47057889796112,29.759851739358222,3.983607180359251,1.8273312649293605,2.467195073107383,263,65,162,True
1,4,9,90,490,3.3542713876940544,0.33542713876940544,-0.5709048498391083,7.657300099262622,65.71428571428571,30.423418398672965,-48.528260383348865,1.2015998815980193,12,1643.5929799700866,6.062705874256686,36.38101307176107,6.000788068285027,2.41328638135357,3.3258554262212714,215,68,207,True
1,4,9,95,490,3.530419232811385,0.35304192328113854,-0.5573506229620567,7.320287214740348,65.3061224489796,31.117470980575753,-48.39814876298036,1.2102542043315385,12,1729.9054240775786,6.487258900213573,38.4758909316572,5.930993586580998,2.4683732107013516,3.37493308395685,199,68,223,True
1,4,10,45,490,1.5436646844134758,0.1543664684413476,-1.6253287135839325,4.840701739980704,77.55102040816327,18.2497803299374,-56.1683711819419,1.1224234272527227,6,756.3956953626032,11.560024862509637,33.24196742289038,2.8755965335937588,1.4089754985933318,1.8745058875554985,364,47,79,True
1,4,10,75,490,1.7089495521362668,0.1708949552136267,-2.1215566107827803,5.389673785474443,66.73469387755102,27.89730270785819,-50.828421502594225,1.101072054917684,11,837.3852805467707,9.169492720921276,19.40432870309785,2.1161834458764104,1.1638536538559323,1.4899967784724428,263,61,166,True
1,4,10,90,490,2.4910211468484054,0.24910211468484053,-1.6241536098159715,6.345313716398314,65.71428571428571,30.423418398672965,-51.04607358581535,1.142331776659771,12,1220.6003619557187,6.753255375517096,26.384035402537087,3.906861792638319,1.704556141500547,2.2211960900435574,215,63,212,True
1,4,10,95,490,2.667168991965735,0.2667168991965735,-1.6436955270524933,6.744076582420216,65.3061224489796,31.117470980575753,-50.88634063365312,1.1510763456927167,12,1306.9128060632102,7.0550229592979505,28.387753903884505,4.023764921483599,1.7766303171901612,2.3132256711938957,199,63,228,True
1,4,11,45,490,2.0629945363440423,0.20629945363440425,-1.4321474630458806,5.248513585431047,78.36734693877551,18.230748470824405,-56.506981981018775,1.1687664752763267,6,1010.8673228085806,10.5675291865282,45.69797698961746,4.3243766998888065,1.8763099385123359,2.4131120368349097,368,39,83,True
1,4,11,75,490,2.383366522584064,0.23833665225840642,-1.6329558958900867,6.389332760435741,67.55102040816327,27.87709246857843,-50.68847805681301,1.1449040550154705,11,1167.8495960661915,8.638637747061495,27.62192492654676,3.197486193461763,1.5680839863691425,1.905921590292472,266,51,173,True
1,4,11,90,490,3.044067904550399,0.30440679045503993,-1.3850309481353846,6.795327333445515,66.3265306122449,30.34994186946296,-50.740229299065255,1.1781615762596023,12,1491.5932732296956,6.924043079648085,32.73727563259949,4.728057762786676,2.011581557023626,2.496070983706961,216,53,221,True
1,4,11,95,490,3.224740618135681,0.3224740618135681,-1.1314506740104175,7.347891443919025,65.91836734693878,31.043957531072145,-50.58128969850192,1.1870615369069888,12,1580.1229028864836,7.268531318921584,34.85247227977519,4.794981372515593,2.079100665820811,2.5805009605720364,200,53,237,True
1,4,12,45,490,1.7549037765674245,0.17549037765674244,-1.8315554786726673,5.001402423816393,78.36734693877551,18.230748470824405,-57.931175115835224,1.140033255434612,7,859.902850518038,8.824574088076558,32.32209057177422,3.6627366090615805,1.5459546885972602,1.8565138309711051,368,36,86,True
1,4,12,75,490,2.3633369930680357,0.23633369930680356,-1.4848221016878644,6.621501275458385,67.75510204081633,27.828248212592186,-51.14521063276752,1.1433044493051552,11,1158.0351266033374,8.837924421904658,27.37324201930058,3.0972478053168713,1.5183313553232274,1.7152724455982304,266,45,179,True
1,4,12,90,490,2.983205721973145,0.2983205721973145,-1.1846555986169742,7.319318752049661,66.53061224489795,30.292613211830087,-51.30256770298638,1.173738606222151,12,1461.770803766841,6.659861981629052,32.02915279527569,4.809281766443022,1.9236230021658312,2.20617634813792,216,47,227,True
1,4,12,95,490,3.163878435558427,0.3163878435558427,-1.4257076240039899,7.2172712566334365,66.12244897959184,30.984132969189655,-51.135895473456735,1.182634119360234,12,1550.3004334236293,6.8971647710605986,34.137747906378316,4.949533473466496,1.9906023222262612,2.290889206625848,200,47,243,True
1,5,8,45,295,0.7339971573457811,0.07339971573457811,-3.507945885516268,5.345506720898215,73.89830508474576,22.73727578496652,-61.56099947669736,1.045679359583077,5,216.5291614170054,15.772586573318367,10.791118275357414,0.6841692214016543,0.5248796169075967,0.7395241704781584,211,52,32,True
1,5,8,75,295,0.8165322521903348,0.08165322521903347,-4.920926377753986,6.063921429231822,63.05084745762712,34.51310085350919,-56.68403435189505,1.0389859488881956,9,240.87701439614875,9.112390885196268,6.5926213267745615,0.7234787675191532,0.4941872217777532,0.7334026024926836,146,66,83,True
1,5,8,90,295,1.8511696025041806,0.18511696025041807,-4.287004136998196,7.535186695645388,61.694915254237294,37.50324776722787,-55.5707616008561,1.086964786257187,10,546.0950327387333,7.490628105109379,13.714969271368238,1.830950499600056,1.035158664585066,1.6514053660312151,113,67,115,True
1,5,8,95,295,2.229797577862489,0.2229797577862489,-3.641131082410336,8.155431280069456,61.35593220338983,38.37108040186292,-55.15241462515574,1.1046208087648128,10,657.7902854694343,7.361784203672481,16.648080630337205,2.2614192660024166,1.2371366027038724,1.9973066804218182,104,67,124,True
1,5,9,45,295,0.19857292325918008,0.019857292325918006,-4.313314800628847,5.131702753333109,74.57627118644068,22.767770322823154,-66.00440611546182,1.011833353924683,5,58.579012361458126,17.576539586579184,2.8555145091175405,0.1624617004417587,0.13292620979314285,0.16973386670985507,213,48,34,True
1,5,9,75,295,0.5827128066197825,0.05827128066197826,-5.303751852084371,6.503433532237806,64.40677966101694,34.31040800664913,-60.44835469819524,1.0270833757591353,9,171.90027795283584,10.273769293890904,4.679547582111954,0.4554849781272152,0.32750543737212634,0.4536851068828943,148,60,87,True
1,5,9,90,295,1.5719607643415652,0.1571960764341565,-4.6011563362130365,7.948782486662688,63.05084745762712,37.21368809317979,-59.24786752156587,1.0718066219521836,10,463.72842548076176,8.118675331784699,11.580030280423358,1.4263447923687032,0.8310646682721362,1.2310949347586126,114,61,120,True
1,5,9,95,295,1.9622614325658556,0.19622614325658555,-4.4206721489679675,7.731004114768684,62.71186440677966,38.07980480447904,-58.78087969292449,1.089526193123121,10,578.8671226069274,8.562846385629534,14.571024321644854,1.7016566297508797,1.028564190392206,1.5474714247621881,105,61,129,True
1,5,10,45,295,-0.15695472479559366,-0.015695472479559366,-5.602813601426665,4.9705926182906826,74.91525423728814,22.74713984475245,-68.55972364195935,0.9908736812788885,5,-46.30164381470013,17.27889827717106,-2.2237543461955833,-0.12869769301979256,-0.09892522577139791,-0.11820286678061583,214,43,38,True
1,5,10,75,295,0.03898915954816125,0.0038989159548161244,-6.372444586805127,5.88840419837706,64.7457627118644,34.31686122973312,-62.91364127704152,1.0017578739427022,9,11.501802066707569,10.222634269753616,0.30919501304504937,0.030246119041926905,0.02077777349745975,0.027295210617430916,149,54,92,True
1,5,10,90,295,0.9062283112457094,0.09062283112457094,-5.603459149299003,7.0341862491540175,63.389830508474574,37.065777332459795,-61.70336119770831,1.0401168721138294,10,267.33735181748426,8.528029539110712,6.584998505855966,0.7721594391361171,0.4540819523421083,0.6327717389913307,114,55,126,True
1,5,10,95,295,1.2965289794700001,0.129652897947,-5.637854075600954,7.59430063653422,63.05084745762712,37.92644228315679,-61.209561612142316,1.0573269026120358,10,382.47604894365,7.628671799288994,9.497178726553269,1.2449321423735156,0.6457897220145835,0.9040876995030745,105,55,135,True
1,5,11,45,295,-0.3576556742231181,-0.03576556742231181,-5.619610050611087,4.804593614306116,75.59322033898304,22.75858245204854,-71.95378209309229,0.979634221666973,5,-105.50842389581985,19.09814444176041,-5.024692322487345,-0.26309845638722085,-0.2321561586629017,-0.32297114992332393,216,39,40,True
1,5,11,75,295,0.6317247417349613,0.06317247417349613,-5.858675245455546,7.241664147440211,65.76271186440678,34.32469226266914,-64.08546039748515,1.0287918134699325,9,186.35879881181359,10.57727586161245,5.078873279280494,0.4801683671419577,0.34358126514489035,0.47556402350384575,151,47,97,True
1,5,11,90,295,1.5211491828297214,0.15211491828297216,-5.4445204509256095,7.803480479071967,64.40677966101694,37.11746750326814,-62.891236349392166,1.0679539009736625,10,448.7390089347678,8.826114009659374,11.194054835396749,1.2682880396906135,0.7724953358908846,1.1481725583746938,116,48,131,True
1,5,11,95,295,1.9301489023220095,0.19301489023220095,-4.6898283938589085,8.314778316185295,64.0677966101695,37.99393094837135,-62.37225493450183,1.0861222801501536,10,569.3939261849928,8.407789808602192,14.323183717219102,1.703561107410742,0.9775394760286827,1.4671932886645989,107,48,140,True
1,5,12,45,295,-0.3393074070680276,-0.033930740706802756,-5.731416395843915,5.018062487306292,75.59322033898304,22.75858245204854,-71.87860516516518,0.9806588087622284,5,-100.09568508506814,17.75392611291055,-4.770608882177852,-0.26870726237328957,-0.2164413564319372,-0.2740651919973534,216,33,46,True
1,5,12,75,295,0.6388121506286293,0.06388121506286293,-5.626715688356679,6.622544355073581,65.76271186440678,34.32469226266914,-64.0647595497264,1.0291242405773744,9,188.44958443544564,9.635539336791037,5.136691864967946,0.5330985309099096,0.34064351401287896,0.42958927950898446,151,40,104,True
1,5,12,90,295,1.4943247273166087,0.14943247273166085,-4.577063039700652,7.956909541705323,64.40677966101694,37.11746750326814,-62.966600295833786,1.0666756801356791,10,440.82579455839954,7.928533147781554,10.990606832973015,1.3862093565249514,0.742368984784928,0.9914989206776872,116,41,138,True
1,5,12,95,295,1.903324446808896,0.19033244468088958,-4.525078436976016,8.407592241513106,64.0677966101695,37.99393094837135,-62.44690790031662,1.084823861186317,10,561.4807118086243,7.161229065712919,14.116397003669956,1.9712254522422028,0.9440262724011851,1.274160273560541,107,41,147,True
2,2,8,45,1655,0.1923810703089249,0.01923810703089249,-0.8733514573493023,1.3010970402072797,79.63746223564955,9.605682181701928,-36.62284404783938,1.0257975442597254,52,318.39067136127073,2.44732629247914,1.486465110561963,0.6073832962649924,0.4371955512839919,0.6162785287105287,1290,87,278,True
2,2,8,75,1655,0.3452533821678238,0.03452533821678238,-0.9421011772775438,1.7348834350604105,68.21752265861028,15.33272112847082,-31.82366503147491,1.0341350073844997,83,571.3943474877484,1.7069592763560448,1.6722038939827932,0.9796390090527255,0.6418265686808047,0.8523514178017669,978,111,566,True
2,2,8,90,1655,0.42871272675368055,0.042871272675368055,-0.9910169606822047,1.690416487361835,64.7129909365559,17.439831703701714,-30.76804827377945,1.0394867671608452,89,709.5195627773413,1.6646301176724105,1.9379361612561707,1.1641842477089828,0.7547904518785099,1.0462128366421481,843,117,695,True
2,2,8,95,1655,0.41776624862043216,0.04177662486204321,-0.986917457177704,1.7374883756356838,63.86706948640484,17.964532354337557,-30.597169827872875,1.037787565018698,90,691.4031414668152,1.7651904296734064,1.8670890453380107,1.0577266984636085,0.7090343745661063,0.9701735443676238,800,119,736,True
2,2,9,45,1655,0.587475042271763,0.0587475042271763,-0.5441257780051924,1.6836279724704306,80.12084592145014,9.675420909577461,-36.0405377846199,1.0819974333702511,52,972.2711949597676,2.1163536654937145,4.579636469938442,2.163927770961702,1.3012850620615666,1.7430135655319703,1298,68,289,True
2,2,9,75,1655,0.7014984732020854,0.07014984732020853,-0.6686086585323777,2.0181849886170626,68.70090634441087,15.47678731023557,-31.72997528685018,1.070635859598918,83,1160.9799731494513,1.491792536891963,3.414713595004648,2.2890003204594027,1.224322337212374,1.5716063592704121,986,91,578,True
2,2,9,90,1655,0.7840810827661037,0.07840810827661038,-0.8277779142037263,2.3264716935134895,65.19637462235649,17.630303777477,-30.77333955541629,1.073208559539526,89,1297.6541919779015,1.4676210924436095,3.560884534794151,2.426296918958305,1.2928588977341589,1.7201166548980336,851,97,707,True
2,2,9,95,1655,0.75773650766549,0.07577365076654899,-0.72348682093482,2.2810298368273845,64.35045317220543,18.14842522937742,-30.633930422204347,1.0693843424485727,90,1254.0539201863858,1.6051324864676135,3.4014563135456033,2.1191124983278655,1.211462792158868,1.5905203294673707,807,99,749,True
2,2,10,45,1655,0.6029149967557027,0.060291499675570265,-0.5862261826799994,1.6568864799283463,80.18126888217523,9.675434468816553,-36.10206469661244,1.084265189304607,53,997.824319630688,1.8907886537291627,4.611738062470416,2.4390552869961337,1.315057337924366,1.70457566986595,1299,56,300,True
2,2,10,75,1655,0.7046083672616739,0.07046083672616739,-0.8219132282857788,2.046043705228558,68.76132930513596,15.477852544028348,-31.813673785853368,1.0708992151529648,84,1166.1268478180702,1.416306027355081,3.3887689545349486,2.3926813055109264,1.219119712882962,1.5595399078125183,987,75,593,True
2,2,10,90,1655,0.7530361760240509,0.07530361760240509,-0.6472568041826897,2.1985491931553565,65.25679758308158,17.632670929571653,-30.95132127411753,1.0700272062578966,90,1246.2748713198043,1.4669368047200035,3.380150865542153,2.3042239138497362,1.2262686257607451,1.6345836550389485,852,81,722,True
2,2,10,95,1655,0.7601088917181459,0.07601088917181459,-0.7266542924405072,2.286102132729219,64.41087613293051,18.15143117468832,-30.715527022791537,1.0695345334127633,91,1257.9802157935314,1.5270369781505608,3.374348800196403,2.209736141611433,1.215590686486524,1.634068567794479,808,82,765,True
2,2,11,45,1655,0.5965458946307287,0.05965458946307287,-0.510023371760144,1.7333724549192708,80.2416918429003,9.678500499578512,-36.28674375482082,1.0832043646846026,53,987.283455613856,2.070992574516107,4.562382488495209,2.202993165999749,1.2803869644814712,1.5764818023087048,1300,48,307,True
2,2,11,75,1655,0.6421042482089928,0.06421042482089928,-0.7651840509435093,2.1524677321882946,68.82175226586102,15.484847586162209,-32.12123811986991,1.0641152828941212,84,1062.682530785883,1.5758582713939318,3.0854810220681372,1.9579686054754548,1.0913466176957771,1.351587250295482,988,66,601,True
2,2,11,90,1655,0.6571937132293146,0.06571937132293146,-0.9390762320578617,2.2378105476703554,65.31722054380664,17.64253362680738,-31.330876751192093,1.0604793281177385,90,1087.6555953945158,1.659759478652693,2.9462817614349657,1.7751257331734625,1.0437202827028071,1.3343615289178845,853,72,730,True
2,2,11,95,1655,0.6591983606669944,0.06591983606669945,-0.7980714380579553,2.184628761585004,64.47129909365559,18.162451945543367,-31.10265805950833,1.059653960857148,91,1090.9732869038758,1.717732177532897,2.922594860332861,1.7014263914706744,1.028452268471048,1.3232234060398693,809,73,773,True
2,2,12,45,1655,0.42573942756379934,0.042573942756379934,-0.7331427904115034,1.5957352656902242,80.30211480362539,9.674749960929649,-37.27958265477736,1.0579766647856952,53,704.5987526180879,2.2346823479231412,3.2438555496710597,1.451595817493175,0.8817930884186768,1.0428347139273044,1300,45,310,True
2,2,12,75,1655,0.46380873413276086,0.04638087341327608,-1.0578816091657124,1.8101078238800459,68.8821752265861,15.475381960766665,-32.76569316560054,1.0454894129075198,84,767.6034549897192,1.7050327678246213,2.223208779788588,1.3039097087999578,0.7737133848006602,0.9300781388527669,988,59,608,True
2,2,12,90,1655,0.472905712472663,0.0472905712472663,-1.1676291653889825,1.9826001360287324,65.37764350453172,17.63056643735122,-31.926027802917563,1.0427831787142348,90,782.6589541422572,1.8123927649707505,2.1150331703539083,1.1669838962240846,0.7391570331399435,0.915216391920701,853,64,738,True
2,2,12,95,1655,0.4688656469194061,0.04688656469194061,-1.1503547746504519,1.974208839172097,64.53172205438067,18.149841067912,-31.70026850916252,1.041700894403464,91,775.9726456516171,1.8686271293213133,2.0736732487512066,1.1097308907766774,0.7185734946737901,0.8943819563193148,809,65,781,True
2,3,8,45,831,1.5843084317617127,0.1584308431761713,-0.2719753196538562,3.3192973619599595,79.30204572803851,13.974862659848506,-45.88880340724525,1.1668036605881202,20,1316.5603067939833,2.863872379003053,16.661041062859326,5.817661843108814,2.4082937855428863,3.1829738770341427,638,72,121,True
2,3,8,75,831,1.4445955206540406,0.14445955206540406,-1.054002644275536,3.840008556784132,67.50902527075813,21.832972265515878,-40.91792060478111,1.1086600669249749,26,1200.4588776635078,3.091980530375634,11.528138039927116,3.72839929833795,1.6624342986807077,2.4889830094551577,464,96,271,True
2,3,8,90,831,2.080609143846185,0.20806091438461852,-0.28798244094694253,4.447200998611017,65.58363417569194,24.354118214653536,-40.363665134440545,1.1497734724647133,27,1728.9861985361797,2.9802978700828717,16.187615794202024,5.431542919484053,2.2555345645609934,3.268522786647751,389,100,342,True
2,3,8,95,831,2.1508583566415376,0.2150858356641538,-0.44296324350828503,4.57621654486488,65.1022864019254,24.891652357457538,-40.27248493453589,1.1530405117722375,27,1787.3632943691177,2.8843105870471777,16.759124702979598,5.810443846873234,2.300152688180153,3.38973518212342,367,101,363,True
2,3,9,45,831,1.7163927185225434,0.17163927185225433,-0.4531168601727426,3.7840160630466744,79.78339350180505,14.083933795836709,-47.09122474730657,1.1802886637213117,21,1426.3223490922335,2.6737121989102723,17.215335044978787,6.4387390131201325,2.517657314323812,3.2181458817086512,642,61,128,True
2,3,9,75,831,1.8440546090137773,0.18440546090137772,-0.5876498601339648,4.399401358471532,68.23104693140795,22.00815815682017,-41.462940510706765,1.1399944363254266,27,1532.4093800904488,2.9887824191707857,14.27521497926747,4.776264370301006,1.9980895509453616,2.8115749488412876,468,80,283,True
2,3,9,90,831,2.48462724295585,0.248462724295585,-0.04868647299632397,4.972614047969984,66.30565583634176,24.586437747517234,-41.0085784285203,1.17981649188833,28,2064.725238896311,2.8548593331708125,18.765455346843083,6.573162862634222,2.513453171398019,3.4663360498340765,393,84,354,True
2,3,9,95,831,2.530324503465348,0.2530324503465348,0.042040142000394014,5.087294367559937,65.82430806257521,25.10076421376746,-40.9416139526447,1.180839770000188,28,2102.699662379704,2.7543649097529355,19.128390144068398,6.944755241521066,2.555836798156895,3.5221764359050525,370,85,376,True
2,3,10,45,831,2.0234494244181613,0.20234494244181614,-0.1609855798923332,3.874519309823065,80.14440433212997,14.069795370870514,-46.59998330489861,1.218687355196741,21,1681.4864716914922,2.6030982718630025,20.465121588763857,7.86183211366709,2.8586101961662456,3.3612784377822846,645,48,138,True
2,3,10,75,831,1.91234207929401,0.191234207929401,-0.7541628286207993,4.602940333135605,68.47172081829122,21.994229260734773,-41.7006113796365,1.1454530698196446,27,1589.1562678933224,2.7900734537634633,14.825367826584701,5.313612014976566,1.979043457349764,2.5960607341646256,469,66,296,True
2,3,10,90,831,2.5641528507127433,0.2564152850712743,-0.2059967446300932,5.128677145172193,66.54632972322503,24.57106271964877,-41.21218224828589,1.1859835470916056,28,2130.8110189422896,2.722969732603019,19.39747848294202,7.123648217859193,2.483052081995326,3.257245964321706,394,69,368,True
2,3,10,95,831,2.599648631335648,0.25996486313356476,-0.0938960116159359,5.187107462750191,66.06498194945848,25.086184116992378,-41.17733002691096,1.1860408799327822,28,2160.3080126399236,2.6862699971915958,19.68021324904834,7.326223078701447,2.536492352115998,3.3094037694705807,371,70,390,True
2,3,11,45,831,1.6372815637959064,0.16372815637959065,-0.4246062834529264,3.7376291067526295,80.26474127557161,14.069311604678349,-48.924694273207685,1.1695713301449715,21,1360.5809795143982,3.042442285589426,16.38648048255693,5.385962639347915,2.1919275239381673,2.4629318748505984,646,46,139,True
2,3,11,75,831,1.5152694607030022,0.1515269460703002,-1.0329313489724499,4.281270994291868,68.59205776173285,21.99677483314488,-43.2144549158942,1.111640390631911,27,1259.1889218441947,3.116659066001688,11.648035502993736,3.7373467088707955,1.5060580944791324,1.864025499767773,470,62,299,True
2,3,11,90,831,2.1670902156197327,0.21670902156197325,-0.5894924523605426,5.014897079918986,66.66666666666666,24.577783268243977,-42.65429588962875,1.1524177227935433,28,1800.8519691799977,3.0466736209460157,16.26143373521003,5.337438714607287,2.0223717867066475,2.514865480646038,395,64,372,True
2,3,11,95,831,2.1924925510388267,0.21924925510388268,-0.7544297556605379,4.743331654163998,66.18531889290013,25.09495577073789,-42.63439275442198,1.152080225824505,28,1821.9613099132648,3.0125472181408743,16.46059988987234,5.4640139051598435,2.055750328949763,2.55270983801432,372,65,394,True
2,3,12,45,831,1.851657957887925,0.1851657957887925,-0.2300802685188753,4.05047076412709,80.50541516245488,14.07130187313941,-48.610945618058025,1.195394666858588,21,1538.7277630048657,3.253104337217863,18.640517082168785,5.730070464973351,2.372924396636997,2.5487248346717957,648,39,144,True
2,3,12,75,831,1.9842203011742834,0.19842203011742834,-0.7147922658522149,4.443220774349668,68.95306859205776,21.98953922464817,-42.44619730793634,1.1505679085865461,27,1648.8870702758295,3.38586843168747,15.40612348507253,4.550124671381377,1.8903289402126109,2.269597301120803,472,51,308,True
2,3,12,90,831,2.5957697253103453,0.2595769725310345,-0.19363211485952805,5.244611967164168,67.02767749699157,24.532277873535456,-41.997788809585224,1.187452051841353,28,2157.084641732897,3.240719751169506,19.649297491697748,6.063251067793424,2.323524096510317,2.8145126122975883,396,53,382,True
2,3,12,95,831,2.6114178428800523,0.2611417842880052,-0.3025598185437361,5.430274690297722,66.54632972322503,25.049748216681895,-42.02310264889123,1.185756697352224,28,2170.0882274333235,3.2866156389169885,19.774045185430154,6.016537179244401,2.343712643584961,2.8452652130560963,373,54,404,True
2,4,8,45,473,1.5815813468648923,0.15815813468648923,-1.365913213205477,4.923588971460779,75.68710359408034,18.632371537313965,-51.49826985470701,1.1263171143887876,7,748.087977067094,10.580084240381124,27.817666779259476,2.629248137088312,1.4582259598656113,1.9257979940302177,343,59,71,True
2,4,8,75,473,2.220868213355419,0.2220868213355419,-1.770936742210378,5.961808740044453,65.3276955602537,28.39781428912563,-47.10032896599211,1.1359928703904862,11,1050.4706649171133,7.139835476040392,24.66634546111397,3.454749838968758,1.6596307771401877,2.357361271279825,249,74,150,True
2,4,8,90,473,3.2326066931613395,0.32326066931613395,-0.6967366068969134,7.429519022068899,64.2706131078224,31.268291286561407,-47.19844724999617,1.191690059693678,12,1529.0229658653136,5.752246099163725,33.62917345678154,5.846268201506647,2.3976013314999296,3.4340903105083607,203,77,193,True
2,4,8,95,473,3.115359294184065,0.3115359294184065,-0.8556159007221686,6.858931150964606,63.8477801268499,31.657885773142752,-47.29307928269035,1.1822114143775535,12,1473.5649461490627,6.155682958884802,32.30893462053312,5.24863525888708,2.2474430537177366,3.127259365756382,186,78,209,True
2,4,9,45,473,2.153043332367455,0.2153043332367455,-0.9398558408991787,5.193039597118213,76.95560253699789,18.78457740083107,-53.387125483419304,1.1750051686882654,7,1018.3894962098062,9.666821485133651,38.86396665122416,4.020345954561385,1.7829819117717347,2.264435158517296,349,50,74,True
2,4,9,75,473,3.1143373750103502,0.311433737501035,-0.6701109095462151,7.011141563731738,66.8076109936575,28.604141905772735,-48.18998257225662,1.1947019839349866,12,1473.0815783798957,6.2844090598166975,32.29746129760676,5.13929965255139,2.0614511253494188,2.8890812135180393,253,62,158,True
2,4,9,90,473,4.1604840074676686,0.41604840074676686,-0.12638023149889327,8.408918602999345,65.75052854122622,31.562160238595318,-48.44396851031441,1.2507553859716791,13,1967.9089355322071,5.721345473422475,40.59722625325421,7.095748096639442,2.668469127929296,3.9248064507746996,207,65,201,True
2,4,9,95,473,4.0983534383580595,0.409835343835806,0.13534005346796293,8.142215059557143,65.3276955602537,31.91385637643479,-48.31012465838407,1.24467440642824,13,1938.521176343362,6.09465510030592,39.93088986136905,6.551788280745325,2.646928688402318,3.738048532308172,189,65,219,True
2,4,10,45,473,1.5942260060526625,0.15942260060526625,-1.9683572480838152,5.062846607665888,76.95560253699789,18.78457740083107,-55.81208507375781,1.1239527837300183,7,754.0689008629093,11.440988857410025,28.05629293470304,2.452261188641201,1.256115490451224,1.513827372813563,349,46,78,True
2,4,10,75,473,2.3017187801966146,0.23017187801966146,-1.870568925277374,6.267326006364118,66.8076109936575,28.604141905772735,-50.63819018593111,1.1369416555661762,12,1088.7129830329986,7.5096325913051265,23.357933458657488,3.11039630430149,1.4601027773545605,1.9353669267261042,253,58,162,True
2,4,10,90,473,3.329658176570484,0.33296581765704836,-1.2040455300826034,7.573757462694887,65.75052854122622,31.562160238595318,-50.869774794353724,1.1911111220182464,13,1574.9283175178389,6.300605041654304,31.839791104851823,5.053449770990864,2.0534083196670534,2.8330903248727117,207,60,206,True
2,4,10,95,473,3.2675276074608743,0.32675276074608745,-0.9832425171369358,7.259450047530887,65.3276955602537,31.91385637643479,-50.70634793895949,1.1858549901095947,13,1545.5405583289935,6.679672507165097,31.19813595306271,4.670608614359065,2.023864951711584,2.7049050800272303,189,60,224,True
2,4,11,45,473,2.176494565903141,0.21764945659031415,-1.4799043104702398,5.38455585361761,77.80126849894292,18.788626257299367,-56.0450717429903,1.1749411589900953,7,1029.4819296721857,10.264224617709287,39.32877162603343,3.831635909270525,1.7540943770636213,2.219993781114677,353,38,82,True
2,4,11,75,473,3.126539681247782,0.3126539681247782,-1.0535530269400055,7.403571462962161,67.65327695560254,28.66710135791186,-50.291628531382976,1.1921931725872796,12,1478.8532692302008,7.116280251425497,32.4344975177034,4.557788110046156,1.9959356872413263,2.7784596180225254,257,48,168,True
2,4,11,90,473,4.0486694139891055,0.40486694139891055,-0.4369811590126079,8.222808579282276,66.38477801268499,31.59971217016223,-50.36030810449115,1.2391596750835265,13,1915.020632816847,6.48715777256096,39.39937486848215,6.073441752123181,2.5240353840385596,3.733573130372157,209,50,214,True
2,4,11,95,473,3.9978672381107434,0.39978672381107433,-0.6409207441930476,8.355936729188734,65.96194503171247,31.965441466488873,-50.200164806945004,1.2339690920182185,13,1890.9912036263815,6.86804413007511,38.85712386735128,5.657669509896746,2.5034389482672257,3.579255585335504,191,50,232,True
2,4,12,45,473,1.8784808824136203,0.18784808824136204,-1.8113312379795807,5.545012722640835,77.80126849894292,18.788626257299367,-57.38755243147167,1.1474554804898724,7,888.5214573816424,10.278618102070581,33.48970440446768,3.2581913319380287,1.4719783527998267,1.7432173231415922,353,35,85,True
2,4,12,75,473,3.1692405914743054,0.31692405914743055,-0.9083843226597832,7.514645775909445,67.8646934460888,28.61412222433938,-50.56633180424733,1.1950344421350825,12,1499.0507997673465,6.83987615059072,32.914698858437184,4.81217760874143,1.9965307059391453,2.555727185075694,257,42,174,True
2,4,12,90,473,4.0490701127991375,0.40490701127991374,-0.29693489965115066,8.199141642676809,66.59619450317125,31.536414034641545,-50.75164719973477,1.2388411801623336,13,1915.2101633539921,5.894076463202802,39.40365676324093,6.685297859510503,2.4956782108550315,3.3604261836410103,209,44,220,True
2,4,12,95,473,3.9982679369207763,0.3998267936920776,-0.4183881419217925,8.37125364087012,66.17336152219873,31.900570405832823,-50.58561126788841,1.233660902621637,13,1891.1807341635272,6.192930921492245,38.861395988756264,6.2751218254170755,2.469177979766808,3.2244172011677197,191,44,238,True
2,5,8,45,287,0.32556259108971064,0.032556259108971065,-4.518575325911699,5.20367541635923,73.17073170731707,23.016565655619775,-61.55899122126502,1.0197121580895843,5,93.43646364274696,16.92565651624865,4.577097830558974,0.27042365099191007,0.2256421004713037,0.3021365833697897,203,52,32,True
2,5,8,75,287,0.5127286894792273,0.05127286894792273,-5.429444775319605,6.046629277628658,62.36933797909408,34.8867387853006,-56.45901026563214,1.0241330659358332,9,147.15313388053823,8.936800378099901,3.998131008577177,0.4473783501279504,0.3051052822510959,0.4474909696588313,139,65,83,True
2,5,8,90,287,1.818429603766357,0.1818429603766357,-3.9535498808198786,7.885941709189345,60.97560975609756,38.4022784086251,-55.34383415382543,1.0841959349382952,10,521.8892962809444,6.553426886775056,13.085095564181382,1.9966798730275546,1.013324430665532,1.600718052020659,108,66,113,True
2,5,8,95,287,1.8739308143829436,0.18739308143829436,-4.184055403844625,8.160596278209965,60.62717770034843,38.75980905360557,-54.92379319999526,1.086655569873539,10,537.8181437279048,7.0946286665003955,13.499359996868732,1.9027577948667511,1.0277605906621672,1.6452434277528758,98,66,123,True
2,5,9,45,287,0.3362732698080723,0.03362732698080723,-5.044899816913437,5.212698701734899,74.21602787456446,23.266902588855697,-65.66675436474793,1.0198608107171865,6,96.51042843491675,15.33744089498107,3.9325290270257884,0.256400598636546,0.20625600895942986,0.2684572409596067,206,47,34,True
2,5,9,75,287,1.0332052979677844,0.10332052979677843,-4.9833624058957176,7.124617660134142,64.11149825783971,35.11837243564655,-59.8568020159438,1.0480969776231295,10,296.52992051675415,8.734738826342797,7.319006753253721,0.8379193584106466,0.5411582027163504,0.787403119835937,142,58,87,True
2,5,9,90,287,2.3747000582522886,0.23747000582522884,-4.082010255519048,8.240366353387449,62.7177700348432,38.6540546716711,-58.65598994562981,1.1085911701781432,11,681.5389167184069,6.501724205755933,15.639773126812951,2.4054808589031147,1.193102165290817,1.7983789839504956,110,59,118,True
2,5,9,95,287,2.382573490495443,0.23825734904954432,-3.8655267057062455,8.334907342996104,62.36933797909408,38.926640906846906,-58.18583454216117,1.1088146022507823,11,683.7985917721921,6.943025462358733,15.69385212115022,2.2603765759226517,1.2055155026511928,1.8125278893201175,99,59,129,True
2,5,10,45,287,0.0056925862674509645,0.0005692586267450965,-5.523922724743196,5.2039871804682525,74.56445993031359,23.243264888296547,-68.11540977858496,1.0003285665016706,6,1.6337722587584267,16.76988425250416,0.06583244378450814,0.003925634953304924,0.003301382356458719,0.003999182492460287,207,42,38,True
2,5,10,75,287,0.5440398767617621,0.05440398767617621,-5.025848863396543,6.870839648049408,64.45993031358886,35.12066757716029,-62.16847114847087,1.0246230740542401,10,156.13944463062575,9.35756486715465,3.816080881385453,0.4078070454825291,0.27219160139790877,0.37203157862385167,143,52,92,True
2,5,10,90,287,1.7601248886938303,0.17601248886938303,-4.664725789799643,8.182974357250455,63.06620209059234,38.49328296541071,-60.96347522343592,1.0781717437109855,11,505.1558430551293,7.922474804716212,11.464180656785983,1.4470453916699628,0.8479908324744023,1.1938508342287977,110,53,124,True
2,5,10,95,287,1.767998320936984,0.1767998320936984,-4.5287512559699445,9.122213725481712,62.7177700348432,38.763461656467435,-60.46736056126377,1.0784257996347792,11,507.4155181089144,7.217568392723478,11.517106181301973,1.5957044747803362,0.8561973460978834,1.1953334436115273,99,53,135,True
2,5,11,45,287,-0.1657456718549158,-0.01657456718549158,-5.468981266968588,5.3848373265510405,75.26132404181185,23.2504845704259,-71.40385457794864,0.990616948768002,6,-47.56900782236083,17.280761830877847,-1.9056569991993566,-0.11027621454710779,-0.09833466584654636,-0.13384611213504,209,38,40,True
2,5,11,75,287,1.223011990856209,0.12230119908562088,-5.552249624220678,7.4050090629630505,65.50522648083623,35.115921839645964,-63.1392814593708,1.05615362300436,10,351.004441375732,9.659162758026989,8.696601222129363,0.9003473116655256,0.628111955977783,0.91471406378683,145,45,97,True
2,5,11,90,287,2.461900697464854,0.2461900697464854,-3.7647704698449083,9.12751112570806,64.11149825783971,38.523384136903815,-61.95861340794066,1.1107167970304468,11,706.5655001724131,8.13644061798246,16.23954164210968,1.9959024350547636,1.2194229149524654,1.8552906581310782,112,46,129,True
2,5,11,95,287,2.488994408885914,0.2488994408885914,-4.477016605984272,8.998313638469753,63.76306620209059,38.819441435733125,-61.438619109508686,1.1117972272576715,11,714.3413953502572,7.413152373585043,16.426263469682656,2.2158270384693064,1.2397899080894186,1.88068342022635,101,46,140,True
2,5,12,45,287,-0.11202881188714069,-0.011202881188714068,-5.441279844985397,5.087208706968919,75.26132404181185,23.2504845704259,-71.18671741160003,0.9936385764678536,6,-32.15226901160938,15.879802391811404,-1.2904027268128337,-0.0812606287517938,-0.06528313741972634,-0.0803794838988752,209,32,46,True
2,5,12,75,287,1.3000112439002218,0.13000112439002218,-5.319561482532774,7.587675675064433,65.50522648083623,35.115921839645964,-62.91606140256644,1.0599007531721671,10,373.10322699936364,8.81175719338563,9.258391878291183,1.050686222407582,0.65835400707863,0.8574792245341335,145,38,104,True
2,5,12,90,287,2.504042807651723,0.2504042807651723,-4.915433347020557,9.483192814644081,64.11149825783971,38.523384136903815,-61.8411883047986,1.1128258450294939,11,718.6602857960445,7.370896627253288,16.530048481609217,2.2426102708442164,1.2271537365297107,1.6808922943191145,112,39,136,True
2,5,12,95,287,2.5311365190727835,0.25311365190727836,-4.411845918300814,10.060746412515401,63.76306620209059,38.819441435733125,-61.322323093896856,1.113905718605926,11,726.4361809738889,6.637017093449732,16.71704367859148,2.5187585692810743,1.2444657818160865,1.7048332142780394,101,39,147,True
3,2,8,45,1465,0.8292538887357557,0.08292538887357556,-0.354145626632876,1.9784237088879137,80.2047781569966,10.081884223658808,-36.65985177862488,1.1142711081183954,40,1214.856946997882,1.9235229886533096,7.5000998146775855,3.8991474803888515,1.909923063049834,2.8714183757582665,1153,77,235,True
3,2,8,75,1465,0.8724882406156834,0.08724882406156835,-0.5456955547237643,2.2742698274197832,68.05460750853243,16.14916880777274,-31.67206416420394,1.086233295864306,64,1278.1952725019762,1.5259449572942194,4.896131492014422,3.2085898436966964,1.5517314414440588,2.1666589661578373,863,100,502,True
3,2,8,90,1465,1.1039496391048456,0.11039496391048456,-0.49082633789900676,2.5787546881576353,64.7098976109215,18.378974152727764,-30.572497631522864,1.1023211525497465,70,1617.2862212885987,1.6309193518343712,5.6764884771735025,3.4805451727511176,1.8406076328049188,2.6474405981921922,751,105,609,True
3,2,8,95,1465,1.0518040763400829,0.10518040763400828,-0.4388462589134074,2.5269195145229193,63.75426621160409,18.99882316137724,-30.516022336889115,1.0950933241372647,71,1540.8929718382215,1.707527455805008,5.326941191228651,3.1196811349175544,1.6913652385001643,2.409524350040233,711,108,646,True
3,2,9,45,1465,0.9739284029403762,0.09739284029403761,-0.26393064463700167,2.1335558351553265,80.4778156996587,10.10227108816482,-36.656547212023334,1.1360965349017766,40,1426.8051103076511,2.170530901058004,8.841262558107399,4.073317985842916,2.1987622380772907,3.2526427052666245,1157,63,245,True
3,2,9,75,1465,0.9746564612344653,0.09746564612344653,-0.5436280923748583,2.4461295474961133,68.32764505119454,16.193933451476653,-31.858309631938873,1.0965936287167375,64,1427.8717157084916,1.7184252764030874,5.47845722956295,3.188068346521388,1.689368874366875,2.3857682948074097,867,84,514,True
3,2,9,90,1465,1.1873473591882973,0.11873473591882971,-0.4507869276199284,2.7528095212978263,64.98293515358363,18.44033066920207,-30.82988482625636,1.1099831484528786,70,1739.4638812108553,1.691561650780645,6.112796348012517,3.613700006258418,1.9359005245971332,2.7344320407469125,755,89,621,True
3,2,9,95,1465,1.1198400709891185,0.11198400709891185,-0.44328653201394613,2.8352339224432916,64.02730375426621,19.066455442707216,-30.82309203275201,1.100996613124298,71,1640.5657039990585,1.9319087142700573,5.67710525846028,2.9385991255830577,1.7518055383716287,2.4428073038530034,715,92,658,True
3,2,10,45,1465,1.062363345701039,0.10623633457010392,-0.13793612069945588,2.23812728710255,80.54607508532423,10.101924599123876,-36.3645920193479,1.1501713632059036,41,1556.3623014520222,1.8877946122134694,9.42388881915106,4.992009595843373,2.3941145821461474,3.5289729810771826,1159,51,255,True
3,2,10,75,1465,1.0097996726990677,0.10097996726990677,-0.5121713131838985,2.472966445930293,68.39590443686006,16.19442755318817,-31.85196520041126,1.1003126322607535,65,1479.356520504134,1.6343428122140993,5.590431745009039,3.4205992177586615,1.739054298200709,2.4749133997940707,868,69,528,True
3,2,10,90,1465,1.190734805924766,0.1190734805924766,-0.36562416401075515,2.811118642176154,65.05119453924915,18.442163300230924,-30.91983424695369,1.1101908555652953,71,1744.426490679782,1.7024968757707073,6.042707703350669,3.5493208765009814,1.9253420709884979,2.738882700788293,756,74,635,True
3,2,10,95,1465,1.1541501226847968,0.11541501226847968,-0.5775808996009375,2.830768129630776,64.09556313993174,19.068890274962904,-30.826726308853495,1.1042765792782812,72,1690.8299297332273,1.8438881158012974,5.771304923628673,3.1299648141181495,1.8136124225490728,2.6432546088681725,716,76,673,True
3,2,11,45,1465,1.0465941946811086,0.10465941946811086,-0.18964261172949287,2.2340875403528653,80.61433447098976,10.105011134874573,-36.622386109433265,1.147418154143711,41,1533.260495207824,2.08596128194558,9.280358905944164,4.4489602881259405,2.3550320618999274,3.410797952894643,1160,44,261,True
3,2,11,75,1465,0.9674987919456729,0.09674987919456729,-0.6704949938849509,2.4625673565100055,68.46416382252559,16.20165664389735,-32.10579195590613,1.0955570410836384,65,1417.3857302004108,1.7139381095368629,5.35266354024686,3.123020318215135,1.6564803109210398,2.3585905778437124,869,60,536,True
3,2,11,90,1465,1.1176005061317116,0.11176005061317115,-0.5195882783704473,2.6403892177496338,65.11945392491467,18.452490431615793,-31.24538381659199,1.1025456991579035,71,1637.2847414829575,1.834905324187165,5.665567937446858,3.0876622694179705,1.7854822716378569,2.478471150964246,757,65,643,True
3,2,11,95,1465,1.0684617935645297,0.10684617935645298,-0.6201472869793113,2.7944884633129945,64.16382252559727,19.080424001986373,-31.181527684371726,1.0956180603322283,72,1565.296527572036,1.9882172582622544,5.336288964051872,2.683956666142163,1.6566932886500454,2.352869009111154,717,67,681,True
3,2,12,45,1465,0.8986169712769124,0.08986169712769124,-0.3495607244817685,2.2013720621432764,80.68259385665529,10.100433320577084,-37.5344110318072,1.1239356360696515,41,1316.4738629206768,2.449178228877095,7.938856078656431,3.2414366521199467,1.9497371406716628,2.716237136780241,1160,42,263,True
3,2,12,75,1465,0.811206888686145,0.0811206888686145,-0.7913697129149253,2.405857283195377,68.53242320819113,16.190194868988332,-32.68229404889172,1.0788779829118345,65,1188.4180919252024,1.9851684672603263,4.47688952629357,2.255168566359507,1.3660108081818987,1.9045070762836875,869,55,541,True
3,2,12,90,1465,0.9613676025608561,0.09613676025608561,-0.8641601349149656,2.6679146768712703,65.18771331058021,18.438083671619587,-31.764639938519707,1.0869386704701816,71,1408.403537751654,2.113556024083252,4.862542008315041,2.3006449570808765,1.5105446327067746,2.068904211977686,757,59,649,True
3,2,12,95,1465,0.8985715521097148,0.08985715521097148,-0.8223089861597648,2.438573768193161,64.2320819112628,19.065135596708217,-31.724971894392564,1.0791877050550622,72,1316.4073238407323,2.253107774102164,4.476909315668776,1.986992973495362,1.3671252688252111,1.9098299741440359,717,61,687,True
3,3,8,45,778,2.628476854167857,0.2628476854167857,0.6702850625335716,4.666164402236059,80.20565552699229,14.418717955892298,-45.14496760996235,1.2941397286565672,14,2044.9549925425927,2.6003386164691555,39.035159693154675,15.011567895783584,3.922976559243156,5.755221505853137,606,63,109,True
3,3,8,75,778,2.6062699913101914,0.26062699913101917,0.08922433491777447,5.070164236083438,68.12339331619538,22.67351541310839,-40.279375466564986,1.2029853017260277,20,2027.6780532393288,2.9712949786511937,26.29177381052219,8.848590934063782,2.910710095919615,5.087671839197239,441,87,250,True
3,3,8,90,778,3.0706946812807767,0.30706946812807767,0.3001805432831953,5.578175696882826,65.80976863753213,25.157572232956742,-39.44239293698274,1.2277043575638835,21,2389.0004620364443,3.2490385260647243,29.750003713059357,9.15655615481203,3.196759012496805,5.391077579011234,367,91,320,True
3,3,8,95,778,3.2374911221482834,0.3237491122148284,0.3979831699544023,5.707842787459863,65.29562982005142,25.876883891405875,-39.35810712519563,1.2370228498351499,21,2518.7680930313645,3.278443960751729,31.496965539614784,9.607291116360184,3.334749795770112,5.653085745877722,347,92,339,True
3,3,9,45,778,2.3792859334496854,0.23792859334496852,0.19483001527611005,4.483426556453801,80.33419023136247,14.450175316894779,-46.92990272441426,1.2578013274009059,15,1851.0844562238553,2.9701351472343602,32.48234216133534,10.936317895022809,3.5420199742732263,5.367310389103879,607,56,115,True
3,3,9,75,778,2.559948517872146,0.2559948517872146,-0.0025637853245928568,5.251827201872344,68.50899742930592,22.68067791284839,-41.21290359446394,1.1972475106441813,21,1991.6399469045296,3.2740494612355517,24.48560459425899,7.478691108416756,2.85119139965981,5.078703694062374,442,75,261,True
3,3,9,90,778,2.987882877329639,0.2987882877329639,0.08365856288593652,5.577589358856366,66.19537275064268,25.173090611136722,-40.454634167958,1.2184837492270781,22,2324.572878562459,3.228237431013375,27.48092854752604,8.512672668843788,3.1041234993239035,5.121799678235786,368,79,331,True
3,3,9,95,778,3.146802078634513,0.3146802078634513,0.4206592818953894,5.960029280851283,65.68123393316195,25.89588494308418,-40.39170482673545,1.2270103090969284,22,2448.212017177651,3.3411800131457317,29.052862911626764,8.695389891391516,3.2411916230940148,5.440401396408746,348,80,350,True
3,3,10,45,778,2.561023764244369,0.2561023764244369,0.4241617769149378,4.42259034371689,80.59125964010283,14.44448316920218,-46.782877208659905,1.2820520951459113,15,1992.4764885821191,3.1915435903010962,35.18535763635702,11.024558067539214,3.7455954611752746,5.426785347022614,609,45,124,True
3,3,10,75,778,2.5531718230265428,0.25531718230265427,-0.19055086468562202,4.999681797995651,68.76606683804627,22.663349723344382,-41.72232273117116,1.1959227591025239,21,1986.3676783146502,3.54417015772693,24.416613655584452,6.889232900500511,2.744104337730527,4.529345574765618,443,63,272,True
3,3,10,90,778,2.9931099000201606,0.29931099000201605,0.2325667193931015,5.772787977959067,66.45244215938303,25.154375531565158,-40.904876044457865,1.2181155718513412,22,2328.639502215685,3.4540277496606873,27.53245157119879,7.971114758387072,3.0240493965247475,4.816942679295888,369,66,343,True
3,3,10,95,778,3.141132662011719,0.3141132662011719,0.24769518422784031,5.903527670287316,65.93830334190231,25.877181795738853,-40.872426604411,1.2256262260053619,22,2443.8012110451173,3.4421852671282864,28.99659006262125,8.42389000369299,3.159498145210141,5.055109781662182,349,67,362,True
3,3,11,45,778,2.1871246740424484,0.21871246740424485,-0.004354640370159806,4.381167272414991,80.719794344473,14.443372723583538,-49.12570049336958,1.2309155193467671,15,1701.5829964050247,3.7398270051593028,29.659048980995205,7.930593832302636,3.0679133881357843,4.17345593372358,610,43,125,True
3,3,11,75,778,2.224219538844926,0.2224219538844926,-0.6172794552116414,4.828154780165323,68.89460154241645,22.664808409559214,-43.0491508524892,1.1661029299321957,21,1730.4428012213525,3.773207594281596,21.094596627605732,5.590627099228571,2.3326841224735033,3.586983897171283,444,58,276,True
3,3,11,90,778,2.6641682794463017,0.2664168279446302,-0.5151624364982876,5.421466101929702,66.58097686375322,25.160437058804206,-42.155321057889836,1.1891104381637074,22,2072.7229214092226,3.6734427817254325,24.313809647184435,6.618807231227413,2.6261644434599853,3.9000868205805537,370,60,348,True
3,3,11,95,778,2.8014099964965142,0.2801409996496514,-0.08784336877722854,5.74076245319276,66.0668380462725,25.88502890056626,-42.14169650612413,1.1959026582440382,22,2179.496977274288,3.6207358042265674,25.65083459483237,7.084425923838345,2.7482207114025385,4.102340957447927,350,61,367,True
3,3,12,45,778,2.5307158856782253,0.2530715885678225,0.4004852172514429,4.764480528308878,80.97686375321337,14.444298703524236,-48.18250827136898,1.276103472167633,15,1968.8969590576594,4.140303501308197,34.73235903546901,8.388843722324886,3.444670101584991,4.472535371469309,612,36,130,True
3,3,12,75,778,2.8525862838241056,0.28525862838241056,0.16032766715082108,5.446072253061034,69.280205655527,22.653398197318296,-41.80280125330296,1.2221340323700023,21,2219.312128815154,3.4773425012140313,27.486259152835892,7.904386508731803,2.894477136884693,4.306288306749136,446,47,285,True
3,3,12,90,778,3.2495202739386757,0.3249520273938676,0.186128692686167,6.028580405860743,66.96658097686375,25.108432325168266,-41.0636827559859,1.2395564278679236,22,2528.1267731242897,3.4459683916218906,30.07490472827048,8.727562563078337,3.095373465521686,4.4525255783894435,371,49,358,True
3,3,12,95,778,3.3763432827204554,0.33763432827204554,0.5616684366886718,6.1594733133155115,66.45244215938303,25.832088868105036,-41.10496119101069,1.244845114817019,22,2626.7950739565144,3.5477181301786773,31.343314513096267,8.834781502643699,3.1924965612746896,4.640006493757721,351,50,377,True
3,4,8,45,447,2.4773669195936634,0.24773669195936632,-0.574897442200476,5.56029700611583,76.28635346756153,19.081887673063257,-50.939063051473624,1.2050883728779573,7,1107.3830130583676,8.564520266435213,42.6187434864854,4.976197400514119,2.1949068462444807,3.5225843546244744,327,54,66,True
3,4,8,75,447,3.011409289751141,0.3011409289751141,-1.0239153543166661,6.990505918033072,65.32438478747203,29.28762161518099,-46.48958425234896,1.1868056245795073,12,1346.09995251876,5.858825815971462,29.303576896687034,5.0016125785484125,2.1184324425546124,3.4731483136463557,236,69,142,True
3,4,8,90,447,3.674100466215707,0.36741004662157073,-0.4010239090208361,7.971530994324911,63.982102908277405,31.835470783820774,-46.351687799840505,1.2200731815905197,13,1642.322908398421,5.463589238655526,33.31822747668873,6.098230672422886,2.573778166127984,4.276897893307777,188,72,187,True
3,4,8,95,447,3.6458947604992096,0.3645894760499209,-0.38786719288975274,7.741866934532574,63.534675615212535,32.40463262608508,-46.4613540359817,1.2151950041744746,13,1629.7149579431466,5.83103940510604,33.040911478394364,5.66638452991101,2.4744588564458727,3.9388473239021553,171,73,203,True
3,4,9,45,447,2.597659079024782,0.2597659079024782,-0.8705289745667079,5.590011608507382,77.18120805369128,19.11079494446254,-53.255594583485305,1.2137589298208336,7,1161.1536083240776,7.377386628836128,44.91592242196347,6.088324318858358,2.3146969452617077,3.8933406437760043,331,47,69,True
3,4,9,75,447,3.4827488492659637,0.3482748849265964,-0.6863101141152465,7.707230407292966,66.66666666666666,29.21119853627443,-47.974150524750975,1.2177890891972625,12,1556.7887356218857,6.3888065936366045,34.293056831961444,5.367678036476812,2.378060710476522,4.041430008435972,239,59,149,True
3,4,9,90,447,4.131812601262127,0.4131812601262127,-0.5913875900713762,8.464982284270125,65.32438478747203,31.78704396442567,-47.967074869987904,1.24841236279733,13,1846.9202327641708,5.96027373773485,37.86583159879808,6.353035659934079,2.816701750812342,4.945802383671248,191,62,194,True
3,4,9,95,447,4.201179469462526,0.42011794694625265,-0.09909526914922061,8.241064414171335,64.87695749440716,32.37159094138595,-47.833338536001136,1.2500624095422526,13,1877.9272228497491,6.3253550616813286,38.56284032834996,6.096549514186426,2.8067148529910297,4.723646167567162,174,62,211,True
3,4,10,45,447,2.073478776235304,0.2073478776235304,-1.5598495816676707,5.357952905269493,77.18120805369128,19.11079494446254,-55.552737675121534,1.163569181174146,7,926.8450129771809,8.013097977198676,35.062699543279294,4.375673384133133,1.7708886182547756,2.8027935768060668,331,43,73,True
3,4,10,75,447,2.690004788087223,0.26900047880872235,-1.5225237261129487,6.644733568214078,66.66666666666666,29.21119853627443,-50.352382708287195,1.1602707544350919,12,1202.4321402749888,7.098663584351413,25.964618103851713,3.657676940922963,1.7683763846233345,2.822132501628971,239,55,153,True
3,4,10,90,447,3.319802270133787,0.3319802270133787,-1.0504883851937803,7.726941361768501,65.32438478747203,31.78704396442567,-50.30880788943545,1.1903022907345226,13,1483.9516147498027,6.546080894073302,29.85934668141603,4.5614081409305705,2.1775393448327303,3.568107215475576,191,57,199,True
3,4,10,95,447,3.389169138334185,0.3389169138334185,-1.092851308818816,7.790310804262987,64.87695749440716,32.37159094138595,-50.14524056157036,1.192429386261405,13,1514.9586048353806,6.913163226820851,30.53235462107149,4.41655340967732,2.179339102891372,3.4711604483425127,174,57,216,True
3,4,11,45,447,2.449948669068211,0.2449948669068211,-1.2356211183765875,5.8806595064999705,77.85234899328859,19.087305300521507,-56.03288070210096,1.1974178251515808,7,1095.1270550734903,9.043652510467004,42.098155999406806,4.654994865258584,2.0682890792480184,3.0829563532703324,334,36,77,True
3,4,11,75,447,3.379474366936361,0.3379474366936361,-1.0205490856968842,7.354284404391784,67.33780760626398,29.21323451621642,-49.880537995620465,1.2074305386213542,12,1510.6250420205533,7.021115825759605,33.19033875654842,4.7272170948636365,2.1901064173778515,3.28148545657521,242,45,160,True
3,4,11,90,447,3.876226201901394,0.3876226201901394,-0.7413481266139225,8.406439850423888,65.77181208053692,31.743381036587053,-49.67242426474947,1.227986876662576,13,1732.6731122499232,6.409103000415825,35.315425015089886,5.510197762900457,2.5124369842616727,3.946974576684301,192,47,208,True
3,4,11,95,447,3.9505532167445137,0.39505532167445134,-0.9104932685900734,8.304599829313737,65.32438478747203,32.331218307176435,-49.514957792327245,1.2300897796595605,13,1765.8972878847976,6.777577264628733,36.05422955323654,5.31963386701598,2.506781970670833,3.8152641637950464,175,47,225,True
3,4,12,45,447,2.1793614827359,0.21793614827358998,-1.5182292240813984,5.397515061667735,77.85234899328859,19.087305300521507,-57.25462284644986,1.1718664242576178,7,974.1745827829473,8.162098782912297,37.02027566099086,4.5356319061580574,1.8009901123809111,2.4874837925775433,334,33,80,True
3,4,12,75,447,3.375515472089566,0.33755154720895664,-0.8742482874536393,7.735219337701798,67.56152125279642,29.15511387040492,-50.317165329918964,1.2068061535785284,12,1508.855416024036,6.695991803785349,33.1481735357007,4.950450135999497,2.168403725418615,3.005550404091674,242,40,165,True
3,4,12,90,447,3.827506680656388,0.3827506680656388,-0.87328002129905,8.136708570964082,65.99552572706935,31.67530448894148,-50.219206170949555,1.2241351907996012,13,1710.8954862534056,6.122104333199173,34.832436108170754,5.6896181790434595,2.460768698358137,3.5253179112101463,192,42,213,True
3,4,12,95,447,3.901833695499507,0.39018336954995075,-0.8251398972421382,8.522401336990685,65.54809843400447,32.26067080265073,-50.05361612524924,1.22626641642802,13,1744.1196618882798,6.492171516400316,35.56969513554373,5.47885943026747,2.453893871843377,3.4459346123446677,175,42,230,True
3,5,8,45,277,1.7371189332702863,0.17371189332702863,-2.940782565072441,6.465199652773387,74.36823104693141,23.42221858623505,-61.18021245420496,1.1107745497159218,6,481.1819445158693,11.599114669658984,20.499150050163184,1.7673029911312932,1.191904037253788,2.035719780086811,199,48,30,True
3,5,8,75,277,1.9176414578712913,0.19176414578712914,-4.113656136499766,7.687868223098155,63.1768953068592,35.59682969388888,-55.865279535296146,1.0932191269763851,10,531.1866838303476,5.9466776591225035,13.326786504727227,2.2410473996826217,1.1214871352582658,1.8620727720272758,135,61,81,True
3,5,8,90,277,2.9138691626611632,0.2913869162661163,-3.250871034479814,8.715487048905171,61.73285198555957,38.642928798156724,-54.724519494600564,1.1391432023095756,11,807.1417580571422,5.7062401613995615,18.668247237603296,3.271549515894291,1.6320216062458754,2.8281932118738173,103,62,112,True
3,5,8,95,277,3.0809572633580276,0.3080957263358028,-3.1607416516321725,9.163220335425667,61.371841155234655,39.18884373381675,-54.28671282989416,1.1469224360293215,11,853.4251619501737,5.654911176803597,19.795798478825755,3.500638269974597,1.7108873981187873,2.9783815756373273,92,62,123,True
3,5,9,45,277,1.3254020378468556,0.13254020378468556,-3.87313804541813,6.1712509986661885,75.09025270758123,23.466581479259958,-65.41902294496366,1.0813343984218469,6,367.13636448357903,11.214932715771319,15.437543960477807,1.3765168594162247,0.8997770432162943,1.65799303113676,201,44,32,True
3,5,9,75,277,1.8726025117658096,0.18726025117658096,-4.085241166723961,8.5998501373957,64.62093862815884,35.393669873258524,-59.354653179123936,1.0891752885506605,10,518.7108957591292,7.695706167878162,13.002540596149203,1.6895838162872876,1.046989705709026,1.7813201361273125,137,55,85,True
3,5,9,90,277,2.825170717854454,0.2825170717854454,-3.343322334639979,9.180709432070802,63.1768953068592,38.353559167013046,-58.1303976998196,1.1319839128100124,11,782.5722888456838,6.265477471237822,18.07222732655356,2.8844134241190034,1.5411574220123105,2.6503746554498417,104,56,117,True
3,5,9,95,277,3.006249820790567,0.3006249820790567,-3.3051566424354135,10.001506752960942,62.8158844765343,38.907534322480466,-57.642522055850634,1.1402570298310455,11,832.731200358987,6.86989810674673,19.29088169122448,2.8080302489900775,1.6274156899393426,2.836666231178266,93,56,128,True
3,5,10,45,277,1.091233603997909,0.1091233603997909,-4.37000745981122,6.157732463594731,75.45126353790613,23.441422882082627,-67.60273050070364,1.065754328975591,6,302.2717083074208,12.482172528918682,12.615362415019327,1.0106704090006824,0.7078346922459693,1.1899412379147374,202,39,36,True
3,5,10,75,277,1.4741242594693187,0.14741242594693188,-5.401005006927205,7.714810337426036,64.98194945848375,35.39449933849425,-61.470901660370764,1.0684813865146894,10,408.3324198730013,7.66600360815286,10.157494195639206,1.3250051415103201,0.7952911265421208,1.3057465736370641,138,49,90,True
3,5,10,90,277,2.2967552894671712,0.22967552894671714,-3.880290205393395,8.846524908716615,63.537906137184116,38.18992744355581,-60.249762523598186,1.1045484939468753,11,636.2012151824064,7.161386514208287,14.557872963580687,2.0328288292633934,1.2078642606669576,2.0004594336312924,104,50,123,True
3,5,10,95,277,2.4778343924032837,0.2477834392403284,-4.518791012506811,9.131540379672343,63.1768953068592,38.73980198828652,-59.73632569857286,1.1126453756783152,11,686.3601266957096,7.0244726473754575,15.755173213756745,2.242897652913963,1.295700408307388,2.13772147547914,93,50,134,True
3,5,11,45,277,0.52262320644242,0.052262320644241994,-5.332261010661404,5.774592562251596,75.81227436823104,23.427776492524057,-71.26964828724627,1.0303171966605549,6,144.76662818455034,14.013549767516242,5.93225729575555,0.42332295486662985,0.3295159722598637,0.5506054089871228,203,36,38,True
3,5,11,75,277,1.718585739645688,0.1718585739645688,-4.717147713034725,8.776860306735967,65.70397111913357,35.32506878171154,-62.66436071989101,1.0799662543703583,10,476.0482498818556,8.524753085141368,11.897851355669008,1.3956828117880558,0.9186234653748155,1.453954445598262,139,43,95,True
3,5,11,90,277,2.5308240874230625,0.25308240874230625,-4.0142461499616875,9.168165024124376,64.25992779783394,38.12755671029936,-61.47138204259695,1.1151949807138455,11,701.0382722161883,7.957266478117614,16.106923674830043,2.02417799116366,1.3172543370014251,2.144059760665761,105,44,128,True
3,5,11,95,277,2.7204774707742496,0.27204774707742496,-4.501640183639525,9.564395666529466,63.898916967509024,38.684284112952426,-60.93546028588113,1.1236672794246656,11,753.5722594044671,7.824298700298983,17.37099140481977,2.2201339788006798,1.4117915230597422,2.302193157527458,94,44,139,True
3,5,12,45,277,0.6505103501635446,0.06505103501635447,-4.972244273675561,5.931451317146661,75.81227436823104,23.427776492524057,-70.74092084230968,1.0380179301593297,6,180.19136699530188,12.280411786843569,7.414493330204874,0.603765855648935,0.4077982223665541,0.6229083573924921,203,30,44,True
3,5,12,75,277,1.8705957960486912,0.18705957960486913,-4.819643431116213,8.66586479356519,65.70397111913357,35.32506878171154,-62.22113139753698,1.08765934352413,10,518.1550355054875,7.2960878537758385,12.988106454452165,1.7801466641784773,0.9943461840740547,1.417445511388001,139,36,102,True
3,5,12,90,277,2.646718620360361,0.26467186203603615,-4.3347904959237935,9.082891057644545,64.25992779783394,38.12755671029936,-61.14711148074209,1.121108995198204,11,733.1410578398201,6.839278992104898,16.87842411935261,2.4678660044189837,1.3693294390378161,2.0365070326417336,105,37,135,True
3,5,12,95,277,2.8363720037115483,0.2836372003711548,-3.5057737795709825,9.331891137843499,63.898916967509024,38.684284112952426,-60.61443242964482,1.129618477569683,11,785.6750450280989,6.702048726583981,18.147398658419167,2.707738991278396,1.463516052287864,2.1834734286428157,94,37,146,True
5,2,8,45,1229,1.088662451190927,0.10886624511909271,-0.2917824632790509,2.397691575299188,80.4719283970708,10.49126526672604,-37.657896651160016,1.148039573756575,28,1337.9661525136494,2.60399377450655,11.944248772645238,4.586896055428797,2.362745943830472,3.5599668342862207,974,68,187,True
5,2,8,75,1229,1.3602040105769402,0.13602040105769403,-0.2950485098435224,3.051917531663667,69.4060211554109,16.81198799589829,-33.69397614761218,1.1319519537232046,29,1671.6907289990595,2.6228012074292772,14.50762814700397,5.531348737338555,2.277142172614414,3.662918405682135,741,91,397,True
5,2,8,90,1229,1.578381883241216,0.1578381883241216,-0.2558554765074004,3.1524475004286057,65.90724165988608,19.133212572855243,-32.358164318637925,1.1430757632140316,30,1939.8313345034544,2.770869821551292,16.352525117391046,5.901585484169719,2.473145388490137,3.970154525689543,642,96,491,True
5,2,8,95,1229,1.467634571812366,0.1467634571812366,-0.3033306518827098,3.128870204363753,64.84947111472742,19.773411910419245,-32.30482963853412,1.1292464474022732,30,1803.7228887573979,2.9574442181366507,15.157625128861207,5.125244640594212,2.2335427389434486,3.3828174444992993,607,99,523,True
5,2,9,45,1229,1.01968590768925,0.10196859076892499,-0.47499028098230345,2.423733609144965,80.71602929210741,10.481005825156291,-38.58212572997871,1.1370515028530088,28,1253.193980550088,3.3183709104502723,11.163967422845356,3.364291612998292,2.131249999329807,3.049395946680535,976,60,193,True
5,2,9,75,1229,1.2403522215588352,0.12403522215588351,-0.39783086714159804,2.9450629821496457,69.65012205044752,16.79553128894654,-34.45732413684296,1.1186059650734426,29,1524.3928802958085,2.7734333400174624,13.182891416023889,4.753275020462863,1.988585520464446,3.075279661836239,743,80,406,True
5,2,9,90,1229,1.4239542573939834,0.14239542573939834,-0.43151358731715467,3.1217038008708666,66.15134255492269,19.116577494940643,-33.153215675599846,1.1268904483055984,30,1750.0397823372057,2.8393449850054364,14.688327188875473,5.173139321373218,2.1323258567494547,3.17302362139707,644,85,500,True
5,2,9,95,1229,1.2908283987823297,0.12908283987823296,-0.48605312084526653,3.1480048779711924,65.09357200976403,19.757241721863082,-33.145373602300666,1.1115681376333661,30,1586.428102103483,3.4776943831363067,13.264958005685479,3.814296641478506,1.8666995818807979,2.655399391009227,609,88,532,True
5,2,10,45,1229,1.0808161125523712,0.10808161125523712,-0.39092864050021564,2.432852571322983,80.79739625711962,10.47859860284081,-38.46154834870365,1.1463406321286307,28,1328.323002326864,3.4481426040165277,11.855327540792636,3.4381778546464696,2.210776425570059,3.067175858847947,978,49,202,True
5,2,10,75,1229,1.2844344882764034,0.12844344882764033,-0.6191337478385303,3.055632317891794,69.73148901545973,16.792289972907085,-34.44199602335933,1.1232062073774576,29,1578.5699860916998,2.9823030577402863,13.669087514387336,4.583399892546302,2.0263975596234247,3.1266020523609397,744,65,420,True
5,2,10,90,1229,1.4297481145823636,0.14297481145823634,-0.527550320018798,3.230005748450151,66.2327095199349,19.11395426476475,-33.25686346673923,1.1273157202303894,30,1757.160432821725,2.9121108278146615,14.750511316501559,5.06523006460259,2.1178876907906012,3.172790502993526,645,70,514,True
5,2,10,95,1229,1.333337902515617,0.1333337902515617,-0.5525310793500706,3.3016049823427482,65.17493897477624,19.755009355620196,-33.142734139392715,1.1155207515595997,30,1638.6722821916933,3.244105759963252,13.71833316117681,4.228694801038856,1.9365814891476336,2.905888601323566,610,72,547,True
5,2,11,45,1229,1.1526192648756133,0.11526192648756134,-0.3428462377124174,2.611944245119064,80.96013018714402,10.492031373885833,-38.55983820719776,1.1569953164674855,28,1416.5690765321287,2.987456158501562,12.670606304968723,4.24126937190737,2.262922148842063,2.991940000499242,980,43,206,True
5,2,11,75,1229,1.3166599359897997,0.13166599359897999,-0.4697463554599345,3.119342554493283,69.89422294548413,16.82102892600757,-34.678618340835236,1.1261136204655762,29,1618.175061331464,3.013483525614936,14.025284663607284,4.654176651171592,2.0008630991702367,3.111884318333307,746,58,425,True
5,2,11,90,1229,1.4310169049579453,0.14310169049579455,-0.4790740473891408,3.5084769033244134,66.39544344995932,19.15319164253611,-33.584224223041524,1.1267976704437195,30,1758.7197761933148,3.1386324197245035,14.764131587629148,4.70400149276642,2.039714597963753,3.0266119517286207,647,63,519,True
5,2,11,95,1229,1.3215744900519866,0.13215744900519866,-0.6867731332713236,3.277149841890981,65.33767290480064,19.798255946890837,-33.50653633117243,1.1137900779489855,30,1624.2150482738916,3.4736692266809905,13.592766969384918,3.9130861582847047,1.8447653587865065,2.726800047980792,612,65,552,True
5,2,12,45,1229,0.9822156169931076,0.09822156169931075,-0.6303671734440656,2.3476413042089774,81.04149715215623,10.486210092019725,-39.6443015380563,1.1306838817891667,28,1207.1429932845292,2.9098517185589436,10.741434078855526,3.691402558538291,1.8317293323128117,2.3483572304109326,980,41,208,True
5,2,12,75,1229,1.1444849244066746,0.11444849244066746,-0.8129308796250749,2.9354854193274793,69.97558991049634,16.806927769855516,-35.358769403739686,1.107804887645725,29,1406.571972095803,3.027025741291966,12.129758512378208,4.00715406774212,1.695885501141492,2.512559948885818,746,53,430,True
5,2,12,90,1229,1.258912222539918,0.12589122225399182,-0.646095768642471,3.1783368997593784,66.47681041497152,19.135493775942116,-34.190522556900845,1.1098359165477971,30,1547.2031215015593,3.3706558856070226,12.925261220833262,3.83464276968325,1.7541835114285718,2.5400464898419424,647,57,525,True
5,2,12,95,1229,1.1331899052743177,0.11331899052743177,-1.029787832296421,3.0033397915231714,65.41903986981285,19.779469601975855,-34.14118392095635,1.095981398322951,30,1392.6903935821365,3.8768613309378983,11.592962698460418,2.9902959401583304,1.5425336058743382,2.2372420188604845,612,59,558,True
5,3,8,45,704,2.427347831919424,0.24273478319194242,0.32697239813786416,4.324043077792381,79.54545454545455,14.781823668418376,-45.61783597668761,1.260140219080184,9,1708.8528736712747,4.270972558065833,52.23028821569044,12.22913224226934,3.2924636833737027,5.024747186375213,545,60,99,True
5,3,8,75,704,2.913290373954158,0.29132903739541577,0.20240813441029842,5.655131053161636,68.75,23.304487345899076,-41.94734296432467,1.2222436163497152,13,2050.956423263727,4.681412781643409,42.490282351446936,9.07638021540385,3.0974979483871286,5.924623845082459,406,82,216,True
5,3,8,90,704,3.465188384862494,0.3465188384862494,0.5773674159847328,6.413955664503145,66.76136363636364,25.85107165385364,-41.49791048875221,1.2512218573548561,15,2439.492622943196,4.239444307607237,43.94249749666122,10.36515503171277,3.451402071180937,6.041050903939216,340,86,278,True
5,3,8,95,704,3.5439996097037114,0.35439996097037113,0.6055803144786832,6.176141363583703,66.19318181818183,26.481757901641288,-41.367745617367355,1.253412196532262,15,2494.975725231413,4.519990868346001,45.051953926016594,9.967266580452726,3.5430049042950094,6.226413749622745,319,87,298,True
5,3,9,45,704,2.1153495006654253,0.21153495006654252,-0.04738220910957034,4.295735237606847,79.54545454545455,14.781823668418376,-47.14316115170717,1.2193681632133266,9,1489.2060484684594,4.9181870531767355,44.79224184272332,9.107470162972207,2.7944273261358807,4.130419697993938,545,53,106,True
5,3,9,75,704,2.724318546800271,0.2724318546800271,-0.19185440970171566,5.394027168647963,69.0340909090909,23.23843090475685,-43.008977810846055,1.204557275982893,13,1917.920256947391,5.171589297845177,39.46489193082312,7.63109552169326,2.8261374700707815,4.96809218781767,406,71,227,True
5,3,9,90,704,3.219375648617698,0.32193756486176983,0.3253471221933055,5.951408459335455,67.04545454545455,25.772265300016713,-42.66408950422858,1.228978047176782,15,2266.4404566268595,4.603859280336999,40.51412618054449,8.800035733841735,3.1308966578475173,5.104172234220495,340,75,289,True
5,3,9,95,704,3.2839766461861872,0.3283976646186187,0.006627145505437745,6.144752354170706,66.47727272727273,26.399582748849397,-42.555445625196796,1.2302001347539986,15,2311.919558915076,4.643617814108183,41.410429698892855,8.91770842403959,3.2110572708383964,5.213762666723507,319,76,309,True
5,3,10,45,704,1.9817842253434612,0.19817842253434612,-0.37170473790384,4.126640637005455,79.6875,14.777564164735562,-48.21704476765631,1.2023449639711403,9,1395.1760946417967,5.153177965476901,41.67463951656818,8.087172575013406,2.5299430348027663,3.581716883411549,546,45,113,True
5,3,10,75,704,2.450662247486757,0.24506622474867573,-0.2769633434202951,5.214332732879185,69.17613636363636,23.219444847924567,-44.15946275902575,1.180041492572087,13,1725.266222230677,5.322390757680147,35.15103977133289,6.6043703613099725,2.4734075482676836,4.102440461136472,406,61,237,True
5,3,10,90,704,2.952479550441091,0.29524795504410906,-0.2699549061130149,6.132116687836573,67.1875,25.747360344260727,-43.7227525511896,1.2057974942244383,15,2078.545603510528,4.700208808397558,36.846448167385695,7.839321542812,2.8144921588019463,4.448319361092605,340,64,300,True
5,3,10,95,704,3.0028703207368532,0.30028703207368534,-0.05239556197250224,6.1176022114747095,66.61931818181817,26.37312782023231,-43.638196774000896,1.2061458413880326,15,2114.0207057987445,4.913488464342836,37.53456340338097,7.639086501529235,2.880396006839043,4.549701342988951,319,65,320,True
5,3,11,45,704,1.8925526555155243,0.18925526555155242,-0.67861350388988,4.287312646229582,79.9715909090909,14.786032505883,-49.589923626448225,1.1905496162788796,10,1332.357069482929,5.421698588280615,35.30190645112745,6.511226302294824,2.2574950936611082,3.0594342237920396,548,41,115,True
5,3,11,75,704,2.3972213029114076,0.23972213029114076,-0.47620361654041526,5.313405768543855,69.46022727272727,23.243642089158275,-45.016265973715186,1.174370438416694,13,1687.6437972496308,5.953058768449542,34.3178724457031,5.764746121369318,2.294197334961922,3.562774766423612,408,55,241,True
5,3,11,90,704,2.90917145147904,0.290917145147904,-0.1961509314453215,6.033526910418607,67.4715909090909,25.786835898160597,-44.544499344039465,1.2007762839192941,16,2048.0567018412444,4.902412390155344,33.79682993689994,6.893918187047706,2.6296623466749747,3.956830819067718,342,57,305,True
5,3,11,95,704,2.9510216290341904,0.29510216290341906,-0.32347377718069786,6.076352895545473,66.9034090909091,26.418755794459706,-44.48804614742682,1.2004221876131589,16,2077.51922684007,5.03805600007736,34.325401092574694,6.813223412373269,2.684325337101183,4.036828038768268,321,58,325,True
5,3,12,45,704,1.9785150679066776,0.1978515067906678,-0.35931391357262604,4.2483748080354236,80.11363636363636,14.783195405882093,-49.606054293651425,1.2005622999680277,10,1392.8746078063011,5.994380431400066,37.05506980358522,6.181634653930451,2.2885135433494774,2.9346202801984775,549,36,119,True
5,3,12,75,704,2.795925043623883,0.2795925043623883,-0.3429277855744372,5.438190584831665,69.74431818181817,23.218557287009837,-44.28159810897003,1.2086869509709033,13,1968.3312307112137,5.79173229162351,40.60681487846423,7.011169169057282,2.6246059638301227,3.9102459183005744,409,46,249,True
5,3,12,90,704,3.2522498927878045,0.32522498927878046,0.22414855167090442,6.140718325232957,67.75568181818183,25.71020018274529,-43.93912582663827,1.2295510574117743,16,2289.5839245226143,4.665128639886413,38.16605019467587,8.181135642940198,2.879137734276073,4.134728493163971,342,48,314,True
5,3,12,95,704,3.2798898430702277,0.3279889843070228,0.024869116493442645,6.200588989726402,67.1875,26.338800031149557,-43.93597387537792,1.227509575369509,16,2309.04244952144,4.93877030816375,38.521641136655596,7.799844644117101,2.9158679128814,4.193369271629088,321,49,334,True
5,4,8,45,420,2.9525262183662773,0.29525262183662776,-0.5774009090379483,6.316846868966538,77.14285714285715,19.252892478654044,-52.061209910104935,1.2481175951856862,6,1240.0610117138365,9.849100817490877,57.47920699895977,5.83598524008235,2.439722207671216,4.616330776648945,311,51,58,True
5,4,8,75,420,3.355627581491047,0.3355627581491047,-0.3950134690257172,7.631597122050228,65.71428571428571,29.561530245587388,-46.87235252469361,1.208806398345934,11,1409.3635842262397,5.686416158079632,33.831358360839545,5.949504471769927,2.305374040876834,4.323509430770991,222,66,132,True
5,4,8,90,420,4.120416328698072,0.4120416328698072,-0.028648563526039613,8.512709778215484,64.52380952380953,32.2224253005008,-46.99129126431227,1.2471648692827866,12,1730.5748580531902,4.9871323420799145,38.492211876398905,7.718305678719063,2.8482874826231157,5.514741848502547,179,69,172,True
5,4,8,95,420,3.6863227578019773,0.3686322757801977,-0.5555235472858123,8.023638082291585,63.8095238095238,32.617048241604685,-47.32311427942911,1.2152413674768723,12,1548.2555582768305,5.67197867690983,34.08882205895778,6.010040587375732,2.5059602211887615,4.389783956124394,160,71,189,True
5,4,9,45,420,2.4200833906693204,0.24200833906693206,-1.3333506488187634,5.944936836924462,77.61904761904762,19.244813888394148,-55.92951386739766,1.1933351071080482,6,1016.4350240811145,10.033555917331473,45.977822259828606,4.582405543822083,1.9259962675276279,3.433525610420945,313,47,60,True
5,4,9,75,420,3.11421473310155,0.311421473310155,-1.0705100351290728,7.230306624860223,66.66666666666666,29.381500030851242,-49.42035586239782,1.1890444541783063,11,1307.970187902651,6.745043741417814,31.20342083577896,4.626125794288766,1.99887158690524,3.5805588737382203,223,59,138,True
5,4,9,90,420,3.823207630304965,0.3823207630304965,-0.6431893093954958,7.73820729219516,65.47619047619048,32.024336946510644,-49.66169279698167,1.2229911634017074,12,1605.7472047280853,5.740927286769019,35.46836294091249,6.178159236166533,2.4724300478448513,4.577165696504667,180,62,178,True
5,4,9,95,420,3.4553759827092003,0.34553759827092,-1.184610198714001,8.023206831143709,64.76190476190476,32.4190327706039,-49.7751283842324,1.197001937031558,12,1451.2579127378642,6.177814878405761,31.78005759910294,5.144223034294621,2.2223730472470615,3.8717834496037,161,63,196,True
5,4,10,45,420,2.0466701968071805,0.20466701968071804,-1.7156219124384813,5.674690160267444,77.61904761904762,19.244813888394148,-57.59795579741997,1.158767728774876,6,859.6014826590159,11.569074893037053,38.2151157990025,3.3032127592157425,1.5631689476947395,2.55266127584738,313,42,65,True
5,4,10,75,420,2.567343542438312,0.25673435424383123,-1.8543040584938422,6.708678010406689,66.66666666666666,29.381500030851242,-51.06096943438754,1.1508398824509574,11,1078.284287824091,7.009105606144117,25.363017932752484,3.6185812224771587,1.5993486991479866,2.701941937493867,223,53,144,True
5,4,10,90,420,3.255831623766794,0.3255831623766794,-1.4459716082458594,7.949125509972315,65.47619047619048,32.024336946510644,-51.30512674695431,1.183815639903557,12,1367.4492819820534,5.832708837817348,29.804128022846132,5.10982612908878,2.0404641202041858,3.5311328171560596,180,55,185,True
5,4,10,95,420,2.8641809285519813,0.28641809285519815,-1.561804455808616,7.698787449825741,64.76190476190476,32.4190327706039,-51.45284407846234,1.1579714622006807,12,1202.9559899918322,6.4388459156893605,25.976699843470975,4.034372026231325,1.7816762855824892,2.94470825265701,161,56,203,True
5,4,11,45,420,2.4745441330629525,0.24745441330629525,-1.3729355447125255,6.227712557599593,78.33333333333333,19.223064825196094,-58.0777999077261,1.1966495449203418,6,1039.30853588644,11.621234441339539,47.130802010818826,4.0555762168572365,1.856277654795157,2.805410739516677,316,35,69,True
5,4,11,75,420,3.249578744045279,0.3249578744045279,-1.2538333224386753,7.6882603988606055,67.38095238095238,29.390228926130384,-50.74899061018892,1.1963036523138628,11,1364.8230724990171,7.268160831977596,32.67318368891252,4.495385344963874,1.973164809708293,3.0260534038402933,226,44,150,True
5,4,11,90,420,3.7975960304489846,0.3797596030448985,-0.9161785797133218,8.52764170640715,65.95238095238095,31.986541045837377,-50.8061645937649,1.2195359291564762,12,1594.9903327885736,6.152490901275245,35.20961669812055,5.7228230424237685,2.331398830810601,3.697031795171639,181,46,193,True
5,4,11,95,420,3.3877812296984,0.33877812296984,-1.3144541706038801,8.047335959852601,65.23809523809524,32.38661021418161,-51.03467864529064,1.1909617595199367,12,1422.868116473328,7.0444167247314535,31.108759876209803,4.416087391166616,2.062699254449666,3.1492948897674187,162,47,211,True
5,4,12,45,420,2.2012785238794383,0.22012785238794383,-1.7520593578027452,5.8587732394959815,78.33333333333333,19.223064825196094,-59.33902579626539,1.1712152651135899,6,924.536980029364,11.540869133000234,41.39903508528946,3.5871678820888873,1.6091316734073844,2.2473545728655444,316,32,72,True
5,4,12,75,420,3.260081816514206,0.3260081816514206,-1.354080336493971,7.75513608249085,67.61904761904762,29.32780135766213,-51.175450166471165,1.1967329978479908,11,1369.2343629359666,7.211876593266725,32.78762599408287,4.546337637653786,1.9577969373380957,2.7540119576158713,226,39,155,True
5,4,12,90,420,3.760461007679817,0.3760461007679817,-1.013524913865735,8.538307330009433,66.19047619047619,31.91342686754712,-51.35590877431392,1.2165766426855267,12,1579.3936232255232,5.633545186966579,34.83496782030435,6.1834895548359805,2.2847505315180388,3.312764211654028,181,41,198,True
5,4,12,95,420,3.3268271593101852,0.33268271593101856,-1.780421542443264,7.955380509722617,65.47619047619048,32.31124362969784,-51.64361787073537,1.186592793872975,12,1397.2674069102777,6.519582838484912,30.50513501358969,4.679001060239429,1.99998699822075,2.8314983255902746,162,42,216,True
5,5,8,45,268,1.7448225973553622,0.17448225973553622,-3.0942249834382465,6.110245004005698,74.6268656716418,23.59660026135051,-62.525111708512725,1.109982270773158,5,467.61245609123705,14.940729808648753,24.12380618693737,1.6146337224419118,1.1335827791200577,2.339555899984795,193,47,28,True
5,5,8,75,268,2.2000507088591923,0.2200050708859192,-3.8748814559185933,8.308036306121714,63.43283582089553,35.86283822037566,-56.194580688669376,1.1070648651540187,9,589.6135899742635,7.089434295190659,16.57761201118444,2.338354700942836,1.2768866219984443,2.327562624805799,130,59,79,True
5,5,8,90,268,3.181652595506543,0.3181652595506543,-3.549040082410226,9.793601562336336,62.31343283582089,38.668501886701925,-55.49462296518288,1.152130142629951,10,852.6828955957535,6.482660201864557,21.87116700604679,3.373795066376633,1.8173734687506913,3.4328859952480144,99,60,109,True
5,5,8,95,268,3.3182770115389895,0.3318277011538989,-2.6783164590576867,9.331598000572521,61.940298507462686,39.16948412618634,-55.02780515543614,1.1584400861083506,10,889.2982390924492,6.354483178830426,22.867444728151586,3.598631719465886,1.8898046399580282,3.5647818527468833,88,60,120,True
5,5,9,45,268,0.894799483991253,0.08947994839912529,-4.4072542257461755,5.944948747746656,75.0,23.58861891845428,-67.18665881939782,1.0532724501985748,5,239.8062617096558,16.694745424522015,11.989899682229211,0.7181840379918517,0.5503725389199571,1.0172567563635277,194,44,30,True
5,5,9,75,268,1.6795826187765905,0.16795826187765905,-4.864221155342922,8.097260589594995,64.55223880597015,35.52237915631511,-59.94993107589884,1.0790358034049317,9,450.1281418321263,8.933700731215446,12.520952950918375,1.4015415702440792,0.8945585596318658,1.5282501179214159,131,54,83,True
5,5,9,90,268,2.572676281539411,0.2572676281539411,-4.150424780286968,8.97658207899253,63.43283582089553,38.19183945680482,-59.215668002084264,1.1188111578138225,10,689.4772434525621,7.313044524623747,17.48816184214792,2.391365426979631,1.373434409422279,2.370144050833556,99,55,114,True
5,5,9,95,268,2.7093006975718574,0.27093006975718575,-3.977450346286397,9.394949561584125,63.059701492537314,38.68110803268953,-58.69711788459872,1.1249510848124182,10,726.0925869492578,7.495407867574504,18.46330871894,2.463282725255441,1.4426681615221955,2.5096353523264976,88,55,125,True
5,5,10,45,268,0.6456060519812366,0.06456060519812365,-4.625562400934066,6.222216209455252,75.3731343283582,23.56198434296291,-69.49240023253842,1.0377242955872386,5,173.0224219309714,18.312536734298412,8.570752632821122,0.468026508679628,0.37803390342374477,0.6378885103641826,195,39,34,True
5,5,10,75,268,1.2978898594905686,0.12978898594905686,-5.200786961730222,7.191624388396249,64.92537313432835,35.52249751527703,-62.05404346079502,1.0596313572342637,9,347.83448234347236,8.957241365627397,9.599348983569422,1.0716858675268097,0.6667799877930295,1.1102611295024225,132,48,88,True
5,5,10,90,268,2.05668278427895,0.205668278427895,-4.734959030828413,8.271419907480473,63.80597014925373,38.02436890932959,-61.35026904441857,1.0926219459083428,10,551.1909861867587,8.184803662933279,13.847835930899578,1.6918959209263154,1.0583810127870814,1.7649899995394958,99,49,120,True
5,5,10,95,268,2.1933072003113976,0.21933072003113974,-4.66527264131319,8.528136178019768,63.43283582089553,38.50977431390042,-60.80464595591445,1.0986441690101927,10,587.8063296834546,8.062987743455027,14.80518315623376,1.8361907058895852,1.1276669821845622,1.8628918565604082,88,49,131,True
5,5,11,45,268,0.05790052913470626,0.005790052913470626,-5.564128420484623,5.5377423483264625,75.74626865671642,23.547273489425073,-73.3012181006952,1.003256812665532,5,15.517341808101278,19.55637253894488,0.7518265860399387,0.03844407159572865,0.03292769652190386,0.05461216184818217,196,36,36,True
5,5,11,75,268,1.5878892251952494,0.15878892251952495,-5.087143793405145,8.043891078445572,65.67164179104478,35.44924548295876,-63.190357528787096,1.0732008890683757,9,425.55431235232686,9.870110068294961,11.814986988595999,1.197047135933005,0.8049510472471406,1.299594850852209,133,42,93,True
5,5,11,90,268,2.335940459778136,0.2335940459778136,-4.300008785004148,9.072637447278224,64.55223880597015,37.96210952521864,-62.54118846991877,1.1053675368583447,10,626.0320432205405,9.030371944771872,15.809653758412212,1.7507201093267484,1.1945397248344212,1.9071104057544694,100,43,125,True
5,5,11,95,268,2.4814270984784033,0.24814270984784034,-4.425069283581568,9.084478358524096,64.17910447761194,38.45531728724134,-61.9717928230552,1.1117817800812175,10,665.0224623922121,8.9132377512956,16.83950806766934,1.88926948181334,1.2719454841587066,2.022896122092562,89,43,136,True
5,5,12,45,268,0.17581715318029753,0.017581715318029753,-5.6635524245608035,5.936019668912777,75.74626865671642,23.547273489425073,-72.81503878924569,1.0099554660549852,5,47.11899705231974,18.339792701106834,2.2931697741506607,0.12503793317207257,0.09862812938476122,0.14896822912874344,196,30,42,True
5,5,12,75,268,1.7680672179456185,0.17680672179456186,-5.80175872359741,8.136881866510159,65.67164179104478,35.44924548295876,-62.665491202079494,1.0821896801503479,9,473.84201440942576,8.609107498898075,13.204684992769366,1.5338041712755361,0.8921039983402655,1.3038634562651807,133,35,100,True
5,5,12,90,268,2.47879009431955,0.24787900943195498,-4.341063811288674,9.591663258724834,64.55223880597015,37.96210952521864,-62.138202132475605,1.112536202830647,10,664.3157452776394,7.84980803716057,16.820793961964696,2.142828701330779,1.2618309569580617,1.84648843836563,100,36,132,True
5,5,12,95,268,2.624276733019818,0.26242767330198175,-4.1857666104712985,9.43181767603415,64.17910447761194,38.45531728724134,-61.57300425996041,1.1189824334175673,10,703.3061644493112,7.72763758771383,17.855900995766394,2.3106545555598372,1.3393732163878667,1.9551911588839004,89,36,143,True
8,2,8,45,958,1.6523595915072076,0.16523595915072076,0.1950897397739235,3.1518595086038568,81.41962421711901,10.93059791781144,-39.00508925409561,1.227996823574355,16,1582.960488663905,2.9246121052725704,25.614079594545004,8.758111733302082,3.2806435358583443,4.065108444128421,771,54,133,True
8,2,8,75,958,1.4826434554631367,0.14826434554631368,-0.48218524677364777,3.36428499337327,69.8329853862213,17.420482710580334,-35.41152423198809,1.1387905096591315,18,1420.3724303336849,3.410577717801977,20.152295515292916,5.908763025720027,2.158257809206297,2.997291517956574,590,77,291,True
8,2,8,90,958,1.7615469377903488,0.17615469377903487,-0.3313227916281505,3.786081474643601,66.80584551148226,19.773809111366297,-34.489546744878226,1.1538668709027318,19,1687.5619664031542,4.02129957652135,22.837234386130078,5.679068159822495,2.393116220365025,3.1468792005234905,513,82,363,True
8,2,8,95,958,1.8379301300416764,0.18379301300416764,-0.2942548745879469,3.8526682135231747,65.86638830897704,20.46163151961512,-34.099548698156624,1.1579058146700656,19,1760.737064579926,3.94774047917179,23.89013568822911,6.051597316052828,2.4623770162476992,3.2563176552169684,486,83,389,True
8,2,9,45,958,1.7479119521882185,0.17479119521882186,0.08413156997198941,3.216170236058862,81.73277661795407,10.913020683478148,-39.259403114097594,1.2437268188180184,16,1674.4996501963133,3.389735651831575,27.200687212381357,8.024427272871268,3.2792349728783257,3.9521418997331987,773,45,140,True
8,2,9,75,958,1.4002048766308999,0.14002048766309,-0.67759814914756,3.332716642009664,70.14613778705638,17.39074085995721,-36.17196358768825,1.1296638691792007,18,1341.3962718124021,3.6658398313326206,18.97459775812638,5.17605750146172,1.9209222405899475,2.654369956664956,592,67,299,True
8,2,9,90,958,1.6338088314228985,0.16338088314228985,-0.5275434289908333,3.8012186520089313,67.11899791231733,19.742046358333894,-35.3299903108113,1.1406412365724952,19,1565.1888605031368,4.350830548234505,21.088193776752327,4.846935209947343,2.1000686844815877,2.6918649876669747,515,72,371,True
8,2,9,95,958,1.7020539069801641,0.1702053906980164,-0.5295628553834424,3.8691461366656164,66.17954070981212,20.429645347347783,-34.94391205966512,1.144019827349526,19,1630.5676428869972,4.276678245691223,22.020802615961532,5.149043568603182,2.1540431904468154,2.8095511321508515,488,73,397,True
8,2,10,45,958,1.765412190521694,0.1765412190521694,0.08378053536879736,3.3253954597073685,81.83716075156576,10.919962880846892,-39.48267827623093,1.2461817059860598,16,1691.2648785197828,3.430247271624059,27.492537128286987,8.014739157644042,3.2576357949396133,3.842823510849328,774,37,147,True
8,2,10,75,958,1.3424260727370205,0.13424260727370205,-0.7550481917352099,3.4115217563961178,70.25052192066806,17.4061971722519,-36.59061936576655,1.123322200864052,18,1286.0441776820658,3.7967328385458,18.153234761174208,4.781277886312155,1.8548119396344867,2.5533776774654364,593,56,309,True
8,2,10,90,958,1.529786361356637,0.15297863613566368,-0.6075693221245063,3.7240486868403777,67.22338204592901,19.76342735287242,-35.86659834735726,1.1301297083225565,19,1465.535334179658,4.500804835136078,19.674729366162346,4.371380250165301,1.9630667261440369,2.5027461634660386,516,61,381,True
8,2,10,95,958,1.5895786073407843,0.15895786073407844,-0.5441152923552719,3.7956598188811466,66.2839248434238,20.453248419415107,-35.49534501701586,1.1328230945152018,19,1522.8163058324712,4.426336196740662,20.48600132874363,4.628207261759403,2.0061511806281143,2.629748642648779,489,62,407,True
8,2,11,45,958,1.8732394981358669,0.1873239498135867,0.3011832415333871,3.451013129555284,81.94154488517745,10.927462204383053,-39.210950238303674,1.264548525540932,16,1794.5634392141606,3.581912006850949,29.299422999250524,8.179827685105312,3.2382043068162156,3.706222257978937,775,32,151,True
8,2,11,75,958,1.3554062189127831,0.1355406218912783,-0.7600729276859076,3.4749592200777744,70.35490605427975,17.422723417438306,-36.77618459730624,1.1243225679972009,18,1298.4791577184462,4.002763376339208,18.337465402679154,4.581201454743493,1.7513388732627064,2.363685389553249,594,50,314,True
8,2,11,90,958,1.4728948591285091,0.14728948591285093,-0.8824826616399591,3.6652480190841645,67.3277661795407,19.75081405039814,-36.19246577463799,1.1245588946209524,19,1411.0332750451118,4.869499618903806,18.905796999452342,3.8824927567626153,1.7696422446565723,2.2331326246402554,516,55,387,True
8,2,11,95,958,1.5222445163861429,0.15222445163861428,-0.9024880465468564,3.8195466928304476,66.38830897703549,20.43937200249301,-35.84201971083115,1.1263576619331048,19,1458.3102466979249,4.795305346713588,19.572628431402816,4.08162296584861,1.802038422637472,2.328964384597453,489,56,413,True
8,2,12,45,958,1.663994537151248,0.1663994537151248,-0.1145908245894839,3.3251607539034542,82.04592901878914,10.919531634956664,-40.63165754933165,1.2280995449227283,16,1594.1067665908954,3.9493759846197447,25.806648945198397,6.534361135961362,2.706948080808099,3.091161444517778,775,30,153,True
8,2,12,75,958,1.1926341606680584,0.11926341606680585,-0.9031274637889403,3.383407821082655,70.45929018789144,17.403866100723942,-37.473731774094205,1.1077356346486598,18,1142.5435259199999,4.382120177082456,16.039362432764783,3.6601831498476907,1.4970682072008297,1.9539345320735861,594,44,320,True
8,2,12,90,958,1.336196384560335,0.1336196384560335,-0.8227155790498032,3.77451581315661,67.4321503131524,19.727506342325142,-36.74324666901679,1.1116615569242831,19,1280.076136408801,5.331949776291009,17.07007923914834,3.2014703730053817,1.5604780657510513,1.9378754376335872,516,47,395,True
8,2,12,95,958,1.3751034530914552,0.13751034530914552,-0.9442356063714278,3.508362424024265,66.49269311064718,20.41465404744238,-36.40743152697565,1.1127212530587856,19,1317.349108061614,5.257183987811538,17.59085606684767,3.3460605730427173,1.5812488177695414,2.0048181321627023,489,48,421,True
8,3,8,45,575,2.7166976395849343,0.2716697639584934,0.2383100518042726,5.0556520833719025,79.82608695652173,15.087017737207287,-46.231379298420755,1.2912824442206436,8,1562.101142761337,5.269784764589991,53.90255743356735,10.228607019353507,3.3303385714242313,4.131418358192417,449,49,77,True
8,3,8,75,575,2.718828661161149,0.2718828661161149,-0.3934024232241843,5.791398668952773,68.69565217391305,23.52421830025547,-42.937443046851385,1.2022744368491092,12,1563.3264801676607,5.237037141521958,34.449655833904046,6.578081251471225,2.5691759927610005,4.242413884937397,330,70,175,True
8,3,8,90,575,3.020245885336182,0.30202458853361824,0.1213569929711032,6.115066383031034,66.43478260869566,25.94098374017701,-42.34618862528142,1.2124900062668738,13,1736.641384068305,4.622388216829965,35.403543286660536,7.659145365107455,2.7534215638322976,4.369916537844883,274,74,227,True
8,3,8,95,575,3.1901342942200475,0.3190134294220047,0.0732954544038095,6.106921485128417,65.91304347826087,26.53026156959788,-41.94205059031158,1.2231367377373585,13,1834.3272191765273,4.533084867934354,37.58334048911072,8.290897166952176,2.901763187045496,4.6541127958936235,255,74,246,True
8,3,9,45,575,2.5651594769857873,0.2565159476985787,-0.05531732849916438,5.056649393772019,80.0,15.05587131040177,-47.39768785667815,1.2705996424068569,8,1474.9666992668276,6.323117667730268,50.53443049854665,7.992011718593617,3.0683822924222555,3.5872101566468952,449,42,84,True
8,3,9,75,575,2.717256032744082,0.2717256032744082,-0.4482674697405636,5.934861079153582,69.21739130434783,23.385254860060943,-43.75654923997971,1.2017353819597663,12,1562.4222188278472,5.5770646199497165,34.427989629179855,6.173138017090119,2.5458152901259115,3.840326476414448,330,59,186,True
8,3,9,90,575,2.949080213440854,0.2949080213440854,-0.4927111728104757,6.458359138049205,66.95652173913044,25.778496089483028,-43.3105256406446,1.2060664903587546,13,1695.7211227284909,4.948957067018052,34.49649421809396,6.970457361207116,2.6674490858937987,3.844225100460131,274,63,238,True
8,3,9,95,575,3.11896862232472,0.31189686223247204,-0.12914165570085448,6.3894319296250615,66.43478260869566,26.361870001520796,-42.88511597276802,1.2166780669578374,13,1793.406957836714,4.859646868216518,36.667746576203506,7.545352074040825,2.8121354254490805,4.092569199886077,255,63,257,True
8,3,10,45,575,2.4598491014642314,0.24598491014642315,-0.14741354618836677,5.047940072000049,80.34782608695652,15.052919368631485,-49.026862964299234,1.2553076112095396,8,1414.4132333419332,7.037935675745782,48.219469915262515,6.851365533424386,2.8298568290375425,3.1875929889926495,451,36,88,True
8,3,10,75,575,2.3956350717966584,0.23956350717966582,-0.7736941738510201,5.28974810481992,69.56521739130434,23.37279123641495,-45.55215044733087,1.1727991390409027,12,1377.4901662830785,6.253683806511624,30.039936255163767,4.80355853998963,2.1713854338250824,3.066216657182408,331,52,192,True
8,3,10,90,575,2.645681425375586,0.26456814253755856,-0.6895265061685442,5.818229526210884,67.30434782608695,25.768022280412264,-44.951903207066934,1.1800111721139803,13,1521.2668195909619,5.3996887869744725,30.669524416659776,5.679868901082423,2.327257149034292,3.254754450276663,275,55,245,True
8,3,10,95,575,2.8188849460315426,0.28188849460315424,-0.40870840029967975,6.390032907443618,66.78260869565219,26.35323999457937,-44.49625818822167,1.190716529961944,13,1620.858843968137,5.308232006764032,32.84632075019714,6.187808051408191,2.46966467536959,3.4878816125247307,256,55,264,True
8,3,11,45,575,2.4799863602449026,0.24799863602449024,-0.07035435441815356,4.957577963832524,80.52173913043478,15.056707732536672,-49.511281455568394,1.2571549848298769,8,1425.992157140819,7.625039474400241,48.660506393516336,6.381672718795177,2.664022870807349,2.889213522130263,452,32,91,True
8,3,11,75,575,2.438356710551805,0.2438356710551805,-1.022387885104503,5.548284171260333,69.73913043478261,23.385689229411142,-45.83681765762402,1.1757929191432757,12,1402.055108567288,6.571447494196661,30.617897421171804,4.6592318432447195,2.0848370516084014,2.8164108971165014,332,46,197,True
8,3,11,90,575,2.6505634397985776,0.2650563439798578,-0.8703827935651761,5.991526835294547,67.47826086956522,25.73157853035183,-45.23945717589479,1.1801553054072071,14,1524.073977884182,5.479068856177489,28.374608211577048,5.178728166481338,2.208168725305056,2.9340428294632335,275,48,252,True
8,3,11,95,575,2.823766960454535,0.2823766960454535,-0.41498536587789275,6.277470881795312,66.95652173913044,26.314992221234906,-44.77687369954779,1.1908487536570462,14,1623.6660022613576,5.394064306077083,30.374403166953545,5.6310791721064595,2.350291007786484,3.142585072867166,256,48,271,True
8,3,12,45,575,2.3329342573620044,0.23329342573620046,-0.26801552961845226,4.957729099912822,80.52173913043478,15.056707732536672,-50.26623644804756,1.238273614367652,8,1341.4371979831526,8.292356274982705,45.45750154249764,5.481855824217158,2.408820317927132,2.5106594458266693,452,28,95,True
8,3,12,75,575,2.6579932274972475,0.26579932274972473,-0.6255035583609706,5.910258920302626,69.91304347826087,23.356522837002522,-45.439168061642164,1.1944219256355169,12,1528.3461058109174,6.225166656259214,33.61301372109307,5.399536362178548,2.2188323320776253,2.891240330562196,332,38,205,True
8,3,12,90,575,2.83540343500489,0.283540343500489,-0.7557776284664202,6.474484040869411,67.65217391304348,25.695406861844866,-44.97395857059055,1.1948985670801988,14,1630.3569751278117,5.189425374239537,30.509407079643225,5.879149400835945,2.3002888659947778,2.9550373103850065,275,40,260,True
8,3,12,95,575,3.0086069556608472,0.30086069556608475,-0.6340557992787378,6.1391230934150895,67.13043478260869,26.2770279913383,-44.513141826198925,1.205628471368942,14,1729.9489995049871,5.105799848584563,32.52857097933759,6.370906017468586,2.4397997672544824,3.149446051830136,256,40,279,True
8,4,8,45,361,2.9717982395203273,0.29717982395203274,-0.7301591315055289,6.401030830778771,76.73130193905817,19.31783259397578,-50.93119600076731,1.2507629453596747,5,1072.8191644668382,7.264824632680429,59.97879543336351,8.256055509385881,2.2843662489898215,3.5667446796201894,265,43,53,True
8,4,8,75,361,2.8051538916718197,0.28051538916718194,-1.936442525605173,6.955589282621277,64.81994459833795,29.158606815130238,-45.75160188855867,1.1742825349823642,11,1012.660554893527,5.928870415277584,23.722930347805125,4.00125634162548,1.8144887840592177,2.7880599368486747,184,56,121,True
8,4,8,90,361,3.2977722251184174,0.3297772225118417,-1.1480337430725862,8.108948347065242,63.43490304709142,31.67263252376133,-45.928311171769664,1.1963692359492655,12,1190.4957732677487,4.993496413171746,25.689509341231954,5.144593530390584,2.18061534565109,3.392828596675829,145,59,157,True
8,4,8,95,361,2.8351454338278623,0.28351454338278625,-1.892367250475315,7.349908371608359,62.880886426592795,31.70309933205353,-46.06803019973352,1.1657975476013174,12,1023.4875016118583,5.617354601740266,21.87722994561392,3.8945787646797863,1.8360001917342577,2.6430441442503416,126,60,175,True
8,4,9,45,361,2.5740309607593224,0.25740309607593226,-1.276439265035001,6.336356827514798,77.28531855955679,19.307927573705644,-54.36203190524097,1.2084545767418795,5,929.2251768341154,7.2227044834729845,50.98774833979842,7.059370690918997,1.9148120040499688,2.8080014106646543,267,39,55,True
8,4,9,75,361,2.7672649260061646,0.2767264926006165,-1.6531994687043672,7.357788258292831,65.92797783933518,28.953578384860094,-47.90218713258925,1.1695498797352082,11,998.9826382882254,6.581999725322674,23.38268173063811,3.5525194023753635,1.6824001155780568,2.516250159478276,185,49,127,True
8,4,9,90,361,3.194968420113382,0.3194968420113382,-1.7329376149964113,7.622925942456398,64.54293628808865,31.448275758781353,-48.23488009480566,1.1868110660716948,12,1153.383599660931,5.500904719019195,24.836401688279253,4.514966711277187,1.9746085973061256,2.976866755944523,146,52,163,True
8,4,9,95,361,2.8371449744907995,0.28371449744907995,-2.262080506806151,7.283541058767541,63.988919667590025,31.485764213118422,-48.06924767260905,1.1638996600466707,12,1024.2093357911785,6.152853790629934,21.893559175139398,3.558277170258895,1.735106852658717,2.5006983834950267,127,52,182,True
8,4,10,45,361,2.123748703213537,0.21237487032135371,-1.6450434558463003,5.887318171285987,77.28531855955679,19.307927573705644,-56.34437208785106,1.165938031121327,5,766.673281860087,8.148370276217717,41.175586997944436,5.053229738236341,1.5079046630897839,2.1027625628492754,267,35,59,True
8,4,10,75,361,2.039863554886972,0.20398635548869717,-2.876768971166909,6.636404364105507,65.92797783933518,28.953578384860094,-50.03708058766264,1.1196495986975448,11,736.3907433141968,7.309049584749716,16.95668820788225,2.319958020706587,1.1921981010674438,1.6861866497329547,185,45,131,True
8,4,10,90,361,2.443711030524738,0.2443711030524738,-2.5057204348666215,7.479472775328346,64.54293628808865,31.448275758781353,-50.35366070137988,1.1368724472019953,12,882.1796820194304,6.09652497494247,18.705249743595907,3.0681822547233013,1.450010204744969,2.0737263346073393,146,47,168,True
8,4,10,95,361,2.0858875849021556,0.20858875849021555,-2.983655789648978,7.285515561508675,63.988919667590025,31.485764213118422,-50.155431654466746,1.1154879776588722,12,753.0054181496782,6.752579935737972,15.848449067799187,2.3470213190548703,1.2237745421718973,1.6873220697831965,127,47,187,True
8,4,11,45,361,2.763140243527139,0.2763140243527139,-1.1662755671377016,6.344971622454534,77.8393351800554,19.27727797815699,-55.24276854936022,1.2257068332441607,5,997.4936279132971,8.25108260891742,55.224317654885155,6.692978397186456,1.9360619101608014,2.555392330275592,269,28,64,True
8,4,11,75,361,2.9634248386843596,0.2963424838684359,-1.9260789380188044,7.714096571681526,66.4819944598338,28.944751241369243,-48.569784555070775,1.182032767250384,11,1069.7963667650538,6.973592754613861,25.150172104773105,3.60648707054671,1.6759787181276042,2.245834529188741,187,36,138,True
8,4,11,90,361,3.184106217664694,0.31841062176646945,-1.8897007387171028,7.91268659426969,64.81994459833795,31.363573072876136,-48.73711617697687,1.1857082509786192,12,1149.4623445769546,6.087212595178306,24.746461660385812,4.065319105166055,1.826358145512877,2.4656258490187795,146,38,177,True
8,4,11,95,361,2.826282772042112,0.2826282772042112,-2.3840974220585176,8.315319870856847,64.26592797783933,31.400169743479818,-48.56241317659004,1.162866904887987,12,1020.2880807072024,6.738387562494546,21.804868544687995,3.235917842727326,1.6059085500052035,2.0911497198803897,127,38,196,True
8,4,12,45,361,2.3592118633810393,0.23592118633810394,-1.9710410453930935,6.115064378471628,77.8393351800554,19.27727797815699,-57.06549536476949,1.186556577936576,5,851.6754826805552,8.775757473577125,46.25837783931688,5.271154994722217,1.610030993670848,2.0488936430667133,269,25,67,True
8,4,12,75,361,2.91735475852171,0.29173547585217097,-2.228420899820299,7.551016605798063,66.7590027700831,28.87303359921063,-49.21030024652855,1.1783442799831032,11,1053.1650678263372,6.52549352948463,24.73373499941969,3.7903240402681244,1.6289115938416434,2.0400774127451027,187,31,143,True
8,4,12,90,361,3.082612314787363,0.3082612314787363,-2.108636879553942,8.135268745599573,65.09695290858726,31.27973148312409,-49.50725280076129,1.1783966678413833,12,1112.823045638238,5.690563583884376,23.90791872261029,4.201327051386842,1.7465957636893208,2.2091317117724687,146,33,182,True
8,4,12,95,361,2.724788869164781,0.27247888691647804,-2.42518622834253,7.859739214319531,64.54293628808865,31.315451416173655,-49.31915154843732,1.1558168757225868,12,983.6487817684858,6.4155973339031185,20.977992134866554,3.269842392384681,1.5280651549851878,1.8723027833035597,127,33,201,True
8,5,8,45,230,2.085653366162265,0.20856533661622653,-3.168992341578379,6.983090999649749,74.78260869565217,23.521240766974522,-61.48195065003959,1.1345223158278557,5,479.700274217321,10.898777223373065,24.78816275789695,2.2743985173618637,1.242002520535945,2.2134956953434277,164,39,27,True
8,5,8,75,230,1.529839274245477,0.1529839274245477,-5.313077244401534,8.319573634448442,62.60869565217392,35.281106909718574,-54.98391118515136,1.0744114147025798,9,351.8630330764597,8.15116394863086,9.7135564056696,1.1916772214232267,0.8260898092035015,1.3378785801523738,107,50,73,True
8,5,8,90,230,2.1341525578424427,0.21341525578424425,-4.589675346602991,8.662606851721854,61.73913043478261,37.34407736527819,-54.68186247233798,1.1020063779566076,10,490.8550883037618,6.619785164202266,12.28053274863905,1.8551255734171468,1.179464128350356,1.8649719073367028,77,51,102,True
8,5,8,95,230,2.013512174313971,0.20135121743139706,-4.918792007784326,8.169125085031194,61.30434782608696,37.46802059595015,-54.155989931873684,1.0960827866787803,10,463.1078000922133,7.359831324486822,11.564033697667542,1.5712362400470998,1.1086181666605128,1.7515904758606493,66,51,113,True
8,5,9,45,230,1.092582479148812,0.10925824791488119,-5.008311593872671,6.549098531413923,75.21739130434783,23.512403250051012,-66.9535402114842,1.0658466472423753,5,251.29397020422675,13.337204193721181,12.58431135527145,0.9435494255382118,0.6185902367686579,1.0081221917373457,165,37,28,True
8,5,9,75,230,1.1657045652460316,0.11657045652460317,-5.373322987524965,7.750887837488291,63.91304347826087,34.892302663796784,-58.56694507917518,1.0551550991495808,9,268.11205000658725,9.902526462840413,7.353585550158348,0.7425969097636792,0.5831154312239232,0.923755301215003,108,45,77,True
8,5,9,90,230,1.6668865270992832,0.16668865270992833,-5.274602880628394,8.501928899184591,63.04347826086957,36.812633644462764,-58.287623261344315,1.0773817593798611,10,383.3839012328351,7.95704583781435,9.520323877134974,1.1964646265943877,0.8683558478523364,1.2975945185796238,77,46,107,True
8,5,9,95,230,1.5462461435708126,0.15462461435708125,-5.46936922261183,8.633105914989613,62.60869565217392,36.930304143101175,-57.70147887889863,1.0716673044449156,10,355.6366130212869,8.878885533651328,8.814218665827656,0.9927167809993066,0.8027074047808432,1.2064406249805102,66,46,118,True
8,5,10,45,230,1.1150318001220374,0.11150318001220375,-4.7650296424757945,7.15978061966726,75.65217391304347,23.481920672000133,-68.38208719464204,1.0669706802063976,5,256.4573140280686,12.327242374699923,12.852080809963873,1.042575494121955,0.6037038046900528,0.8989079946887923,166,32,32,True
8,5,10,75,230,0.9155562294648758,0.09155562294648759,-6.253957409293434,7.572328049484998,64.34782608695652,34.89669908914741,-60.416262590449946,1.0425055020013134,9,210.57793277692144,8.49693973499435,5.749772699143363,0.6766874755464164,0.43900958698356424,0.6537025409880365,109,40,81,True
8,5,10,90,230,1.2602486357653038,0.12602486357653037,-6.336979077795468,8.308584872892208,63.47826086956522,36.625933248531794,-60.20867938166217,1.0573120158728473,10,289.85718622601985,6.824232463966847,7.150969318363143,1.0478789162182742,0.6275031349056546,0.8862824233288125,77,41,112,True
8,5,10,95,230,1.1396082522368327,0.11396082522368327,-5.945484877978623,8.233428657142937,63.04347826086957,36.74150463755248,-59.593038522713385,1.0517450684750447,10,262.1098980144715,7.759817229287169,6.453872850569153,0.8317042347609543,0.5664811026254647,0.7936462783273902,66,41,123,True
8,5,11,45,230,0.6163427233719694,0.06163427233719694,-5.779871071539068,6.450764915289305,75.65217391304347,23.481920672000133,-70.43027447415126,1.0359420381753333,5,141.75882637555296,15.016140202391416,6.991465770329852,0.465596729658692,0.3245905799769172,0.4754864125934931,166,29,35,True
8,5,11,75,230,1.4211213095925013,0.14211213095925013,-5.356645590590872,8.366702030304321,64.78260869565217,34.81904676115246,-60.01456871858568,1.0672383858969898,9,326.8579012062753,7.2298399756356755,9.005799858843467,1.2456430417813835,0.6660445774970032,0.9542206090506395,109,34,87,True
8,5,11,90,230,1.722318063719017,0.17223180637190172,-5.518794898826234,8.677043315428264,63.91304347826087,36.53546092859551,-59.93469399817069,1.0796314837354701,10,396.1331546553739,6.728042261730207,9.845661466656397,1.463376876013328,0.8392673628000081,1.1482726926020366,77,35,118,True
8,5,11,95,230,1.601677680190546,0.1601677680190546,-5.840889835958305,8.8919398774002,63.47826086956522,36.64962105933568,-59.31498581213312,1.0739365603657633,10,368.38586644382553,7.250722786920318,9.138325578611006,1.2603330519125295,0.7816480677525752,1.0649585076684818,66,35,129,True
8,5,12,45,230,0.6187560532352439,0.06187560532352438,-5.447688761115893,6.523827364797098,75.65217391304347,23.481920672000133,-70.42036258364138,1.0360878503194384,5,142.31389224410609,14.914578372457852,7.019386778542835,0.47063930358938294,0.3222164277749778,0.4353604385439496,166,23,41,True
8,5,12,75,230,1.5395783212509082,0.15395783212509082,-5.821775615480039,8.288150875068686,64.78260869565217,34.81904676115246,-59.678209302765524,1.0732535744258542,9,354.10301388770887,6.956973086487615,9.777088925215605,1.4053653512337776,0.7184888376636146,0.941697240874369,109,27,94,True
8,5,12,90,230,1.7972794232035099,0.179727942320351,-5.857775926679871,8.69331654531066,63.91304347826087,36.53546092859551,-59.72696974899678,1.0833863308386453,10,413.3742673368073,6.2113083809704905,10.286523266905622,1.6560960486876353,0.8725310548470813,1.094062091346169,77,28,125,True
8,5,12,95,230,1.6766390396750388,0.16766390396750389,-5.547623566237642,8.603182720187936,63.47826086956522,36.64962105933568,-59.10973447068748,1.0776656740492616,10,385.6269791252589,7.009642147804801,9.577522102960234,1.3663353850324031,0.8153575383957031,1.0179201954230612,66,28,136,True
12,2,8,45,594,2.0654715232663152,0.20654715232663154,0.14312411518458587,3.9840236919881185,81.81818181818183,11.47445863570931,-40.27497048272717,1.2820633570131792,7,1226.8900848201913,5.562690361476836,47.75358941582388,8.584621165781696,3.1659077856179483,4.239092302774713,480,35,79,True
12,2,8,75,594,1.1781832164688943,0.11781832164688945,-1.4285748217513896,3.499842974826147,70.03367003367003,17.986321391461026,-38.103757686883505,1.1031837881124724,9,699.8408305825233,7.88586447158747,19.84309577580563,2.5162866857907207,1.289826902919265,1.6885844986437355,364,55,175,True
12,2,8,90,594,1.6734127759227697,0.167341277592277,-1.1178165572832512,4.302917702482593,67.17171717171718,20.591387820743478,-37.0356746234796,1.137636827610222,9,994.0071888981253,8.594972239139974,28.817999361002954,3.352890336256226,1.7341868365515807,2.2972656779623217,319,59,216,True
12,2,8,95,594,1.4731188384055458,0.14731188384055457,-1.5580306276761517,4.345511974040228,65.65656565656566,21.240721972946105,-36.31788715409846,1.1181064146997226,9,875.0325900128942,9.401390650418326,25.14235007551573,2.6743224497747033,1.4955360285377055,1.9599675818100357,297,60,237,True
12,2,9,45,594,1.8857947055879445,0.18857947055879445,-0.19739824798464323,3.9389923399694995,81.81818181818183,11.47445863570931,-41.2631929799582,1.2513589020067202,7,1120.162055119239,5.2442374333152895,43.16273865468248,8.230508096464268,2.807704489200633,3.609655858626424,480,31,83,True
12,2,9,75,594,0.9467649322403032,0.09467649322403032,-1.8089871959267059,3.5318968019919357,70.2020202020202,17.96127848988865,-39.13827548323631,1.0811808615968865,9,562.3783697507401,7.702136683854087,15.778907197401647,2.0486402468653684,1.0209200014489468,1.3717554962944642,364,49,181,True
12,2,9,90,594,1.3746274883271745,0.13746274883271745,-1.5911307795488459,4.188496610862674,67.34006734006735,20.55876792978107,-38.18030125693859,1.110237762166668,9,816.5287280663417,8.661140443545166,23.357750925455335,2.696844725900158,1.4031658362798518,1.8726055519974623,319,53,222,True
12,2,9,95,594,1.1574917999681997,0.11574917999681998,-1.7391380126656948,4.068001276225792,65.82491582491582,21.205690539347216,-37.45751168326921,1.0904210209638898,9,687.5501291811106,9.6511654329956,19.47636197028959,2.0180321335808227,1.1661158656413875,1.5464166912732353,297,54,243,True
12,2,10,45,594,2.092805746443977,0.2092805746443977,-0.14752812567248916,4.031912883499646,82.32323232323232,11.464703813633204,-41.553462395037265,1.2849173184975566,7,1243.1266133877223,5.941571495710272,48.45944937851125,8.155998697229895,2.9543034520362856,3.493895468909063,482,26,86,True
12,2,10,75,594,1.014456778178513,0.10144567781785128,-1.59982584312643,3.5859523335953223,70.70707070707071,17.94667652998372,-39.856418484799576,1.0868905356966012,9,602.5873262380367,8.1833982569625,16.959214549574895,2.072392668308164,1.0739745980899411,1.3694951154487915,365,42,187,True
12,2,10,90,594,1.3298251336586733,0.13298251336586733,-1.61870875342717,4.359365341471752,67.84511784511784,20.457698831418455,-39.028986909258556,1.1059644861123683,9,789.9161293932519,10.044464730945013,22.55093043561982,2.2451102213684773,1.3221395141605496,1.6944852050435177,319,46,229,True
12,2,10,95,594,1.0958476944579474,0.10958476944579473,-1.9402595526768511,3.921291760632569,66.32996632996633,21.097386949324793,-38.30718463762974,1.0849623297386097,9,650.9335305080208,11.243283470779396,18.387688110458477,1.6354375621896353,1.072494515948124,1.369315735628022,297,47,250,True
12,2,11,45,594,1.8705567485161712,0.18705567485161712,-0.30553579031917927,3.9821125603333054,82.32323232323232,11.464703813633204,-42.81075672617171,1.2471810254706264,7,1111.1107086186057,6.255220430909038,42.777303528781644,6.838656447246104,2.5344724552228253,2.8317864373373207,482,23,89,True
12,2,11,75,594,0.8137719892373868,0.08137719892373868,-2.068181129492337,3.365164336493355,70.70707070707071,17.94667652998372,-40.54151483325376,1.068523566918109,9,483.38056160700773,8.240834486067612,13.48039097683702,1.6358041166374202,0.8215955263221875,0.9940567767297299,365,37,192,True
12,2,11,90,594,1.1054674158427142,0.11054674158427141,-1.7840564964929708,4.060696578623439,67.84511784511784,20.457698831418455,-39.72672766518881,1.0865398684324115,9,656.6476450105723,10.249527449746411,18.557193791104897,1.8105414012588483,1.0459617094264297,1.2833979944159508,319,40,235,True
12,2,11,95,594,0.8546482258002377,0.08546482258002377,-2.549496316780335,3.938133952443543,66.32996632996633,21.097386949324793,-39.023547059543134,1.06504547694636,9,507.66104612534116,11.458598862890886,14.183978942254093,1.2378458406628978,0.7985316405303369,0.9746096924340967,297,41,256,True
12,2,12,45,594,1.6136211595435008,0.16136211595435007,-0.7607819016700919,3.7753058827945334,82.32323232323232,11.464703813633204,-44.26427805807424,1.206226912926709,7,958.4909687688395,6.95135516061111,36.36976318503642,5.232039270719563,2.097523180036197,2.247665455951676,482,22,90,True
12,2,12,75,594,0.5733478049716337,0.05733478049716337,-2.5403584041687246,3.2742271868336106,70.70707070707071,17.94667652998372,-41.362273255402364,1.047320677236562,9,340.56859615315045,9.60853777041558,9.393540996748762,0.9776244025049485,0.5587976738141187,0.6416120134157038,365,33,196,True
12,2,12,90,594,0.8988722459606395,0.08988722459606395,-2.239051967310883,3.9808422359884648,67.84511784511784,20.457698831418455,-40.369227827021014,1.069246943130588,9,533.9301141006199,11.402180178849767,14.94806423200239,1.3109829872474728,0.8333282432173297,0.9918950242255701,319,35,240,True
12,2,12,95,594,0.6312113050764121,0.0631211305076412,-2.66731151922797,3.525591851761675,66.32996632996633,21.097386949324793,-39.6871547140929,1.0472368853242897,9,374.9395152153888,12.602048917664078,10.369107670719146,0.8228112538259508,0.5776169358971224,0.6851924095161802,297,36,261,True
12,3,8,45,376,1.5072317608019814,0.15072317608019814,-1.8778969703790407,4.55306763735598,78.19148936170212,15.560553023122505,-48.87906642361549,1.1413940477020232,6,566.719142061545,6.265196762158238,24.379320046474163,3.891229752547462,1.454405457098292,1.7685586328401193,285,39,52,True
12,3,8,75,376,1.0159285128375106,0.10159285128375106,-3.069710936601792,4.795960069083906,67.2872340425532,23.842251764901743,-45.9357770381564,1.067607490470209,7,381.989120826904,9.313891857533196,13.704640658495194,1.47141934522363,0.7723503534764177,1.1153911874263538,208,54,114,True
12,3,8,90,376,1.179575430408479,0.11795754304084788,-2.9378731533967306,5.195089648084469,64.8936170212766,26.61399482066748,-45.83556344249452,1.0733055838918402,7,443.520361833588,11.26900123037084,16.00914187248703,1.4206353824277826,0.864707366649767,1.1906852571005424,174,58,144,True
12,3,8,95,376,1.157723784731377,0.11577237847313772,-2.993568350439122,5.348891052345496,64.36170212765957,26.948495837793786,-45.419640669306695,1.071522767092972,7,435.3041430589978,12.651937343329077,15.699854653728185,1.2409051853237454,0.8315182927136627,1.1570211153168561,156,58,162,True
12,3,9,45,376,1.2353818113818673,0.12353818113818674,-1.941732258185139,4.144961691088802,78.45744680851064,15.518665823637084,-50.783985887572314,1.112921657584648,6,464.50356107958214,6.342170999393263,19.75096803393526,3.1142282407435524,1.145453508609881,1.2939001240505519,285,34,57,True
12,3,9,75,376,0.6066302427678737,0.06066302427678737,-3.587445374875034,4.505931237044274,67.81914893617021,23.697399831885665,-48.055735420248965,1.0392266575855742,7,228.0929712807205,10.994854950969103,8.059122408984987,0.7329903345632262,0.44632044970387375,0.6094106952667598,208,48,120,True
12,3,9,90,376,0.6638516284239481,0.0663851628423948,-3.802372032006386,5.037095409206573,65.42553191489363,26.44130893029906,-48.11502911204741,1.0399056844997485,7,249.60821228740446,14.112886053316348,8.838262031046028,0.626254757365461,0.47135913274543395,0.6082130480827777,174,52,150,True
12,3,9,95,376,0.6419999827468462,0.06419999827468462,-3.623213850945705,4.8118198487811865,64.8936170212766,26.7716526776918,-47.6582671200302,1.0383716684237838,7,241.39199351281417,15.45603996343988,8.540337605500437,0.5525566461850496,0.4470670495118786,0.5848551720342063,156,52,168,True
12,3,10,45,376,1.2274145343853657,0.12274145343853658,-1.7601705158726975,4.379652752546471,78.98936170212765,15.512899799853457,-52.47877690667821,1.1113187473547488,6,461.5078649288975,7.1510841741377575,19.616872316902167,2.7432025465239995,1.0728986933638478,1.1346939697075749,287,29,60,True
12,3,10,75,376,0.3611471227900348,0.03611471227900348,-3.9558943951457075,4.267685394531304,68.35106382978722,23.697507875922433,-50.03754794910094,1.0228049447024545,7,135.79131816905308,12.050281588798663,4.753734668841303,0.3944915837701366,0.25648194406048885,0.3365206945783448,209,42,125,True
12,3,10,90,376,0.359734536212055,0.0359734536212055,-3.983066600777191,4.665012916720392,65.95744680851064,26.311205680138716,-49.92124080514585,1.0211677470968226,7,135.26018561573267,15.36723640248561,4.734888490113964,0.30811580990243037,0.24835136794355567,0.3196918623987838,174,45,157,True
12,3,10,95,376,0.337882890534954,0.0337882890534954,-4.349103604422663,4.783941628285615,65.42553191489363,26.63780595600664,-49.42966383335763,1.0197707450871614,7,127.04396684114272,16.71600718447321,4.4436055715009415,0.2658293647796717,0.22874983281709296,0.29891473697859894,156,45,175,True
12,3,11,45,376,0.7988207078148222,0.07988207078148221,-2.589481279753238,4.383140843447876,78.98936170212765,15.512899799853457,-54.518666511621554,1.0697372541605898,6,300.35658613837313,7.402032283492815,12.53265977112552,1.693137680454928,0.666374859973636,0.6677439231746471,287,26,63,True
12,3,11,75,376,0.04643930722504353,0.0046439307225043525,-4.571399437771636,4.286864681431053,68.35106382978722,23.697507875922433,-51.03191886214662,1.002875310281323,7,17.46117951661637,11.994121105091207,0.6040302636831196,0.050360527327569155,0.031610793179296534,0.03934395148836592,209,37,130,True
12,3,11,90,376,0.03423491279692933,0.0034234912796929327,-4.881616944518272,4.326292980599193,65.95744680851064,26.311205680138716,-50.87739594892778,1.001976615635791,7,12.872327211645427,15.28704763091181,0.44508262198073023,0.02911501505893999,0.02267038528947798,0.028081444221511886,174,39,163,True
12,3,11,95,376,0.0123832671198281,0.00123832671198281,-4.622329366688573,4.887290101302429,65.42553191489363,26.63780595600664,-50.37110889800445,1.000711046858609,7,4.656108437055366,16.65283316333579,0.16085909951344401,0.009659563507043611,0.00807837298787158,0.010004282427627124,156,39,181,True
12,3,12,45,376,0.7244318362537799,0.072443183625378,-2.9950652926114727,3.946497542754604,78.98936170212765,15.512899799853457,-54.8727198750007,1.0628350252637846,6,272.38637043142126,8.008449696257152,11.328850577173055,1.4146121917289103,0.5832039038690676,0.5486580021327766,287,23,66,True
12,3,12,75,376,0.6126301069440427,0.06126301069440428,-4.1160259218867346,4.72081656824586,68.61702127659575,23.65085396741554,-49.75907968968007,1.03923122182901,7,230.34892021096007,10.920428206004386,8.14066395298303,0.7454528155321825,0.4051900280380932,0.4606275920938994,209,30,137,True
12,3,12,90,376,0.5472129465584818,0.054721294655848185,-3.9958699733384644,5.149944599439057,66.22340425531915,26.252368707451993,-49.85108456889415,1.032498691591009,7,205.75206790598918,13.473340207054813,7.253553811342073,0.5383634421658869,0.35166077870181084,0.40326974878584954,174,32,170,True
12,3,12,95,376,0.5253613008813807,0.05253613008813807,-3.9217699547196863,5.127287649800143,65.69148936170212,26.577170302262264,-49.35678461649131,1.0310248259500632,7,197.53584913139912,14.870837376631263,6.958181826293908,0.467907868942762,0.3326590425937539,0.38162720388368343,156,32,188,True
12,4,8,45,255,0.9649469746695236,0.09649469746695237,-3.648344059279441,5.008832298513876,75.29411764705883,19.436786519503993,-55.33018306673075,1.070589640918127,5,246.06147854072853,9.591312848561405,12.313336309716117,1.283800925288657,0.7122092061336793,1.1821617566580422,182,35,38,True
12,4,8,75,255,0.4827105159804731,0.04827105159804731,-4.712196329206784,5.442481828045234,64.31372549019608,28.82019958192178,-50.58704999846321,1.0267390635947211,5,123.09118157502064,12.148565132345764,6.054929267388887,0.4984069477692911,0.2771685617401865,0.4207041497608181,127,45,83,True
12,4,8,90,255,1.0475534570816498,0.10475534570816497,-4.413355375598723,6.704514381961128,62.745098039215684,31.514377359477987,-50.26499206274379,1.055940604006604,6,267.1261315558207,9.80311304968993,11.103302995845322,1.132630312388014,0.5970020443054946,0.9032746275044854,100,47,108,True
12,4,8,95,255,0.33029446991614086,0.033029446991614086,-5.317374138527949,5.738468791621087,61.96078431372549,31.45555891063272,-50.368589876818085,1.0172389161035458,6,84.22508982861592,14.193242189934164,3.4269921945884185,0.24145238619396198,0.18066181024851333,0.2609128479540657,84,48,123,True
12,4,9,45,255,0.320581901513569,0.032058190151356906,-4.43420237096149,4.8990134246256,75.68627450980392,19.42384428643471,-59.14602519993451,1.0222926618046309,5,81.7483848859601,12.759028005623337,3.9979649847949883,0.31334400888789876,0.22369366140167443,0.3378965178559122,183,32,40,True
12,4,9,75,255,-0.1395071228650875,-0.013950712286508751,-5.990150838999356,5.11283934082834,65.09803921568627,28.66447748627382,-53.863793023056765,0.9925792188590614,5,-35.57431633059731,16.872338330446578,-1.711155796263586,-0.10141782145132547,-0.07601591171829693,-0.10899755680250625,127,41,87,True
12,4,9,90,255,0.3468730731380505,0.03468730731380505,-5.615351352492423,6.132126363416206,63.52941176470588,31.321548819770136,-53.60901371131785,1.0177414863992507,6,88.45263365020287,13.95884152861509,3.6007908683914236,0.2579577152595321,0.18733178883964863,0.27025742005074255,100,43,112,True
12,4,9,95,255,-0.2306156129033654,-0.02306156129033654,-6.367024015897738,5.439620781016077,62.745098039215684,31.261055244789084,-53.269219162701184,0.9883793893468326,6,-58.80698129035818,17.179828526987123,-2.3527236404872642,-0.1369468639801301,-0.12077503332572967,-0.17070234416785143,84,43,128,True
12,4,10,45,255,0.175024339032872,0.0175024339032872,-4.973741626257028,4.822099159121827,76.07843137254902,19.41100272042823,-61.0016937919622,1.0119940787985628,5,44.63120645338236,11.85521326532399,2.1713322335200846,0.18315421114111394,0.11655192061420873,0.16058524882368344,184,28,43,True
12,4,10,75,255,-0.5734499195708557,-0.05734499195708556,-6.095814015055199,5.230248063557695,65.49019607843137,28.693015619612208,-56.11321974961143,0.9703866311913918,5,-146.2297294905682,16.917487691412585,-6.923477165759174,-0.4092497238389345,-0.29828074860666925,-0.3995983303936622,128,37,90,True
12,4,10,90,255,-0.27065229282413616,-0.027065229282413616,-6.285423017244754,5.569937009418299,63.921568627450974,31.170034965620612,-55.97534819637298,0.9865980726349256,6,-69.01633467015472,14.564258198842264,-2.757832368891966,-0.18935618493162876,-0.13979638507911527,-0.19039358071672077,100,39,116,True
12,4,10,95,255,-0.8481409788655523,-0.08481409788655522,-6.820234833193531,4.89614172766232,63.13725490196078,31.108034967451243,-55.581591269897515,0.9586048559961221,6,-216.27594961071583,17.82389979003563,-8.491670863101719,-0.4764204782978498,-0.42496420650184097,-0.5708735348800363,84,39,132,True
12,4,11,45,255,0.14757737338719035,0.014757737338719034,-4.62699836959053,4.540929496229702,76.07843137254902,19.41100272042823,-61.11643110736627,1.0100942053651456,5,37.632230213733536,12.72026020341254,1.829019563463774,0.14378790482391957,0.09741509529551613,0.12645124504544739,184,23,48,True
12,4,11,75,255,-0.26048922300488625,-0.026048922300488622,-6.453782668462572,5.730104183918501,65.49019607843137,28.693015619612208,-55.20634500388051,0.9863271744271471,5,-66.424751866246,16.688158632444164,-3.181088488555528,-0.19061950204446387,-0.1329075899900623,-0.1662646527963282,128,30,97,True
12,4,11,90,255,-0.03615434135620525,-0.003615434135620525,-6.0536366885956125,5.924043622446342,63.921568627450974,31.170034965620612,-55.32538104828252,0.9981887083148214,6,-9.21935704583234,14.313918101807301,-0.37101569021960046,-0.025919925458617467,-0.018346809706491225,-0.023399165051373794,100,32,123,True
12,4,11,95,255,-0.613643027397622,-0.061364302739762205,-6.955875161645313,5.386543683981369,63.13725490196078,31.108034967451243,-54.9454532100643,0.9697032271554008,6,-156.47897198639362,17.568443611818157,-6.187987027530628,-0.352221697280459,-0.30279400062918166,-0.37832435393703623,84,32,139,True
12,4,12,45,255,-0.24158890811095518,-0.02415889081109552,-5.254796841373145,4.512968161221394,76.07843137254902,19.41100272042823,-62.743273759530645,0.9839039185418907,5,-61.60517156829357,13.354667736359618,-2.952305279238676,-0.22106916753912834,-0.15567561373486694,-0.19645716466118576,184,21,50,True
12,4,12,75,255,-0.10380904844803164,-0.010380904844803165,-6.301880631117013,5.77668625381564,65.88235294117646,28.591633380692752,-55.51569787713368,0.9945192456862032,5,-26.47130735424807,17.201501956845703,-1.2749412175177999,-0.07411801717758779,-0.05184994473325359,-0.0608763178690543,128,26,101,True
12,4,12,90,255,0.04206308810261001,0.004206308810261,-6.359501264184289,5.912028849618086,64.31372549019608,31.051076212666487,-55.84231221330921,1.0021107487917862,6,10.726087466165552,14.70062408502054,0.43266915898279024,0.029432026591555804,0.020911758864109023,0.025065876570923865,100,28,127,True
12,4,12,95,255,-0.5354255979388063,-0.05354255979388063,-6.637092604787914,5.395216921691009,63.52941176470588,30.98799030395553,-55.447182330270856,0.9735225058467989,6,-136.5335274743956,17.959910109520813,-5.412109589936554,-0.3013439130225666,-0.2586661798892094,-0.30580996011231254,84,28,143,True
12,5,8,45,163,-1.0919530411958258,-0.10919530411958257,-7.8804777577045835,5.233387737241647,71.77914110429448,23.157253106515444,-62.76928172124405,0.9383566012344816,4,-177.9883457149196,18.659282986441255,-10.418885415647704,-0.5583754436447839,-0.651569646311622,-1.0624182462452183,110,31,22,True
12,5,8,75,163,-3.7541157962892804,-0.375411579628928,-11.083586904611979,3.8397568457594304,59.50920245398773,32.953871326869795,-57.70373323487155,0.8393253280814735,4,-611.9208747951527,25.144026949172428,-33.05734094385907,-1.3147194365756554,-1.8905688018564164,-3.08771063048509,67,40,56,True
12,5,8,90,163,-3.2788788419739054,-0.3278878841973905,-11.154333391592315,4.371104101035665,58.282208588957054,35.34080713581583,-57.23285189918014,0.8626721332481768,4,-534.4572512417466,26.023996570563,-29.297540031313208,-1.125789421001272,-1.54183736867421,-2.5712405359566315,48,41,74,True
12,5,8,95,163,-3.5032190136194665,-0.35032190136194663,-11.253482341365798,4.126610431053156,57.668711656441715,35.41157910952439,-56.51758167413427,0.8535726399925251,4,-571.0246992199731,27.251832105430907,-31.087400598886983,-1.1407453443356457,-1.6462975156220327,-2.746110691599294,40,41,82,True
12,5,9,45,163,-2.994554268189696,-0.29945542681896964,-10.486692524646244,4.025925219626346,71.77914110429448,23.157253106515444,-69.51110780820059,0.8473461539470315,4,-488.1123457149205,24.2732014460809,-26.990342035837443,-1.1119399349027874,-1.6573174751161068,-2.5162537908395315,110,31,22,True
12,5,9,75,163,-5.60553032735812,-0.560553032735812,-12.973363021462367,2.63592082284189,60.122699386503065,32.69458112389949,-63.3503137461773,0.7781077243157277,4,-913.7014433593736,31.084104800729545,-46.57212775069406,-1.4982618302586925,-2.6713589624052667,-4.125179230783899,67,39,57,True
12,5,9,90,163,-5.191667606171581,-0.5191667606171582,-14.125335907280618,3.416257100656036,58.895705521472394,35.05125113894045,-62.85316312155599,0.7990479031572332,4,-846.2418198059678,31.51052946581867,-43.705410185285324,-1.387009705206482,-2.3168678080634915,-3.5940983947398135,48,40,75,True
12,5,9,95,163,-5.416007777817143,-0.5416007777817142,-14.369986482563183,3.0264502683135843,58.282208588957054,35.11823018664287,-62.04472258110686,0.7907559468067671,4,-882.8092677841943,32.7629206288728,-45.270256324334056,-1.381752769758841,-2.4161538523245794,-3.7827871387089407,40,40,83,True
12,5,10,45,163,-2.6024592397490833,-0.26024592397490837,-10.063478266292595,4.037942129399295,72.39263803680981,23.104501643588844,-70.0118233338352,0.8653558036090889,4,-424.2008560791006,21.952129585519113,-23.73712345402734,-1.0813130161952813,-1.379300648005336,-1.8257339410598252,111,26,26,True
12,5,10,75,163,-5.603215880067157,-0.5603215880067157,-14.321508451727569,3.3675712527013015,60.73619631901841,32.702013089857914,-64.85661694292,0.779965543730016,4,-913.3241884509466,29.914348454918287,-46.55634006849173,-1.556321379977684,-2.5464451071566483,-3.586567898647985,68,34,61,True
12,5,10,90,163,-5.415178650662129,-0.5415178650662129,-14.351544159064858,2.6294097028063783,59.50920245398773,34.758194844656494,-64.45786393923647,0.7925179413870225,4,-882.674120057927,31.186758077644505,-45.2645204709613,-1.4514019173864727,-2.3071811664531126,-3.270569422139692,48,35,80,True
12,5,10,95,163,-5.639518822307691,-0.5639518822307691,-14.250704756047055,2.9083966459545354,58.895705521472394,34.821423524213216,-63.61340636359139,0.7843218247879077,4,-919.2415680361536,32.50942829172638,-46.80366067704054,-1.4396949788548583,-2.4018997849356407,-3.428845402416118,40,35,88,True
12,5,11,45,163,-3.282400903228434,-0.3282400903228434,-10.779062963730736,3.3386818586879117,72.39263803680981,23.104501643588844,-72.47472313710485,0.8359485213703531,4,-535.0313472262347,24.51279329470789,-29.325848260835574,-1.1963486946698474,-1.7010223904983273,-2.2255332553701193,111,23,29,True
12,5,11,75,163,-4.866111800712953,-0.4866111800712953,-13.80241243378769,4.084110314334691,61.34969325153374,32.60825798113833,-64.34923843857212,0.8043473537299105,4,-793.1762235162114,27.853824811305632,-41.3884065396554,-1.4859146569650354,-2.169786975426434,-2.887706820447626,68,28,67,True
12,5,11,90,163,-4.7394488044367575,-0.4739448804436758,-14.35495013561345,4.399956171237426,60.122699386503065,34.64154491989366,-64.11387011188877,0.8146254579727252,4,-772.5301551231915,29.385750005531364,-40.47210105638921,-1.3772696306465217,-1.9763815574867707,-2.631806951057145,48,29,86,True
12,5,11,95,163,-4.96378897608232,-0.496378897608232,-13.787374404914262,4.070380140076563,59.50920245398773,34.70291918084915,-63.26182975217857,0.8062171985782065,4,-809.0976031014181,30.7144232446376,-42.08933792473609,-1.370344401048925,-2.0777983592470397,-2.747862700690861,40,29,94,True
12,5,12,45,163,-3.200938735568919,-0.3200938735568919,-10.420675062237013,3.8984566585418805,72.39263803680981,23.104501643588844,-72.17964906313816,0.8393659214135623,4,-521.7530138977338,23.265885157196774,-28.669402063761005,-1.2322506481079563,-1.659083314089803,-2.1493589836574087,111,19,33,True
12,5,12,75,163,-4.620907014569508,-0.46209070145695086,-13.744095391114131,3.125889404000105,61.34969325153374,32.60825798113833,-63.714819706169244,0.8123563700140062,4,-753.2078433748298,27.56473271510521,-39.606986918213686,-1.4368717929381347,-2.052213780608262,-2.5791710214019177,68,23,72,True
12,5,12,90,163,-4.55561825142215,-0.45556182514221494,-13.239790455136172,4.015289152723098,60.122699386503065,34.64154491989366,-63.652879648175215,0.8205251842647545,4,-742.5657749818104,29.31609043974046,-39.12738361808491,-1.334672633054932,-1.8841036725801783,-2.358345292497418,48,24,91,True
12,5,12,95,163,-4.779958423067711,-0.4779958423067711,-13.190504638256883,3.8337740130079045,59.50920245398773,34.70291918084915,-62.80782399246067,0.8120449319475727,4,-779.133222960037,30.623376211478355,-40.76606234695518,-1.3312073125260144,-1.985152530186117,-2.4687578467071307,40,24,99,True
