vp,gp,pp,sl,tp,n_trades,expectancy_usdt,expectancy_pct,ci_low,ci_high,win_rate,avg_win,avg_loss,profit_factor,peak_concurrent,total_net,max_dd_pct,cagr_pct,calmar,sharpe,sortino,n_tp,n_sl,n_time,eligible
20,10,2,10,45,269,6.201724454711806,0.6201724454711806,-0.950143004070372,12.446285392463047,80.29739776951673,30.341810281847227,-92.18051212380237,1.3414678029463734,6,1668.2638783174757,8.775181625393223,80.94412252589962,9.224210504278018,2.9826410892248725,5.162212170251205,215,43,11,True
20,10,2,10,75,269,12.897597664082856,1.2897597664082854,4.879898612192823,21.094837556221982,72.4907063197026,47.59171324222349,-78.52608527831474,1.5970565100931091,6,3469.4537716382883,7.365559456155839,201.32078406594687,27.332721331533214,4.6458847567926504,8.168970831764211,160,48,61,True
20,10,2,10,90,268,14.134922056722338,1.4134922056722339,5.984751347824386,23.208461125601413,70.8955223880597,51.06202685543083,-75.81571783756758,1.6405814498169573,6,3788.1591112015867,7.479605148127398,226.42186772497433,30.27190115532523,4.755709221401862,9.490089483115344,131,48,89,True
20,10,2,10,95,267,14.970641558876162,1.4970641558876163,6.21176848737046,23.22104102988643,70.78651685393258,51.87715172223892,-74.45667152927207,1.6882614625567636,6,3997.161296219935,7.5052463518563135,243.52540970465841,32.447357260221835,4.834157228334936,10.314098999724722,121,47,99,True
20,10,2,11,45,269,7.826292751970612,0.7826292751970612,1.0949668602131761,14.570567005410139,82.15613382899627,31.021332836311696,-98.96753763634979,1.4431740953819525,6,2105.2727502800944,7.921429053127042,106.88468581814715,13.493106496479147,3.8512456951292324,7.044322503628362,219,37,13,True
20,10,2,11,75,269,15.172359695316175,1.5172359695316173,6.926726928047368,23.59129974606992,74.34944237918215,49.052661352889096,-83.03141322518505,1.712383561679485,6,4081.364758040051,5.998191171295955,250.5612406701756,41.77280008500295,5.528757603414894,10.779721653570054,164,42,63,True
20,10,2,11,90,268,16.822214976014372,1.6822214976014371,7.491644582329762,25.20990693240528,72.76119402985076,53.02675285561334,-79.88853689414725,1.7730554480037168,6,4508.353613571851,4.91300157174157,287.53500381403813,58.52532298541728,5.362497738749598,13.286238921690444,135,42,91,True
20,10,2,11,95,267,17.48758408930489,1.748758408930489,8.057296473719136,27.036500384323837,72.65917602996255,53.53112645912425,-78.29936412637946,1.8168832328352171,6,4669.184951844405,4.934996563410728,302.0279758947579,61.201253539681716,5.446178970024423,15.663813320876043,123,41,103,True
20,10,2,12,45,269,9.440969837163978,0.9440969837163977,2.2525776091456247,16.54443625260158,83.64312267657994,31.36072426434654,-102.64868348365594,1.562293197980176,6,2539.62088619711,6.642447366945242,134.70859923970897,20.279964868078338,4.498060996034274,7.6198447136386145,223,32,14,True
20,10,2,12,75,269,17.600313321872857,1.7600313321872858,8.902360769211764,25.7575448069143,76.2081784386617,49.55452712780534,-84.75302777525461,1.872845712688459,7,4734.484283583799,4.434100743089216,248.61139391589444,56.06805264931534,6.1262844545518975,11.676100213209315,167,36,66,True
20,10,2,12,90,268,19.34711755247633,1.934711755247633,10.515386468881612,28.626187445966377,74.6268656716418,53.559584812074654,-81.27778615222464,1.938145686309854,7,5185.027504063656,3.95262444316673,281.8504710671461,71.30717201185335,6.039731354559739,13.416941153976476,137,36,95,True
20,10,2,12,95,267,19.567405565952996,1.9567405565952996,10.169980591893346,28.728128558851946,74.15730337078652,54.31251111948802,-80.13594080506054,1.9448613345264332,7,5224.49728610945,4.075628443505711,284.8471734745225,69.89036842365027,5.950621383560368,15.318312478380838,125,36,106,True
20,10,2,13,45,269,9.66558826035534,0.9665588260355341,2.6205254536740705,16.901901694836667,84.01486988847584,31.35391006344273,-104.32419610005745,1.5795982539832967,6,2600.0432420355864,6.437349653222727,138.7429915887191,21.552812735480394,4.409017378574374,7.522129687048046,224,28,17,True
20,10,2,13,75,269,17.79173970869694,1.7791739708696943,9.23127481737127,26.74260012706563,76.57992565055763,49.60964135086107,-86.24774820060162,1.8808102942441574,7,4785.977981639477,4.570756749576743,252.32073485864547,55.203273480263555,6.07151031759439,12.557093925446543,168,32,69,True
20,10,2,13,90,268,19.534357644467967,1.9534357644467968,9.535193137633694,28.691928369263763,75.0,53.5896102790562,-82.63140025929674,1.9456142620441765,7,5235.207848717415,4.379372268217355,285.66273189462635,65.22915029804186,5.993907079878915,13.6459247482308,137,32,99,True
20,10,2,13,95,267,19.755346931697414,1.9755346931697413,9.847473923701536,29.427059758584285,74.53183520599251,54.33905480067334,-81.45285697898213,1.9523151374261791,7,5274.67763076321,4.238453014595286,288.6769108895194,68.10902701892617,5.900800473769881,15.129029974395126,125,32,110,True
20,10,2,14,45,269,9.307118404349112,0.9307118404349111,1.6176558790755853,16.812788484509422,84.01486988847584,31.35391006344273,-106.56671682716618,1.5463582149680446,6,2503.614850769911,6.927527288672854,132.32362939324224,19.10113434119611,4.352773317799439,6.391611685075367,224,26,19,True
20,10,2,14,75,269,17.26990130825807,1.7269901308258069,7.950631646881113,26.03674404252298,76.57992565055763,49.60964135086107,-88.47591533898343,1.8334441870373688,7,4645.603451921421,4.956261617479116,242.26295671661728,48.880179339652884,5.957137813407661,11.479840137773872,168,30,71,True
20,10,2,14,90,268,19.010572085818506,1.9010572085818505,10.1217717309767,28.508629360392266,75.0,53.5896102790562,-84.7265424938946,1.897502554748456,7,5094.833318999359,4.75504042097534,275.05405914361154,57.84473627822353,5.807203747481516,12.28894631750759,137,30,101,True
20,10,2,14,95,267,19.229599629382605,1.9229599629382605,9.654980231836968,28.105427997421472,74.53183520599251,54.33905480067334,-83.5171882983653,1.9040588998107946,7,5134.303101045156,4.585350338381872,278.0194244738284,60.63210092076387,5.701623228741944,12.77295466810746,125,30,112,True
20,10,3,10,45,250,7.116633526150936,0.7116633526150936,0.1584785270047724,14.538216100069365,80.80000000000001,31.150290093208998,-94.0250045268851,1.3942121545420505,6,1779.1583815377342,9.618602220439513,87.33425722856012,9.079724395190704,3.2561029978672673,5.711895254898054,201,40,9,True
20,10,3,10,75,250,14.170250980034812,1.4170250980034813,5.546563915584151,22.669552618311382,72.8,49.17284816275706,-79.51317089136887,1.6551934776589998,6,3542.562745008703,7.366386046275086,206.9748747503774,28.09720715832387,4.816328105171859,8.55914118062871,150,45,55,True
20,10,3,10,90,249,15.296066400679626,1.5296066400679624,6.234820267265705,24.641277063283503,71.08433734939759,52.64582957693385,-76.522101407612,1.6912891220873905,6,3808.7205337692267,7.49532114326934,228.08181185535946,30.42989186129439,4.877282919167834,9.584336851010763,122,45,82,True
20,10,3,10,95,248,16.126502999725904,1.6126502999725905,6.6353524465145055,24.854819446743285,70.96774193548387,53.42590018882408,-75.04980124029186,1.740133121577159,6,3999.372743932024,7.527061077258049,243.7091239494502,32.377726372618774,4.936912569933774,9.887071399610859,112,44,92,True
20,10,3,11,45,250,8.984717014001411,0.8984717014001411,1.4550889967708618,15.71195748875504,82.8,31.856242196976343,-101.11774142497092,1.5165930932540568,6,2246.179253500353,8.711660479941939,115.68580160399051,13.279420366570752,4.2240793442442115,8.175267260571387,205,34,11,True
20,10,3,11,75,250,16.73794292564186,1.673794292564186,8.507154099231375,25.4221649715131,74.8,50.69308317628892,-84.04953686596129,1.7902531163379436,6,4184.485731410465,6.432338517919757,259.2919284996818,40.310678266904674,5.767768631996546,11.546978491055935,154,39,57,True
20,10,3,11,90,249,18.308943920238924,1.8308943920238925,9.068273083579376,27.772972051633456,73.09236947791165,54.707382084780406,-80.56442542224688,1.8445872573401378,6,4558.927036139492,5.281724456957828,292.0587066534168,55.29608919084677,5.535852356766403,14.01629842188006,126,39,84,True
20,10,3,11,95,248,18.957291933695537,1.8957291933695535,9.713506322455995,28.457048914466313,72.98387096774194,55.15588558453031,-78.832938675276,1.890113647916735,6,4701.408399556493,5.167918080163594,304.96929275879216,59.01202148102513,5.6045805726904305,15.122346896565382,114,38,96,True
20,10,3,12,45,250,10.84215755766947,1.084215755766947,2.8853689662954003,17.894220731841497,84.39999999999999,32.2023248219298,-104.72182430794413,1.6636726436381264,6,2710.5393894173676,7.3924806190666175,146.2253094872179,19.78027634053919,4.954795664954863,8.66107697665589,209,29,12,True
20,10,3,12,75,250,19.470469027816858,1.9470469027816857,9.70579782462453,28.448658359817504,76.8,51.18621012806407,-85.51957047644979,1.9813477195589841,7,4867.617256954214,4.7902449526546755,258.2488435216804,53.91140663455281,6.417634188786432,12.843209616249002,157,33,60,True
20,10,3,12,90,249,21.147039865989136,2.1147039865989137,10.992779224281295,30.72914732311476,75.1004016064257,55.23231922460088,-81.65856078014626,2.0400531180163366,7,5265.612926631295,3.95262444316673,287.98345171910364,72.85879441872284,6.268818290037077,14.334365877055626,128,33,88,True
20,10,3,12,95,248,21.317470700893306,2.1317470700893306,11.367653452425008,30.26682317574051,74.59677419354838,55.95704842912709,-80.40192421534873,2.0437112472032393,7,5286.73273382154,3.95262444316673,289.6002636844562,73.26784212578433,6.1785298553265235,15.5998875923975,116,33,99,True
20,10,3,13,45,250,11.203894981023378,1.1203894981023377,3.8751141608776667,18.258941455488156,84.8,32.19109081267582,-105.8825659745113,1.6961470448233513,6,2800.9737452558447,7.176198931280546,152.45010301266925,21.243851302414427,4.848600120606778,7.676168994903227,210,25,15,True
20,10,3,13,75,250,19.796491820039563,1.9796491820039563,10.01183346729229,28.62942087594369,77.2,51.23658239204967,-86.65855169571397,2.001940568010206,7,4949.122955009891,4.924029977505749,264.22518768617323,53.66035318493646,6.357125959428722,12.924460397102141,158,29,63,True
20,10,3,13,90,249,21.469097475040382,2.146909747504038,11.601190714834285,31.338552655450734,75.50200803212851,55.25552339721134,-82.65955946542093,2.060205892156255,7,5345.805271285055,4.740194093439635,294.1434697067175,62.05304337934349,6.225723373534519,13.485890207063147,128,29,92,True
20,10,3,13,95,248,21.64082692933588,2.164082692933588,12.145930906194943,31.007532033580645,75.0,55.97660571539719,-81.36650942884802,2.0638690085758187,7,5366.9250784752985,4.574615218720949,295.7752701274753,64.6557701546259,6.13230568317838,14.963722584285602,116,29,103,True
20,10,3,14,45,250,10.938229415960675,1.0938229415960674,3.507346292783042,18.97615301958724,84.8,32.19109081267582,-107.63036574466068,1.6686034664421838,6,2734.557353990169,7.67402382061121,147.8696350797445,19.26885276047621,4.8608538267398185,6.588166672693802,210,23,17,True
20,10,3,14,75,250,19.355041701167345,1.9355041701167344,9.941531882498978,29.201227932873554,77.2,51.23658239204967,-88.59473642760965,1.958189359775492,7,4838.760425291836,5.316358443635086,256.1468221072028,48.18087885211539,6.300634794006959,11.928910608248074,158,27,65,True
20,10,3,14,90,249,21.0258744641245,2.10258744641245,10.544484675487201,30.457809254846776,75.50200803212851,55.25552339721134,-84.46878126407753,2.016078708668702,7,5235.442741567,5.1239226322598235,285.68062921217125,55.75428235655784,6.088711165087639,12.334908552511177,128,27,94,True
20,10,3,14,95,248,21.195816728859853,2.1195816728859853,11.270580230667592,31.242853126129447,75.0,55.97660571539719,-83.14655023075213,2.0196847214965024,7,5256.562548757243,4.960087017057881,287.291812732127,57.92072029061633,5.979544276911672,12.916654074684457,116,27,105,True
20,10,4,10,45,233,7.14592478769134,0.714592478769134,-0.11968917697437069,14.50118849380526,80.25751072961373,32.32408834944313,-95.20878360464746,1.3801714625603112,6,1665.0004755320822,8.654016643449363,80.75804108997787,9.331856456632478,3.1305303280829446,5.636218265538386,186,39,8,True
20,10,4,10,75,233,14.521154531231543,1.4521154531231544,5.131559458121437,23.97754001267446,72.53218884120172,50.875520808706014,-81.47709392022446,1.6488458985420722,6,3383.4290057769495,7.366386046275086,194.7465917414683,26.43719600331625,4.761916951695716,8.166270742662,138,44,51,True
20,10,4,10,90,232,15.430454672600085,1.5430454672600085,6.271205296710719,25.05333451129314,70.6896551724138,54.250580339466865,-78.19455428866685,1.673257634455556,6,3579.8654840432196,7.49532114326934,209.88355805301455,28.001943351217996,4.734409617155995,9.25285109053678,110,44,78,True
20,10,4,10,95,231,16.22094318345588,1.622094318345588,6.664790335168433,26.52163354152537,70.56277056277057,54.95866230037181,-76.63564822915143,1.7190321924668899,6,3747.037875378308,7.527061077258049,223.11690735724508,29.64196850100782,4.771779413683835,9.507360184495028,100,43,88,True
20,10,4,11,45,233,9.193241834741206,0.9193241834741206,1.577170875674521,16.685773167416286,82.40343347639485,33.05462529839453,-102.54787097065973,1.5094647034217832,6,2142.0253474947012,7.659129530740339,109.15956713110533,14.252215828572606,4.142053500378531,8.203403784892847,190,33,10,True
20,10,4,11,75,233,17.319124429951554,1.7319124429951556,7.353138679396272,27.165202990553546,74.67811158798283,52.46040922422734,-86.31788496333637,1.7923718740706711,6,4035.355992178712,5.694936088804639,246.70649952809796,43.3203280389897,5.772712729102969,11.409886265322102,142,38,53,True
20,10,4,11,90,232,18.70722407936847,1.8707224079368467,9.106351618745363,29.00018251085087,72.84482758620689,56.42323597624444,-82.46747450114009,1.8353607945334118,6,4340.075986413485,4.923387660966837,272.70390361320773,55.389484312851195,5.413586492353943,13.488425644964153,114,38,80,True
20,10,4,11,95,231,19.303365935076958,1.9303365935076957,9.530770943108564,29.65519920360057,72.72727272727273,56.776897693616384,-80.62605208769486,1.8778677188811257,6,4459.0775310027775,4.949428334130939,283.1569227033015,57.21002580250927,5.45958348151583,14.449993042078015,102,37,92,True
20,10,4,12,45,233,11.229139413784191,1.122913941378419,3.94200398521616,18.334641491477072,84.12017167381974,33.40273704053488,-106.23099936576,1.6656553143958257,6,2616.3894834117164,6.235943662752433,139.84136122416368,22.425052050973825,4.914135587766045,8.383749445086725,194,28,11,True
20,10,4,12,75,233,20.29395501168438,2.029395501168438,10.351032479725358,29.490420960528994,76.82403433476395,52.93998321585381,-87.92158292435872,1.9959404144365251,7,4728.49151772246,4.027508943670461,248.18120064270337,61.62151446807813,6.462477186290034,12.786899165944234,145,32,56,True
20,10,4,12,90,232,21.796404641833142,2.179640464183314,11.35048304208195,31.638699666555983,75.0,56.93808641123932,-83.62864066638535,2.042533011090505,7,5056.765876905289,3.95262444316673,272.2070141035365,68.86741151796653,6.188027009388438,14.059843453754532,116,32,84,True
20,10,4,12,95,231,21.880544871289278,2.188054487128928,10.969386843478548,31.83059419350219,74.45887445887446,57.60091558788417,-82.253417217767,2.0415116954312262,7,5054.405865267823,3.95262444316673,272.0309286233872,68.82286251446742,6.070174651153684,15.239041303875224,104,32,95,True
20,10,4,13,45,233,11.660205318670354,1.1660205318670354,3.2528035013700083,19.02647234515429,84.54935622317596,33.38455418682701,-107.22025932096467,1.7038542944879442,6,2716.8278392501925,5.910603076771525,146.65521132180262,24.81222464390356,4.82661810715631,7.7188223285784305,195,24,14,True
20,10,4,13,75,233,20.686700496901878,2.068670049690188,11.081717654748266,31.00496808499268,77.25321888412017,52.98425029286175,-89.00309126296186,2.021800679899203,7,4820.0012157781375,4.08023137695067,254.78423120163887,62.443574313192485,6.413487132075688,12.92616231921225,146,28,59,True
20,10,4,13,90,232,22.185181989478654,2.2185181989478653,12.711967451308423,32.681203342604,75.43103448275862,56.95326708132004,-84.55893890652561,2.0678656095032997,7,5146.962221559048,4.238453014595286,278.9734054457564,65.81962911588263,6.159390371246891,13.60504743481441,116,28,88,True
20,10,4,13,95,231,22.271005237755773,2.227100523775577,11.898262404762518,33.16386951761256,74.89177489177489,57.612440374517014,-83.14396508396314,2.0668247300032214,7,5144.602209921583,4.238453014595286,278.7954499841274,65.7776431693554,6.038371973948798,14.695298339847199,104,28,99,True
20,10,4,14,45,233,11.418092051435695,1.1418092051435693,3.4017196886349566,18.70285919356057,84.54935622317596,33.38455418682701,-108.78727018945567,1.6793113659528514,6,2660.415447984517,6.290480016354984,142.8143568502458,22.70325261012426,4.859199808933575,6.594192602859958,195,22,16,True
20,10,4,14,75,233,20.255977193390912,2.0255977193390913,9.899174188709914,29.82099287072155,77.25321888412017,52.98425029286175,-90.89664842745347,1.9796825685185324,7,4719.642686060082,4.381323552880657,247.54655282974326,56.500404464989806,6.37572348684387,11.93555536003389,146,26,61,True
20,10,4,14,90,232,21.752602120004283,2.1752602120004285,10.651248488282576,32.26939270831902,75.43103448275862,56.95326708132004,-86.31961486649146,2.0256870007047802,7,5046.603691840994,4.27917279745412,271.44913957951337,63.434956340396255,6.033543351663101,12.379334010523344,116,26,90,True
20,10,4,14,95,231,21.8365527281538,2.18365527281538,10.87155043898064,32.940046811158766,74.89177489177489,57.612440374517014,-84.87428456186062,2.024688680124436,7,5044.243680203528,4.133014883086369,271.273264420424,65.63568535176628,5.896853250456096,12.954565693780554,104,26,101,True
20,10,5,10,45,218,7.9983127086939,0.7998312708693901,-0.3625693053295741,15.896864055100833,80.73394495412845,33.427906809900925,-98.56379590588793,1.4211998056375466,6,1743.6321704952702,7.328892882090317,85.27295064412115,11.635174918779812,3.4451859768143445,6.574942017406734,176,37,5,True
20,10,5,10,75,218,15.975544245053532,1.597554424505353,6.817579966899632,25.455009023393586,72.93577981651376,52.54469590472085,-82.57522039710075,1.7148425622350931,6,3482.66864542167,7.393051133875908,202.3382325633723,27.36870459832647,5.11331404823037,8.917602532016044,129,41,48,True
20,10,5,10,90,217,16.71370533903455,1.671370533903455,6.231773870971257,26.33528204308732,70.96774193548387,55.853946381392355,-78.9624394311734,1.7290735939243451,6,3626.8740585704973,7.528967130728025,213.57198035827443,28.366703778878467,4.990591195202674,9.841734241626936,101,41,75,True
20,10,5,10,95,216,17.542352568074335,1.7542352568074335,6.363289480290203,27.487499492628846,70.83333333333334,56.5867727243198,-77.27981066852183,1.778278418186201,6,3789.1481547040567,7.562868512982633,226.50160118887163,29.949165558022408,4.95820514489988,9.761743960622221,92,40,84,True
20,10,5,11,45,218,10.278280011274719,1.0278280011274719,2.1965747619544884,18.008881799413857,83.02752293577981,34.17234880932844,-106.6089214062313,1.5680435920579943,6,2240.665042457889,6.270915812898115,115.33733411329999,18.39242266274288,4.594921480024141,10.671889572062899,180,31,7,True
20,10,5,11,75,218,19.119289919374616,1.9119289919374616,9.391916334349737,29.546181570448063,75.22935779816514,54.17533437313936,-87.34721545872571,1.8836604706973932,6,4168.005202423667,4.879197826964536,257.8881543038064,52.854621486877626,6.221652905374393,13.622647819228437,133,35,50,True
20,10,5,11,90,217,20.370940698345606,2.037094069834561,9.249882968433143,31.402943681222308,73.27188940092167,58.11282671098845,-83.09388475010637,1.9172205185767786,6,4420.494131540997,4.945623877485004,279.74920562365526,56.56499817893875,5.71704856406688,15.923115451883293,105,35,77,True
20,10,5,11,95,216,20.993506393188706,2.0993506393188706,10.681869905116924,31.6531208455893,73.14814814814815,58.46856382523975,-81.09371902515721,1.9641031932452726,6,4534.597380928761,4.973118244857201,289.8786201111618,58.289106721106215,5.690420223617368,16.042592148003056,94,34,88,True
20,10,5,12,45,218,12.546042102637175,1.2546042102637176,4.818840361393429,19.941782130141238,84.86238532110092,34.51699209265694,-110.62443511414028,1.7492007928510118,6,2735.037178374904,4.763609371273294,147.90255036053122,31.048421235471174,5.4732677124945415,10.669299575428575,184,26,8,True
20,10,5,12,75,218,22.43648040352025,2.243648040352025,12.32969532564481,32.741432084915985,77.52293577981652,54.63254809359248,-88.60709999693293,2.1265400112560013,7,4891.152727967415,3.268405811978755,259.9686125631839,79.53988198478756,6.992206839699331,15.588377635899743,136,29,53,True
20,10,5,12,90,217,23.811963235174193,2.3811963235174196,13.217908945987096,35.171776542519595,75.57603686635944,58.607558552545704,-83.85742604876782,2.1626193309338904,7,5167.1960220328,4.013663173417668,280.5011363936563,69.8865660306037,6.5749032957862905,17.427093606336392,107,29,81,True
20,10,5,12,95,216,23.88860053330466,2.388860053330466,13.252008235551214,34.41977670261371,75.0,59.30167748750866,-82.35063032930732,2.1603360138363423,7,5159.937715193807,3.996720127798793,279.9526913878991,70.04560800760497,6.364903909296862,17.593961498552908,96,29,91,True
20,10,5,13,45,218,12.64287442315904,1.2642874423159038,4.1629672170993555,19.713989453037467,85.3211009174312,34.491743290331286,-114.35367586727965,1.753185950119645,6,2756.1466242486704,5.118270376436486,149.35316584815564,29.180397842159405,5.164077147839667,9.756879359011657,185,23,10,True
20,10,5,13,75,218,22.538245486506337,2.2538245486506336,11.508867829249404,31.97179615796218,77.98165137614679,54.66946285232009,-91.25981601741735,2.121645897595062,7,4913.337516058382,3.5884207219961572,261.59410814935546,72.89950884127003,6.804671297800206,16.22908071827532,137,26,55,True
20,10,5,13,90,217,23.908144961851836,2.390814496185184,12.95733916803701,34.212562230871285,76.036866359447,58.61354125025978,-86.21474710713488,2.1572327398919553,7,5188.067456721848,4.318641540849236,282.080788243372,65.31701822788989,6.4297832022508175,17.150543603637676,107,26,84,True
20,10,5,13,95,216,23.985227545753954,2.3985227545753953,13.232067559036693,34.75850214516818,75.46296296296296,59.303475194182646,-84.63504352394182,2.1549721246125837,7,5180.809149882854,4.302856994607975,281.5310090508133,65.42885561932626,6.240017757906367,16.942624507252958,96,26,94,True
20,10,5,14,45,218,12.429991894417409,1.242999189441741,3.879802956315501,20.356430293987174,85.3211009174312,34.491743290331286,-115.803938094332,1.7312300529170277,6,2709.738232982995,5.528283713965241,146.1705710266246,26.440497374868205,5.259549917310927,8.312373220468835,185,21,12,True
20,10,5,14,75,218,22.16966507495563,2.216966507495563,12.280372974850657,32.857170954386234,77.98165137614679,54.66946285232009,-92.93378538654348,2.083429760913079,7,4832.986986340327,3.0583317829891756,255.72713730569671,83.61654504854022,6.82338991449192,15.059190749223488,137,24,57,True
20,10,5,14,90,217,23.537866023058957,2.3537866023058953,12.628540698073383,34.17398700600225,76.036866359447,58.61354125025978,-87.75994960171283,2.119250021964309,7,5107.716927003794,3.457977046231468,276.0204996895044,79.82137995690682,6.33899213100142,15.334197172079673,107,24,86,True
20,10,5,14,95,216,23.613234352614818,2.3613234352614816,12.24005419839906,34.156761026644155,75.46296296296296,59.303475194182646,-86.15109125447113,2.117049905041125,7,5100.458620164801,3.4393440243270366,275.47585158800126,80.09546286719677,6.1306673046707845,14.807098264356236,96,24,96,True
20,15,2,10,45,267,6.120786664974731,0.6120786664974731,-0.6789205273044583,12.61797986271393,80.14981273408239,30.466435430419526,-92.18051212380237,1.3345056964443658,6,1634.2500395482532,8.813935150347941,79.01013958399608,8.964229738050326,2.9326937700170848,5.05696104377562,213,43,11,True
20,15,2,10,75,267,12.78142987573401,1.278142987573401,4.383715619304628,20.477119036986355,72.28464419475655,47.79052895034338,-78.52608527831474,1.5872797632073787,6,3412.641776820981,7.365559456155839,196.96956035648884,26.74196868940751,4.589825959683532,8.1005315331368,158,48,61,True
20,15,2,10,90,266,13.982942051306074,1.3982942051306073,5.291347991401606,22.986670404343464,70.67669172932331,51.23983285626429,-75.81571783756758,1.6289647994479817,6,3719.4625856474154,7.479605148127398,220.9116876713095,29.535207179568456,4.690652986340203,9.393747094155119,129,48,89,True
20,15,2,10,95,265,14.80944626573639,1.480944626573639,6.462040024582019,22.93860565412994,70.56603773584905,52.043441923547405,-74.45667152927207,1.6757506524392538,6,3924.5032604201433,7.5052463518563135,237.5213972755756,31.647381863331926,4.767913556971374,10.20894561006808,119,47,99,True
20,15,2,11,45,267,7.757524013149332,0.7757524013149333,0.49214220159405697,14.560567813332792,82.02247191011236,31.149318347286133,-98.96753763634979,1.4360139531984695,6,2071.2589115108717,7.95462615565947,104.79231018392574,13.173756771632725,3.8032554453902567,6.930510908506094,217,37,13,True
20,15,2,11,75,267,15.07323132293162,1.507323132293162,5.533356756036932,23.584258593959888,74.15730337078652,49.26121351394198,-83.03141322518505,1.702467287684532,6,4024.5527632227427,6.034384486499811,245.8049962131858,40.73406273052427,5.470743409946779,10.629669519781174,162,42,63,True
20,15,2,11,90,266,16.690440180517598,1.6690440180517598,7.340006165156951,25.732283043228847,72.55639097744361,53.220312338292395,-79.88853689414725,1.7612759320450069,6,4439.657088017681,4.91300157174157,281.43946245792336,57.28462699395355,5.319082571120849,13.083788419836488,133,42,91,True
20,15,2,11,95,265,17.345384588847594,1.7345384588847594,8.306699431441656,26.56355748572337,72.45283018867924,53.71031508994954,-78.29936412637946,1.8041715643560865,6,4596.526916044612,4.934996563410728,295.4419147904878,59.86669108970945,5.395729789193011,15.420065874422912,121,41,103,True
20,15,2,12,45,267,9.384296057782349,0.9384296057782349,2.078386318728445,15.9958193823915,83.52059925093633,31.48945794039798,-102.64868348365594,1.5547622510262125,6,2505.607047427887,6.6693758450965035,132.4552154946988,19.86021159567477,4.4528683572697165,7.517790044398466,221,32,14,True
20,15,2,12,75,267,17.519371868039293,1.7519371868039293,8.452133984544005,25.734142370316867,76.02996254681648,49.76288702651619,-84.75302777525461,1.862371899040475,7,4677.672288766491,4.4573916400459455,244.54563112561857,54.86294471604875,6.07091483126846,11.535991490681866,165,36,66,True
20,15,2,12,90,266,19.23432698687776,1.9234326986877759,9.355143537176659,28.651831260764943,74.43609022556392,53.75363857000384,-81.27778615222464,1.925716176714657,7,5116.330978509484,3.95262444316673,276.6674807342926,69.99589379471492,6.0000907059142365,13.239179851819335,135,36,95,True
20,15,2,12,95,265,19.440902831357203,1.94409028313572,11.211834184967556,28.740142330738948,73.9622641509434,54.496016152341,-80.13594080506054,1.9317209757683977,7,5151.839250309658,4.101207641659498,279.3413105693877,68.11196481052983,5.90278745729372,15.10527791534149,123,36,106,True
20,15,2,13,45,267,9.610597015978891,0.9610597015978892,2.5635936898080587,16.32165701028712,83.89513108614233,31.482008194503724,-104.32419610005745,1.572015933334477,6,2566.029403266364,6.463138077216191,136.46693335349096,21.114655407806193,4.364928700717603,7.423724975064823,222,28,17,True
20,15,2,13,75,267,17.712232160382655,1.7712232160382657,8.559828218169125,26.519009551538034,76.40449438202246,49.81752021303957,-86.24774820060162,1.8703546276983434,7,4729.165986822169,4.594450614230894,248.22960214398142,54.02813589400934,6.02163547272321,12.408034828695632,166,32,69,True
20,15,2,13,90,266,19.42297489910994,1.942297489910994,10.515592728982389,29.05885343733573,74.81203007518798,53.78299065596044,-82.63140025929674,1.9332058885480183,7,5166.511323163244,4.406210646439498,280.44938004105126,63.648654715968334,5.958702750884822,13.46686258961817,135,32,99,True
20,15,2,13,95,265,19.630262622503466,1.9630262622503465,10.369221104526241,28.89183896058414,74.33962264150942,54.52189781489444,-81.45285697898213,1.9391971135029271,7,5202.019594963418,4.36046513868305,283.1388943974758,64.9331861148624,5.857623818827203,14.920629446733557,123,32,110,True
20,15,2,14,45,267,9.24944199251194,0.924944199251194,1.7414731807644097,15.685903516486091,83.89513108614233,31.482008194503724,-106.56671682716618,1.5389354517469174,6,2469.601012000688,6.955363145872652,130.08372568234222,18.70265045176463,4.307854418426245,6.3047759446399825,222,26,19,True
20,15,2,14,75,267,17.186484858067843,1.7186484858067845,7.975232198859905,26.34610716008612,76.40449438202246,49.81752021303957,-88.47591533898343,1.8232518347790418,7,4588.791457104114,4.982070391229624,238.2408742396012,47.81965237966078,5.906269843534927,11.339450923506996,166,30,71,True
20,15,2,14,90,266,18.895251103177404,1.8895251103177406,9.346117066357698,28.402689154254816,74.81203007518798,53.78299065596044,-84.7265424938946,1.8854010190696953,7,5026.136793445189,4.784310239565343,269.9255091374638,56.41889752575633,5.770003868450098,12.123247488541718,135,30,101,True
20,15,2,14,95,265,19.100547416020234,1.9100547416020235,9.511537981462478,29.322525410483347,74.33962264150942,54.52189781489444,-83.5171882983653,1.8912651198926982,7,5061.645065245362,4.615364267477007,272.57121562341075,59.0573570853622,5.657042083935604,12.592198335791288,123,30,112,True
20,15,3,10,45,248,7.036873156324643,0.7036873156324643,0.042183400873742755,13.899263039584023,80.64516129032258,31.291723800294974,-94.0250045268851,1.3866756312034865,6,1745.1445427685114,9.661597683392566,85.36042928527048,8.835022123928585,3.205950888016486,5.602695598317244,199,40,9,True
20,15,3,10,75,248,14.0554465733524,1.40554465733524,5.594451091896163,22.843768036396558,72.58064516129032,49.40359094891377,-79.51317089136887,1.6446861553795167,6,3485.750750191395,7.366386046275086,202.57582128857612,27.500027831287955,4.760097730483624,8.491480737409955,148,45,55,True
20,15,3,10,90,247,15.141797604109538,1.514179760410954,6.069777571215125,24.518086074914727,70.8502024291498,52.85494462607497,-76.522101407612,1.6788205882530638,6,3740.024008215056,7.49532114326934,222.55516263744104,29.692545307053518,4.811351302746615,9.48924833047303,120,45,82,True
20,15,3,10,95,246,15.962254911106637,1.5962254911106637,6.947338449874477,24.358579285612954,70.73170731707317,53.622416077202566,-75.04980124029186,1.7266868583035602,6,3926.7147081322328,7.527061077258049,237.70322231676167,31.57981845463542,4.869760980922702,9.788344847404128,110,44,92,True
20,15,3,11,45,248,8.920021833593266,0.8920021833593266,1.531124675610214,15.925833827000258,82.66129032258065,32.00111363904819,-101.11774142497092,1.508770336385541,6,2212.16541473113,8.748590818442764,113.54157916423726,12.9782706175813,4.1761098781979085,8.05146938377102,203,34,11,True
20,15,3,11,75,248,16.643845712069183,1.6643845712069183,7.656472462728724,25.9949077247811,74.59677419354838,50.93402464404713,-84.04953686596129,1.7795239948086843,6,4127.673736593158,6.47176361963928,254.4663925184449,39.319481902311544,5.709316108921094,11.390207283242946,152,39,57,True
20,15,3,11,90,247,18.17907089305798,1.817907089305798,8.045423105140683,27.61723619236809,72.8744939271255,54.93359452153257,-80.56442542224688,1.8318605324667945,6,4490.230510585321,5.320404213851188,285.92141161008817,53.740543033500686,5.4928010184616385,13.805092803742127,124,39,84,True
20,15,3,11,95,246,18.816058389254888,1.8816058389254888,9.592774886251087,28.52933150127053,72.76422764227642,55.36624164804578,-78.832938675276,1.8763573638844186,6,4628.750363756702,5.207664511432517,298.3549269733851,57.2915029987817,5.55372316363204,14.888638201466447,112,38,96,True
20,15,3,12,45,248,10.792441736484456,1.0792441736484457,3.8565829083223133,17.650359033521504,84.2741935483871,32.34773540027735,-104.72182430794413,1.6553443919313313,6,2676.525550648145,7.422784338386002,143.90761342805064,19.3872820316024,4.909673295982028,8.552391422407176,207,29,12,True
20,15,3,12,75,248,19.398408315068163,1.9398408315068165,10.24176304867972,28.16507040694108,76.61290322580645,51.426001840899964,-85.51957047644979,1.9698940002925587,7,4810.805262136904,4.815751297002749,254.11739370501553,52.76796454650271,6.361791111325964,12.693311150605771,155,33,60,True
20,15,3,12,90,247,21.040147372781878,2.1040147372781877,11.408617290243953,31.369453318549567,74.89878542510121,55.45809280781726,-81.65856078014626,2.0264843205002583,7,5196.916401077124,3.95262444316673,282.75167795442894,71.53517416592616,6.229852566114347,14.147356093864829,126,33,88,True
20,15,3,12,95,246,21.195425601714422,2.119542560171442,11.478055231044655,30.8134148565305,74.39024390243902,56.17156242398207,-80.40192421534873,2.0293670363300857,7,5214.074698021748,3.95262444316673,284.0545145511739,71.8647872155538,6.130184762204597,15.385491055211135,114,33,99,True
20,15,3,13,45,248,11.157096397123475,1.1157096397123474,3.5555681128128738,18.396587761209965,84.67741935483872,32.335701969133574,-105.8825659745113,1.6876933299742216,6,2766.9599064866215,7.20526437055695,150.09816411353637,20.831735852314623,4.80472186085956,7.582952849982134,208,25,15,True
20,15,3,13,75,248,19.727060323357186,1.9727060323357186,10.822110162648434,28.910332497317004,77.01612903225806,51.475646109153296,-86.65855169571397,1.9904390872681637,7,4892.310960192583,4.94990020803479,260.05337085836857,52.537093664281166,6.307213065377658,12.776097872313098,156,29,63,True
20,15,3,13,90,247,21.364812735752565,2.1364812735752565,11.263510409615277,31.090560998349517,75.30364372469636,55.48033265119118,-82.65955946542093,2.0465816657830245,7,5277.108745730884,4.769742811506625,288.8630171620449,60.56154987333611,6.191368850600487,13.312589131880594,126,29,92,True
20,15,3,13,95,246,21.521410742583363,2.1521410742583362,11.552886050907794,31.227941626118437,74.79674796747967,56.190166452522206,-81.36650942884802,2.0494662301913382,7,5294.267042675508,4.7312992959089595,290.17800157802384,61.33156738338954,6.088859541199911,14.761142023661106,114,29,103,True
20,15,3,14,45,248,10.889288367826396,1.0889288367826395,2.9888981687301963,17.957926979574136,84.67741935483872,32.335701969133574,-107.63036574466068,1.6602870307035353,6,2700.543515220946,7.7052004151536915,145.54285907827514,18.88891284281696,4.816344406499748,6.506219648008877,208,23,17,True
20,15,3,14,75,248,19.282050122881163,1.9282050122881162,10.787180534812068,29.448883457401234,77.01612903225806,51.475646109153296,-88.59473642760965,1.9469392369843268,7,4781.948430474528,5.344418326198428,252.0296363733714,47.15754287756965,6.249806813686226,11.7888530009093,156,27,65,True
20,15,3,14,90,247,20.918000874545864,2.0918000874545863,11.75640702443013,30.389791532457686,75.30364372469636,55.48033265119118,-84.46878126407753,2.002746297176371,7,5166.746216012829,5.156007450354258,280.4671351144196,54.39618499681364,6.05262437383382,12.173056842462234,126,27,94,True
20,15,3,14,95,246,21.072782572997774,2.107278257299777,10.742482947040175,31.580439136925545,74.79674796747967,56.190166452522206,-83.14655023075213,2.0055902846260594,7,5183.904512957452,5.119536134280544,281.76541002720825,55.0372929571685,5.934905099429503,12.738115589606632,114,27,105,True
20,15,4,10,45,232,7.111596483981883,0.7111596483981882,-0.18948258227265435,14.352153805349163,80.17241379310344,32.41663672095473,-95.20878360464746,1.3767213581467104,6,1649.8903842837967,8.671405979312793,79.89791617936535,9.213951736313152,3.1089196307979488,5.585068867361596,185,39,8,True
20,15,4,10,75,232,14.477082295066587,1.4477082295066588,4.79701915278935,24.255315801658767,72.41379310344827,51.031054186606035,-81.47709392022446,1.6441003329230157,6,3358.6830924554483,7.366386046275086,192.87118885643685,26.182606728025718,4.746760572724369,8.174098344264365,137,44,51,True
20,15,4,10,90,231,15.367169727152774,1.5367169727152774,5.84051542909788,24.794139715680604,70.56277056277057,54.39905459264808,-78.19455428866685,1.667606331274459,6,3549.8162069722907,7.49532114326934,207.53920450031686,27.689167753230056,4.71435343137697,9.252285330379475,109,44,78,True
20,15,4,10,95,230,16.153133958221318,1.6153133958221317,6.379523829243762,26.01222515730043,70.43478260869566,55.10151166650123,-76.63564822915143,1.7129267046771657,6,3715.2208103909034,7.527061077258049,220.57325480296348,29.304034142806998,4.7512665625823995,9.506517438315363,99,43,88,True
20,15,4,11,45,232,9.167738173475927,0.9167738173475927,1.0569451598040365,16.86872799548567,82.32758620689656,33.14857573844746,-102.54787097065973,1.5058708812639423,6,2126.915256246415,7.67371596902629,108.22252969424495,14.103014775510019,4.12206599103245,8.145536038425126,189,33,10,True
20,15,4,11,75,232,17.287112408867287,1.7287112408867287,7.55629360112484,26.661229337530166,74.56896551724138,52.62060862250899,-86.31788496333637,1.787512831708076,6,4010.6100788572107,5.710390668897128,244.64354649160097,42.841823033948394,5.757511844493774,11.339917703173661,141,38,53,True
20,15,4,11,90,231,18.658124282868204,1.8658124282868203,8.40715479086018,28.8575663051301,72.72727272727273,56.58022382687132,-82.46747450114009,1.829577027602209,6,4310.0267093425555,4.923387660966837,270.0911692378533,54.858806138538725,5.416094858740445,13.395036164981544,113,38,80,True
20,15,4,11,95,230,19.248958547892926,1.9248958547892925,8.800092906579264,30.05654817403921,72.60869565217392,56.92635776970148,-80.62605208769486,1.8716038281844989,6,4427.260466015373,4.949428334130939,280.345523378132,56.642000742770094,5.455517418821257,14.346887329183184,101,37,92,True
20,15,4,12,45,232,11.212411173118236,1.1212411173118235,3.3057427657786183,18.73225742408781,84.05172413793103,33.496545480495136,-106.23099936576,1.6618110425073334,6,2601.2793921634307,6.247423443683652,138.82595017930637,22.221312742881853,4.895758465304799,8.335331875790875,193,28,11,True
20,15,4,12,75,232,20.274765536211028,2.027476553621103,10.411081076918748,30.202063541675333,76.72413793103449,53.098376866945664,-87.92158292435872,1.9907282965598923,7,4703.745604400959,4.036983364428056,246.40810174664946,61.03768073900884,6.448735953662406,12.719980678890748,144,32,56,True
20,15,4,12,90,231,21.760677921360863,2.1760677921360863,12.106694496931128,32.126190788254306,74.89177489177489,57.093513054824925,-83.62864066638535,2.0363378729195007,7,5026.716599834359,3.95262444316673,269.96862150684007,68.30110611028577,6.194720305196959,13.976294374797702,115,32,84,True
20,15,4,12,95,230,21.837342609914863,2.1837342609914865,11.585505453119904,31.20727587608868,74.34782608695653,57.75169833993375,-82.253417217767,2.034955465840249,7,5022.588800280419,3.95262444316673,269.6617569716457,68.22347046854782,6.068501773157475,15.143112804970345,103,32,95,True
20,15,4,13,45,232,11.645335120697876,1.1645335120697877,3.8846298154630565,18.923799883737384,84.48275862068965,33.477791242635895,-107.22025932096467,1.6999396914124159,6,2701.7177480019072,5.921352452222468,145.62297015610125,24.592856333259544,4.80859156351193,7.675892810546728,194,24,14,True
20,15,4,13,75,232,20.669203889899297,2.0669203889899297,11.13678298531377,30.705978482282806,77.15517241379311,53.14200636532747,-89.00309126296186,2.0165547494679275,7,4795.255302456637,4.089700452504303,252.99147341252612,61.86063657977893,6.405076903553724,12.859799329243742,145,28,59,True
20,15,4,13,90,231,22.15113828782735,2.215113828782735,11.658545855790491,32.37345610327831,75.32467532467533,57.10788771356367,-84.55893890652561,2.061631137946452,7,5116.912944488118,4.238453014595286,276.7112143409279,65.28589874373068,6.170043036887119,13.52561770085999,115,28,88,True
20,15,4,13,95,230,22.229500630148596,2.2229500630148595,11.150555196316036,33.2623444186798,74.78260869565217,57.762413487232784,-83.14396508396314,2.0602268959278827,7,5112.785144934177,4.238453014595286,276.4010825887911,65.21272776576565,6.040874345504303,14.604414488538634,103,28,99,True
20,15,4,14,45,232,11.402178261794102,1.1402178261794103,2.742552740934948,19.420129868047137,84.48275862068965,33.477791242635895,-108.78727018945567,1.6754531502244316,6,2645.3053567362317,6.30195554289765,141.79157854868927,22.499615807110764,4.841022608992361,6.556740237285452,194,22,16,True
20,15,4,14,75,232,20.23662402042492,2.023662402042492,9.723741333756037,30.822671132276437,77.15517241379311,53.14200636532747,-90.89664842745347,1.9745459212052203,7,4694.896772738582,4.3915387852068735,245.77535152836128,55.96565658403572,6.3670163993627344,11.872975152583917,145,26,61,True
20,15,4,14,90,231,21.71668577822538,2.1716685778225377,10.911010163294515,31.938368814970918,75.32467532467533,57.10788771356367,-86.31961486649146,2.019579694731447,7,5016.554414770063,4.291092087895917,269.213423649701,62.73774091427303,6.042434250714436,12.30562304363343,115,26,90,True
20,15,4,14,95,230,21.793159196591834,2.1793159196591834,10.708340719036496,32.28558295399918,74.78260869565217,57.762413487232784,-84.87428456186062,2.0182253551159066,7,5012.426615216122,4.275104891242259,268.90692658417424,62.90066172061461,5.897965547022185,12.872853491774883,103,26,101,True
20,15,5,10,45,217,7.965539535700391,0.7965539535700391,0.1527772634552756,16.602875836527872,80.64516129032258,33.532580041681584,-98.56379590588793,1.4175497425080417,6,1728.522079246985,7.343713046564461,84.40028163375288,11.492862139165018,3.4233138626167783,6.517964418853374,175,37,5,True
20,15,5,10,75,217,15.935127797696635,1.5935127797696635,6.361891760798157,25.98042880830035,72.81105990783409,52.72063756663996,-82.57522039710075,1.7097632871490627,6,3457.92273210017,7.393051133875908,200.43462089485877,27.111217989071065,5.098672751112463,8.929916246831358,128,41,48,True
20,15,5,10,90,216,16.651966581016513,1.6651966581016513,7.22235640106057,27.520963529610842,70.83333333333334,56.022604350741766,-78.9624394311734,1.72303309346165,6,3596.824781499567,7.528967130728025,211.21128109776745,28.053154892355607,4.970531824611774,9.844333377634317,100,41,75,True
20,15,5,10,95,215,17.475958556821634,1.7475958556821634,7.578992297730812,27.696048210411256,70.69767441860465,56.74973132785214,-77.27981066852183,1.7717432989460142,6,3757.331089716651,7.562868512982633,223.94233475316497,29.610766651402077,4.937718719967824,9.763222000049584,91,40,84,True
20,15,5,11,45,217,10.256013600044255,1.0256013600044256,2.6365978086893813,17.916758353462917,82.94930875576037,34.27825024022312,-106.6089214062313,1.5642129478758613,6,2225.5549512096036,6.282930325926436,114.38415268923139,18.205542120565394,4.575032201474551,10.599922891559592,179,31,7,True
20,15,5,11,75,217,19.093360779272658,1.9093360779272657,9.063970831320663,29.658714063524876,75.11520737327189,54.3558829685482,-87.34721545872571,1.8784140795938513,6,4143.259289102167,4.879197826964536,255.78640159510832,52.42386364855369,6.2076226953618185,13.541768634637222,132,35,50,True
20,15,5,11,90,216,20.32613358550957,2.032613358550957,10.093803415435112,30.686251058077005,73.14814814814815,58.290444113773646,-83.09388475010637,1.9109855112048209,6,4390.444854470067,4.945623877485004,277.10758455779205,56.03086514915272,5.722340700507662,15.814874586991737,104,35,77,True
20,15,5,11,95,215,20.94316426019235,2.094316426019235,10.286583217972378,32.15815823790763,73.0232558139535,58.63831859490747,-81.09371902515721,1.9573385499093368,6,4502.780315941355,4.973118244857201,287.0383644103011,57.71798503024397,5.68795514342956,15.930029079209747,93,34,88,True
20,15,5,12,45,217,12.53422620795677,1.2534226207956771,4.252643950733263,20.578533369708534,84.7926267281106,34.62246437985461,-110.62443511414028,1.7450617294288493,6,2719.927087126619,4.772429719480974,146.86724920805534,30.774104144173315,5.455181371284052,10.610355553967116,183,26,8,True
20,15,5,12,75,217,22.42583785551112,2.242583785551112,12.189491076524336,32.434889362049915,77.41935483870968,54.81044472914064,-88.60709999693293,2.1208404833487364,7,4866.406814645913,3.275761057050328,258.1605253868642,78.80932732600645,6.97975014141467,15.509511024437154,135,29,53,True
20,15,5,12,90,216,23.783086782230882,2.3783086782230884,12.416618077743315,34.363734278094135,75.46296296296296,58.7827627334145,-83.85742604876782,2.1558582422787884,7,5137.14674496187,4.024397121717686,278.2335963904772,69.1367148855633,6.585187174923065,17.32574820312643,106,29,81,True
20,15,5,12,95,215,23.851723954448374,2.385172395444837,13.34138740627693,34.27115983518892,74.88372093023256,59.47238936639128,-82.35063032930732,2.1531811820540225,7,5128.120650206401,4.008075621235772,277.5540323249103,69.2487015101114,6.365251312812045,17.485474100587414,95,29,91,True
20,15,5,13,45,217,12.631504760370438,1.2631504760370438,4.925810582181186,20.495777480397425,85.25345622119815,34.59650897704505,-114.35367586727965,1.7490567400358612,6,2741.036533000385,5.129577398172133,148.3143140256289,28.91355418059956,5.145906188658933,9.703388976418763,184,23,10,True
20,15,5,13,75,217,22.528071902013274,2.2528071902013274,12.583204980725261,33.25449600167585,77.88018433179722,54.84652527557937,-91.25981601741735,2.1159967533893993,7,4888.59160273688,3.5964001298143486,259.78123347414163,72.2336848229265,6.7977033062643235,16.14734332013617,136,26,55,True
20,15,5,13,90,216,23.87971379468018,2.387971379468018,12.24825652903186,34.71457664675932,75.92592592592592,58.78771359281666,-86.21474710713488,2.15053005001241,7,5158.018179650919,4.33005802269064,279.8077268857015,64.61985622812342,6.443325863793296,17.051207686947723,106,26,84,True
20,15,5,13,95,215,23.94880039486256,2.3948800394862557,13.30455988144554,34.589613165732715,75.34883720930232,59.47314439298991,-84.63504352394182,2.1478790582431593,7,5148.99208489545,4.314940944573561,279.1265054473083,64.68837210815964,6.244247157683294,16.83857423838392,95,26,94,True
20,15,5,14,45,217,12.417641206150737,1.2417641206150738,3.7837458982674197,21.021172535648713,85.25345622119815,34.59650897704505,-115.803938094332,1.7271525546965072,6,2694.62814173471,5.540435262713156,145.13952051173064,26.196411225759128,5.241344134511931,8.266021614870082,184,21,12,True
20,15,5,14,75,217,22.157792963220405,2.2157792963220406,10.893292678990107,33.20256285642383,77.88018433179722,54.84652527557937,-92.93378538654348,2.0778823718906656,7,4808.241073018828,3.0655198945330175,253.93158463741844,82.83475344272748,6.816421772303747,14.982084514502501,136,24,57,True
20,15,5,14,90,216,23.507720601541042,2.350772060154104,12.755117483395448,34.64258533300269,75.92592592592592,58.78771359281666,-87.75994960171283,2.1126653473430825,7,5077.667649932865,3.4671827112331166,273.76867264884635,78.9599785906522,6.351035288797686,15.243984353697352,106,24,86,True
20,15,5,14,95,215,23.575077000825093,2.3575077000825093,12.574246808821593,35.04609121932574,75.34883720930232,59.47314439298991,-86.15109125447113,2.1100816592284137,7,5068.641555177395,3.4490711766541877,273.0938252119977,79.17894738168772,6.133721632416654,14.714730412200876,95,24,96,True
20,20,2,10,45,261,5.852957408222926,0.5852957408222925,-1.1850618536722384,12.516398416800461,80.07662835249042,30.161575678775506,-91.84898910226727,1.3198439547509893,6,1527.6218835461837,8.720257302186289,73.02619165769804,8.37431616144966,2.8097449177366913,4.752196059806945,208,42,11,True
20,20,2,10,75,261,12.107466145267743,1.2107466145267742,3.7277253778817294,20.307540761067106,72.03065134099617,47.135953538651826,-78.10288495002278,1.5542476169676374,6,3160.0486639148808,7.4131079740139665,178.07088611687968,24.021083564557856,4.484946341398093,7.563279933847324,153,47,61,True
20,20,2,10,90,260,13.136528486028638,1.3136528486028638,4.276287704223738,21.808147285835794,70.38461538461539,50.380894472426725,-75.3793023647616,1.5884521053134517,6,3415.497406367446,7.538352863626338,197.18738727491694,26.157887650281683,4.495933529502464,8.689943383177201,125,47,88,True
20,20,2,10,95,259,14.289773312280479,1.428977331228048,4.958439649168255,22.90122037606602,70.65637065637065,51.34842350121495,-74.94355543212752,1.6497962764215357,6,3701.051287880644,7.467524765830107,219.4442474761557,29.38647736131904,4.668444668797473,9.61669905069712,118,46,95,True
20,20,2,11,45,261,7.565650404248285,0.7565650404248285,0.03360441875757303,14.658211230085673,81.99233716475096,30.867536695373673,-98.53229994257794,1.4263932280160099,6,1974.6347555088025,7.864758043507121,98.91632972033226,12.577161201035834,3.7175049205871256,6.6243867465379775,212,36,13,True
20,20,2,11,75,261,14.490282185121238,1.4490282185121237,6.428990895633188,22.96323467940391,73.9463601532567,48.66169665083307,-82.49623240138443,1.6741776064881617,6,3781.963650316643,5.986090747872145,225.92266959895895,37.74127040744695,5.426372214862066,10.051317412179316,157,41,63,True
20,20,2,11,90,260,15.944984264375812,1.5944984264375812,7.129575521665953,25.218638140462815,72.3076923076923,52.436890387057616,-79.33943727818226,1.7257312607561575,6,4145.695908737711,4.951827009450904,255.9930297022938,51.69668270190243,5.169356329133547,12.26333721050632,129,41,90,True
20,20,2,11,95,259,16.923084723957967,1.6923084723957968,8.29594483306524,25.896989478847345,72.58687258687259,53.06924658664512,-78.78787908146718,1.7835406532865041,6,4383.078943505114,4.897044952537099,276.4616993918809,56.45480122632926,5.333294034140911,14.608249055857097,120,40,99,True
20,20,2,12,45,261,9.268149009294321,0.9268149009294321,2.4040587089746297,16.649301963944595,83.5249042145594,31.220647960839692,-102.02591544272637,1.5513845071501056,6,2418.9868914258177,6.588690511460291,126.7741743908402,19.24117913420439,4.402059209103487,7.2643623845218475,216,31,14,True
20,20,2,12,75,261,17.0309853481241,1.7030985348124101,8.497396521671863,26.326943200148857,75.86206896551724,49.19117800117706,-84.04390584718519,1.839524753022106,7,4445.087175860391,4.422244084160982,228.1913101322786,51.600794933410505,6.061540478749745,11.036142804762395,160,35,66,True
20,20,2,12,90,260,18.586053073959672,1.8586053073959674,8.983773487610017,27.945151743214943,74.23076923076923,53.00432926599566,-80.55913058369622,1.895304871781341,7,4832.373799229515,4.07166719115049,255.68258034107197,62.79554991546996,5.8921596925714805,12.555791226133675,131,35,94,True
20,20,2,12,95,259,19.10577327324386,1.9105773273243858,9.408438978295944,28.27758888503056,74.13127413127413,53.88467201498858,-80.55913058369622,1.9168004346836307,7,4948.39527777016,4.300592715569681,264.1715747104444,61.42678281392447,5.871197253045135,14.436006659654334,122,35,102,True
20,20,2,13,45,261,9.537981790284656,0.9537981790284656,2.386464092061268,16.4892696568961,83.9080459770115,31.21425557225177,-103.48830292997243,1.5727385830511753,6,2489.413247264295,6.378435797941075,131.38686804514526,20.598603201047542,4.331268793739305,7.209015653929814,217,27,17,True
20,20,2,13,75,261,17.266608712322103,1.7266608712322102,9.011270842957181,25.653675975358084,76.24521072796935,49.25005679050424,-85.38994237732699,1.8512343583030446,7,4506.584873916069,4.554568595384912,232.47023283500292,51.04110915588408,6.019038296097322,11.90521724331436,161,31,69,True
20,20,2,13,90,260,18.81753132262798,1.8817531322627978,9.943766020115929,28.51856291998649,74.61538461538461,53.03830026810583,-81.77078951710995,1.9065543977804593,7,4892.558143883274,4.371926760341678,260.07146103263904,59.48669209003715,5.8655181142149475,12.79878031295261,131,31,98,True
20,20,2,13,95,259,19.33814526032401,1.933814526032401,9.604295713553682,28.324131820595056,74.5173745173745,53.914257671259975,-81.77078951710995,1.9280523092032409,7,5008.579622423918,4.238453014595286,268.62141430604305,63.3772306502005,5.838679098536539,14.300379702044955,122,31,106,True
20,20,2,14,45,261,9.206853854400839,0.9206853854400839,1.7307975373392412,15.7462736343847,83.9080459770115,31.21425557225177,-105.54602653153614,1.5420764974399535,6,2402.988855998619,6.855942711859663,125.73393976484088,18.33940933423228,4.291636449695944,5.937660488053191,217,25,19,True
20,20,2,14,75,261,16.7671047670422,1.6767104767042198,7.6076388847207115,25.678535076699465,76.24521072796935,49.25005679050424,-87.49269285665049,1.8067428264143224,7,4376.214344198013,4.934144281321143,223.43776614991623,45.2839952402222,5.910016771569081,10.906606252635104,161,29,71,True
20,20,2,14,90,260,18.316106208327767,1.8316106208327767,8.62163212076557,28.18905904241419,74.61538461538461,53.03830026810583,-83.74610057344412,1.8615846862876173,7,4762.187614165219,4.742702500633993,250.6041385192655,52.83994483857364,5.684436970799055,11.553679818537912,131,29,100,True
20,20,2,14,95,259,18.83478414172148,1.8834784141721481,9.036236350839904,27.911662993610584,74.5173745173745,53.914257671259975,-83.74610057344412,1.882575528583231,7,4878.209092705863,4.55304799271129,259.0222058797194,56.88984748115394,5.669804579679489,12.445178798972092,122,29,108,True
20,20,3,10,45,242,6.77072887093571,0.677072887093571,-1.0514639075068313,13.716231363237362,80.57851239669421,30.98613792211948,-93.69745761801823,1.3720704026398327,6,1638.5163867664419,9.557673797300613,79.25205042240758,8.291981093222793,3.1253513222710483,5.285263672292985,194,39,9,True
20,20,3,10,75,242,13.360155525972296,1.3360155525972295,4.560406686922494,22.37517239461022,72.31404958677686,48.74647742088429,-79.0668046473053,1.610320403788205,6,3233.1576372852956,7.4139452713253435,183.46594678234794,24.746061653831294,4.719890472483113,7.938796295660292,143,44,55,True
20,20,3,10,90,241,14.257505514253468,1.4257505514253468,4.896772156999631,23.57492585938949,70.53941908713693,51.97782600611483,-76.05875481837234,1.6362869716878867,6,3436.058828935086,7.554316970797853,198.75857441189146,26.310595012125827,4.615520188569185,8.77978618200821,116,44,81,True
20,20,3,10,95,240,15.430261398303056,1.5430261398303056,6.1139969622961186,24.563582331972228,70.83333333333334,52.91140152030716,-75.59536461227835,1.6998280071397096,6,3703.2627355927334,7.489229849788737,219.62029868586947,29.324817516725663,4.769422406538184,9.222492720610049,109,43,88,True
20,20,3,11,45,242,8.741906027806037,0.8741906027806036,1.2876012100000918,15.732361445008502,82.64462809917356,31.720902153795915,-100.68188504833626,1.5002889044594014,6,2115.5412587290607,8.648624659302149,107.5188091982398,12.43189679674634,4.157091769791922,7.718635089552632,198,33,11,True
20,20,3,11,75,242,16.054068692921724,1.6054068692921724,6.74811290870728,25.00242619140876,74.3801652892562,50.33767631666107,-83.47898569857958,1.7506398729737467,6,3885.0846236870575,6.419159282591612,234.2900272958917,36.49855331231189,5.757208591407182,10.801012561613367,147,38,57,True
20,20,3,11,90,241,17.41190593902635,1.741190593902635,7.485309894945477,27.289455223502554,72.61410788381743,54.140926430584365,-79.97564839465024,1.7949899704391061,6,4196.2693313053505,5.282172080959469,260.2976048535206,49.27851665261147,5.344433056808991,12.943751888671606,120,38,83,True
20,20,3,11,95,240,18.39709329673834,1.8397093296738343,8.53332474077782,27.777220373757643,72.91666666666666,54.71540066296666,-79.38296499695328,1.8556965477197325,6,4415.302391217202,5.141316580044548,279.29202891407004,54.32305608219326,5.492915294347601,14.126709839581224,111,37,92,True
20,20,3,12,45,242,10.70208840762841,1.070208840762841,3.0696121539472547,18.128311128514706,84.29752066115702,32.08151388927583,-104.07166944121563,1.6548891306174576,6,2589.9053946460754,7.331993998118588,138.06327354803005,18.83024912233391,4.941331374647539,8.278653080196777,202,28,12,True
20,20,3,12,75,242,18.918265079466135,1.8918265079466134,10.334523244919058,28.605869187222755,76.44628099173553,50.8590677168717,-84.7492522524642,1.9477328661452102,7,4578.220149230805,4.777261882160368,237.49553875459952,49.71373657397228,6.455853757381116,12.151709355177248,150,32,60,True
20,20,3,12,90,241,20.385722912021386,2.0385722912021387,12.120064686775322,30.192616245062023,74.68879668049793,54.70201267179219,-80.87545998566294,1.995856037489078,7,4912.959221797154,3.95262444316673,261.5663542635175,66.17536222438527,6.125922834464723,13.423597144848907,122,32,87,True
20,20,3,12,95,240,20.877628022842703,2.0877628022842702,11.806015569920111,30.55846424886808,74.58333333333333,55.5532613665234,-80.87545998566294,2.0156540354459707,7,5010.630725482249,3.95262444316673,268.7736248998772,67.99877619654232,6.1023241653000015,14.723351952834275,113,32,95,True
20,20,3,13,45,242,11.11712293588658,1.111712293588658,3.5071954502281053,18.7126286084238,84.71074380165288,32.07048560132856,-104.97583237264331,1.6926546007106298,6,2690.3437504845524,7.109808307420742,144.8476328757622,20.372930831985993,4.850021096798693,7.37993451108656,203,24,15,True
20,20,3,13,75,242,19.296404327630093,1.9296404327630092,9.963920745670162,28.119190053655277,76.85950413223141,50.91309454139006,-85.71617388235836,1.9728389545443894,7,4669.729847286482,4.906356957607983,243.97945563564733,49.72721262306925,6.408012104779013,12.281172439890065,151,28,63,True
20,20,3,13,90,241,20.759981603530765,2.0759981603530764,11.145250581297626,31.095158450522632,75.10373443983403,54.729044113800896,-81.71335696911747,2.020468736084725,7,5003.155566450914,4.731997778262228,268.21907729759033,56.681995610760985,6.1026459457673745,12.679470902513957,122,28,91,True
20,20,3,13,95,240,21.253446125566697,2.12534461255667,12.189560582601983,30.882566214149072,75.0,55.57571382379475,-81.71335696911747,2.0403903065002784,7,5100.827070136007,4.670814453487089,275.50348814867084,58.984036058848,6.073706998468324,14.16424617030833,113,28,99,True
20,20,3,14,45,242,10.88401388106974,1.0884013881069738,4.310145259318684,17.853347994883677,84.71074380165288,32.07048560132856,-106.50049159603995,1.6684225862821238,6,2633.931359218877,7.593860656429776,141.02335982665673,18.57070681264756,4.892070211232509,6.34155769173,203,22,17,True
20,20,3,14,75,242,18.88169965937367,1.888169965937367,9.163640097896824,28.64524213082306,76.85950413223141,50.91309454139006,-87.50829048446647,1.9324364118349966,7,4569.371317568428,5.292315116657115,236.87238840034675,44.75780129849239,6.368108148514355,11.366424691261244,151,26,65,True
20,20,3,14,90,241,20.34355616901601,2.034355616901601,9.884862496453964,29.936861861001265,75.10373443983403,54.729044113800896,-83.38599913108504,1.9799400954240793,7,4902.797036732859,5.110400152675793,260.82126414137707,51.03734665568442,5.973822741328447,11.63226762137294,122,26,93,True
20,20,3,14,95,240,20.835285585074804,2.0835285585074805,10.986515336012294,31.11656789338273,75.0,55.57571382379475,-83.38599913108504,1.999462058483999,7,5000.468540417953,5.049224642245006,268.0198587604734,53.081389272731066,5.956146233726175,12.558351444732372,113,26,101,True
20,20,4,10,45,226,6.828593930450122,0.6828593930450122,-0.8845258923624948,13.810178745646434,80.08849557522124,32.118489308573935,-94.89298525711457,1.3614041237201686,6,1543.2622282817276,8.577033912188293,73.89646446935676,8.615619948097333,3.0152998821448294,5.253512087935156,180,38,8,True
20,20,4,10,75,226,13.743760971457293,1.3743760971457293,4.103564233480045,22.412679254975913,72.12389380530973,50.3754863877306,-81.03356034366253,1.608427117595583,6,3106.0899795493483,7.4139452713253435,174.12794866700008,23.486543573563814,4.689692031558217,7.621113540958826,132,43,51,True
20,20,4,10,90,225,14.42600456752142,1.4426004567521422,4.043411927921133,24.124793645512625,70.22222222222221,53.50418360808885,-77.72850719978686,1.623266025194986,6,3245.85102769232,7.554316970797853,184.40885006876425,24.411055398074968,4.509520917000033,8.51831989172223,105,43,77,True
20,20,4,10,95,224,15.58825374040805,1.558825374040805,5.402506077705556,24.972904651709772,70.53571428571429,54.37394146197577,-77.26233201728436,1.6847526740515477,6,3491.768837851403,7.489229849788737,203.0400501699167,27.110938540048178,4.623084257706183,8.923492554737672,98,42,84,True
20,20,4,11,45,226,8.983588939134275,0.8983588939134275,0.9946784126400173,16.351918353645054,82.30088495575221,32.87811882149337,-102.12597501383553,1.4970065401993204,6,2030.2911002443464,7.585053329898302,102.288696622572,13.48556063796897,4.0900671977085565,7.794458681030977,184,32,10,True
20,20,4,11,75,226,16.672659141376595,1.6672659141376593,7.169723428758225,26.9257669195293,74.33628318584071,52.03185993776386,-85.74709488953825,1.7576452450894788,6,3768.02096595111,5.663216146381524,224.8008783198197,39.69491407518584,5.793169489098649,10.729974819779297,136,37,53,True
20,20,4,11,90,225,17.84918013361149,1.7849180133611489,7.879975153881204,28.50404863469685,72.44444444444444,55.77970990423793,-81.87140619884191,1.7911828255100457,6,4016.0655300625854,4.962378077576419,245.0977221863269,49.39118268594932,5.262609561230449,12.524083520458785,109,37,79,True
20,20,4,11,95,224,18.811662917303003,1.8811662917303005,9.478437016398967,29.000976005618668,72.76785714285714,56.265887169074354,-81.2709363128401,1.8499827425361675,6,4213.8124934758725,4.9113657385910505,261.79788777515773,53.304498526363275,5.368005652172397,13.585119417166986,100,36,88,True
20,20,4,12,45,226,11.126810779475049,1.112681077947505,3.5742120463788805,18.80974846775057,84.070796460177,33.2409394918466,-105.586646313597,1.6615575727394944,6,2514.659236161361,6.170185622973326,133.05366972812118,21.563965471755854,4.916035382989094,8.060500707859028,188,27,11,True
20,20,4,12,75,226,19.783895980065747,1.9783895980065747,10.130756737175444,29.34439269312503,76.54867256637168,52.540452370905214,-87.13844846550458,1.9681319806933018,7,4471.160491494858,4.004260837936754,230.00148649442917,57.439186857003136,6.533737273130662,12.15776217695624,139,31,56,True
20,20,4,12,90,225,21.078930758019506,2.1078930758019507,10.66949084226033,30.78264538394325,74.66666666666667,56.33210041643518,-82.82514823520566,2.0046019523861656,7,4742.759420554389,3.95262444316673,249.20594019601023,63.04822119562503,6.088763024878474,13.238808730502493,111,31,83,True
20,20,4,12,95,224,21.51403940955767,2.1514039409557673,11.04265748752801,32.12816979496423,74.55357142857143,57.12681603082421,-82.82514823520566,2.0207817587792194,7,4819.144827740918,3.95262444316673,254.72209982166726,64.44379006511207,6.0148038249877,14.4736311313187,102,31,91,True
20,20,4,13,45,226,11.615493769910787,1.1615493769910787,3.8993201667166812,19.39197867717004,84.51327433628319,33.22303255660178,-106.29993218031717,1.7055780854247298,6,2625.1015919998376,5.842071281324163,140.42797066947514,24.037360023044048,4.844778216471822,7.4583536027123385,189,23,14,True
20,20,4,13,75,226,20.23307163517936,2.023307163517936,10.698809375111797,29.172522953924453,76.99115044247787,52.58854205312579,-88.03331014794907,1.9988950995816863,7,4572.674189550536,4.053221548815966,237.10490350179856,58.497888814161186,6.498453290143998,12.345772771360952,140,27,59,True
20,20,4,13,90,225,21.524265623147322,2.1524265623147323,11.648312120933735,31.718135467448786,75.1111111111111,56.351405761162596,-83.57906800764879,2.0347258762301883,7,4842.9597652081475,4.238453014595286,256.4522642381601,60.506100540705845,6.080144470812368,12.84975749450194,111,27,87,True
20,20,4,13,95,224,21.96136237676195,2.196136237676195,11.094021992589127,32.19854269935976,75.0,57.141505838232206,-83.57906800764879,2.0510460525715435,7,4919.345172394677,4.238453014595286,262.03503248648076,61.82327174187196,6.001778338232279,14.000319584035948,102,27,95,True
20,20,4,14,45,226,11.410146905903375,1.1410146905903373,3.2074431822456266,19.27155498132847,84.51327433628319,33.22303255660178,-107.62588621647933,1.6845653140008565,6,2578.6932007341625,6.209922100018842,137.31284606185886,22.11184679135383,4.908733282701093,6.378969143827923,189,21,16,True
20,20,4,14,75,226,19.833272831117174,1.9833272831117175,9.972431427392616,30.18686680741141,76.99115044247787,52.58854205312579,-89.77089725791166,1.9602048952360414,7,4482.319659832481,4.348124898273199,230.77801177426073,53.07529502335851,6.480605295415653,11.43639502858879,140,25,61,True
20,20,4,14,90,225,21.122689935511524,2.1122689935511523,10.970403193917145,31.027624645754493,75.1111111111111,56.351405761162596,-85.19254175261405,1.9961899115558148,7,4752.605235490093,4.252498257676711,249.9141093886406,58.768774081797616,5.96308283795084,11.734467102925777,111,25,89,True
20,20,4,14,95,224,21.55799394052064,2.155799394052064,11.199063000780713,31.58828232985187,75.0,57.141505838232206,-85.19254175261405,2.012200997740939,7,4828.990642676623,4.087279649469281,255.43680362908722,62.495553408550066,5.896665471009509,12.69619814735709,102,25,97,True
20,20,5,10,45,211,7.686701058032775,0.7686701058032775,0.03861616828989155,15.28138522553923,80.56872037914692,33.24796260028577,-98.29901753179671,1.402429132712657,6,1621.8939232449156,7.2632884277895275,78.31060225649938,10.78170074547515,3.338219969019322,6.147286209759948,170,36,5,True
20,20,5,10,75,211,15.191135635990847,1.5191135635990847,5.350308393584824,24.711194268159044,72.51184834123224,52.07743734234892,-82.11238438250547,1.6730325053254995,6,3205.3296191940685,7.440956414584757,181.4052185744059,24.37928788547127,5.0672912147127604,8.339961502634416,123,40,48,True
20,20,5,10,90,210,15.680283820093317,1.5680283820093317,5.423699086143727,26.176660709923958,70.47619047619048,55.12211876445874,-78.47119314387575,1.676817015488726,6,3292.8596022195966,7.588495906876171,187.91679016520072,24.763377680012123,4.770047287697739,9.06918872061616,96,40,74,True
20,20,5,10,95,209,16.908512522378714,1.6908512522378714,6.833567800743945,27.28745278168015,70.81339712918661,56.01754745170606,-77.97898206025155,1.7429238368247153,6,3533.8791171771513,7.524857316301967,206.3000751353676,27.415812215925467,4.813178915959203,9.166860763319518,90,39,80,True
20,20,5,11,45,211,10.089719408566513,1.0089719408566513,1.9686589222919524,18.21088105998073,82.93838862559242,34.023069588539805,-106.25295507741474,1.556567734896936,6,2128.930795207534,6.209905195141693,108.3473787957408,17.447509324378437,4.563100148592132,10.159656891756349,174,30,7,True
20,20,5,11,75,211,18.486588512777562,1.8486588512777562,7.541258914117568,28.74116664765229,74.88151658767772,53.78478545394701,-86.74199859485964,1.848465007568166,6,3900.6701761960658,4.911003655234001,235.56548540106368,47.96687234186947,6.282742699923671,12.821570589263935,127,34,50,True
20,20,5,11,90,210,19.50706511995284,1.950706511995284,8.916579785365291,29.904450905814148,72.85714285714285,57.493498571585874,-82.45651940811476,1.8715882645585586,6,4096.483675190097,4.9849686929590025,251.83340304345845,50.51855258372223,5.576745301615632,14.772888002570893,100,34,76,True
20,20,5,11,95,209,20.52312126029596,2.0523121260295962,10.394583932218067,31.690693229220177,73.20574162679426,57.97943712692447,-81.8128845895998,1.9362244199323488,6,4289.332343401856,4.9348734667642145,268.29809199591017,54.36777534477143,5.6065012061939195,15.07309112328399,92,33,84,True
20,20,5,12,45,211,12.480127635661374,1.2480127635661373,4.468304461706419,20.28772606376752,84.83412322274881,34.3826010092042,-110.0368327975938,1.7478481478016663,6,2633.30693112455,4.713088623891925,140.98122641378671,29.912704314345934,5.50434819360993,10.272458313099788,178,25,8,True
20,20,5,12,75,211,21.96124029260575,2.196124029260575,11.228225582531197,32.12151600102835,77.25118483412322,54.27080915549632,-87.75667063762681,2.1000639771102203,7,4633.821701739814,3.2837913388859454,241.42656019830224,73.52067634121,7.110796422720678,14.822814788011396,130,28,53,True
20,20,5,12,90,210,23.11042650324714,2.311042650324714,12.056172001674751,33.86748933646699,75.23809523809524,58.02661669001878,-82.98107444886665,2.1247211390148553,7,4853.1895656819,4.037033757991283,257.1969790319136,63.70939517728674,6.492268729385018,16.38006310208878,102,28,80,True
20,20,5,12,95,209,23.563046304626322,2.356304630462632,12.91597962956226,35.38302427805069,75.11961722488039,58.85154489813993,-82.98107444886665,2.141288195571888,7,4924.676677666901,3.9991639998737694,262.42659544517,65.62036351933887,6.32054698344361,16.685002063779198,94,28,87,True
20,20,5,13,45,211,12.627584725110502,1.2627584725110501,5.277754858098169,21.084231806092376,85.30805687203792,34.357257197264644,-113.5447070486878,1.7569621398771647,6,2664.420376998316,4.567255981492973,143.08586862917946,31.328629095671282,5.200159722244105,9.432327434690498,179,22,10,True
20,20,5,13,75,211,22.113793790667202,2.21137937906672,11.360210724227512,32.68169014506163,77.72511848341233,54.31128017940967,-90.23488211898733,2.1002044508869577,7,4666.01048983078,3.6018656166446443,243.71450958632997,67.66340988961292,6.925063987171077,15.48237067219499,131,25,55,True
20,20,5,13,90,210,23.257452382718803,2.3257452382718804,12.162013686027393,34.165026840482305,75.71428571428571,58.03647887231657,-85.1712772613213,2.1243929113050934,7,4884.065000370949,4.339666147819497,259.4501944621586,59.7857497845823,6.36213453017135,16.142080360297047,102,25,83,True
20,20,5,13,95,209,23.7107756572055,2.3710775657205496,12.90095004493146,34.93328494356999,75.5980861244019,58.856248434704646,-85.1712772613213,2.140850432234791,7,4955.552112355949,4.301667641188561,264.69906888558023,61.53405864067249,6.211486737294604,16.122137387618658,94,25,90,True
20,20,5,14,45,211,12.455052065083605,1.2455052065083605,4.049455016402926,20.315180116006527,85.30805687203792,34.357257197264644,-114.71904225080634,1.7389767867120254,6,2628.0159857326407,4.530204034240465,140.6243921099219,31.04151403491896,5.33520337616272,8.045544953064594,179,20,12,True
20,20,5,14,75,211,21.780397915226192,2.1780397915226195,10.945137586260218,31.341852119959423,77.72511848341233,54.31128017940967,-91.73161679383958,2.0659365622811547,7,4595.663960112726,3.0349728806190526,238.72594073172843,78.65834395298938,6.971764163401099,14.434653397571932,131,23,57,True
20,20,5,14,90,210,22.922468907870925,2.2922468907870925,12.179213581377322,33.54297932654942,75.71428571428571,58.03647887231657,-86.55062098128313,2.0905367934896733,7,4813.718470652894,3.471846558500544,254.32856318064333,73.25455169035043,6.282465172083851,14.514259037216442,102,23,85,True
20,20,5,14,95,209,23.37418939061194,2.3374189390611937,12.638355203971136,34.22910169409709,75.5980861244019,58.856248434704646,-86.55062098128313,2.1067320334803874,7,4885.2055826378955,3.4353412453407737,259.53359056806016,75.548125217562,6.1421852436667415,14.59431183261309,94,23,92,True
20,25,2,10,45,247,5.753777504513619,0.5753777504513619,-1.4914732735751308,12.973477276032861,79.35222672064778,31.06548167187658,-91.5225757661362,1.3044749774059288,6,1421.183043614864,8.718593767837401,67.17148186716169,7.704394040579689,2.6557051868624137,4.406704773342536,195,41,11,True
20,25,2,10,75,247,11.675945419054095,1.1675945419054095,2.798647007412865,19.928415260879014,70.8502024291498,48.43984600350327,-77.68075739037099,1.5156357992547653,6,2883.9585185063615,7.476303805890764,158.24245601983606,21.16586753673024,4.12437926639113,7.057587942149697,140,46,61,True
20,25,2,10,90,247,12.456375548905411,1.2456375548905412,3.5159852798454785,21.500189596171456,69.23076923076923,51.30078931825338,-74.94355543212752,1.540182812258035,6,3076.7247605796365,7.6180408523064544,171.99599659429646,22.577457896175837,4.087108384125335,7.86327046230745,113,46,88,True
20,25,2,10,95,247,13.117313990824904,1.3117313990824904,4.644784119230911,22.583261969081022,69.23076923076923,52.255478178803756,-74.94355543212752,1.568845049108857,6,3239.9765557337514,7.550476319578461,183.97224838086018,24.3656480192936,4.216424442478959,8.387069043651232,107,46,94,True
20,25,2,11,45,247,7.604048241204382,0.7604048241204382,0.08302911909030836,14.598920729242659,81.37651821862349,31.794616634993503,-98.09821800122198,1.4162199250839396,6,1878.1999155774824,7.853765968184351,93.15160814364363,11.860756803933464,3.5936364585939016,6.211290485088206,199,35,13,True
20,25,2,11,75,247,14.234321882219126,1.4234321882219125,4.687658945321275,23.33912260137143,72.8744939271255,50.03956243865174,-81.95886170222671,1.6402697959129835,6,3515.877504908124,6.03511359437596,204.90395281445782,33.951962893524495,5.07758651786785,9.584309748100486,144,40,63,True
20,25,2,11,90,247,15.453146813562357,1.5453146813562357,5.529309757927316,25.58557693366388,71.25506072874494,53.470833396216314,-78.78787908146718,1.6823326067604845,6,3816.9272629499023,5.004497478906034,228.74572803086429,45.70803142473904,4.795921937740955,11.293898096424174,117,40,90,True
20,25,2,11,95,247,15.878559560154741,1.5878559560154741,6.262005201134555,25.35622575456745,71.25506072874494,54.067861512172676,-78.78787908146718,1.701116676557632,6,3922.0042113582213,4.9517782524974985,237.3159947710171,47.925408342209884,4.908329498105014,12.948851424102864,109,40,98,True
20,25,2,12,45,247,8.846963892431102,0.8846963892431102,0.8485027536367097,16.319318615941828,82.5910931174089,32.21722767386136,-102.02591544272637,1.4980950802977373,6,2185.200081430482,6.687801573652175,111.85061170652482,16.724570918368883,4.0418915411679865,6.4381395809425435,202,31,14,True
20,25,2,12,75,247,16.39620773498165,1.6396207734981652,7.619937831232871,25.882638609548508,74.49392712550608,50.78602923322355,-84.04390584718519,1.7648804986364925,7,4049.8633105404674,4.5075149085423725,201.463687080834,44.69506838436232,5.573309345432723,10.285073278324107,147,35,65,True
20,25,2,12,90,247,17.710394467734012,1.7710394467734012,7.909704140912131,27.37290453788764,72.8744939271255,54.288495459099714,-80.55913058369622,1.810467519154448,7,4374.467433530301,4.521945954464368,223.31772439982612,49.385314784523665,5.353411969820817,11.796486238927798,119,35,93,True
20,25,2,12,95,247,18.16728965839379,1.816728965839379,7.963474624449942,27.75709143342994,72.8744939271255,54.915457192949525,-80.55913058369622,1.8313760716072047,7,4487.320545623266,4.665563174406613,231.1263521951032,49.53878954270057,5.46324574065414,13.472677514973235,111,35,101,True
20,25,2,13,45,247,9.132090839145581,0.9132090839145581,1.7366463439005393,16.168359728553423,82.99595141700405,32.20553736745269,-103.48830292997243,1.5189513195504574,6,2255.6264372689584,6.473134546222167,116.28357907809863,17.96402936595281,3.983323948622327,6.422948352675763,203,27,17,True
20,25,2,13,75,247,16.64518626962002,1.664518626962002,7.266613243801539,26.39385937206887,74.89878542510121,50.84074289724552,-85.38994237732699,1.7765817903842898,7,4111.3610085961445,4.641146576562745,205.53527273270072,44.28545173958309,5.536602738176948,11.138854466715845,148,31,68,True
20,25,2,13,90,247,17.954055782121706,1.7954055782121707,8.135904245227566,27.22560706383799,73.27935222672065,54.317811526592905,-81.77078951710995,1.821707776158747,7,4434.651778184061,4.517887235735943,227.46845337868155,50.34841320948286,5.333069426089043,11.997165159704926,119,31,97,True
20,25,2,13,95,247,18.41095097278148,1.8410950972781484,7.8785561073968005,28.01058098901543,73.27935222672065,54.94130938346012,-81.77078951710995,1.842618612997548,7,4547.504890277026,4.535365592156697,235.33541086454454,51.88896155836376,5.434243646772369,13.338135813813558,111,31,105,True
20,25,2,14,45,247,8.782194518231913,0.8782194518231913,1.3916652576301236,16.68056571841236,82.99595141700405,32.20553736745269,-105.54602653153614,1.489337869545957,6,2169.2020460032827,6.957917818230051,110.85111526896148,15.931650554786186,3.9337105190394737,5.306292285132189,203,25,19,True
20,25,2,14,75,247,16.11737035983032,1.611737035983032,5.90672882504294,25.73884415318516,74.89878542510121,50.84074289724552,-87.49269285665049,1.733884416588645,7,3980.9904788780896,5.02828019008081,196.94178418570522,39.166827770299754,5.41943064552803,10.138360702702764,148,29,70,True
20,25,2,14,90,247,17.426239872332005,1.7426239872332006,7.534576393773293,28.430986502290523,73.27935222672065,54.317811526592905,-83.74610057344412,1.7787393336042123,7,4304.281248466005,4.85098792840292,218.51636154041313,45.045744241287935,5.15235734517895,10.688542257917891,119,29,99,True
20,25,2,14,95,247,17.883135062991787,1.7883135062991786,8.021309923291843,28.139344516295402,73.27935222672065,54.94130938346012,-83.74610057344412,1.7991569485864485,7,4417.134360558972,4.784286956424092,226.25712771666048,47.291713431372294,5.260407077448734,11.494716047244644,111,29,107,True
20,25,3,10,45,230,6.782099355837914,0.6782099355837914,-1.4879791729556466,13.82047048184665,80.0,31.821561362199052,-93.37574866960665,1.3631617123539836,6,1559.8828518427204,9.537167825434043,74.82408965885887,7.845525110642956,3.0217297475542466,4.979550971382241,183,38,9,True
20,25,3,10,75,230,13.063228570973079,1.306322857097308,3.5892482408638835,21.90092893812604,71.30434782608695,49.96050252102629,-78.62090669885612,1.5790237508599898,6,3004.5425713238083,7.448601910128673,166.7969011632255,22.393048141881987,4.416686237042396,7.538361533723327,132,43,55,True
20,25,3,10,90,230,13.716219295300327,1.3716219295300327,5.000951496894713,23.747510845986778,69.56521739130434,52.79003725486599,-75.59536461227835,1.5961685338208984,6,3154.730437919075,7.598168782967439,177.680798872123,23.384687014379587,4.257000691102155,7.983108619557215,106,43,81,True
20,25,3,10,95,230,14.360408538148723,1.4360408538148723,4.29986304343915,23.384187466624514,69.56521739130434,53.71605929146055,-75.59536461227835,1.6241678934216675,6,3302.8939637742064,7.534939765130863,188.6688553809293,25.039198887033518,4.3623816462499,8.181748470369268,100,43,87,True
20,25,3,11,45,230,8.899616190457998,0.8899616190457997,2.072917816141835,16.050497686990756,82.17391304347827,32.57698850047889,-100.24729518988221,1.498015194283396,6,2046.9117238053393,8.620433647707394,103.3022350677824,11.983415137735635,4.0879845741567395,7.296793180851321,187,32,11,True
20,25,3,11,75,230,15.941189381415525,1.5941189381415526,6.591372609965036,25.16681969875548,73.47826086956522,51.61935267332872,-82.90486957486856,1.7250011272602115,6,3666.4735577255706,6.454736183809059,216.6989404448848,33.57208323842087,5.46654430394928,10.53599908946109,136,37,57,True
20,25,3,11,90,230,17.064978001258,1.7064978001258002,7.407324569867498,27.620272495622295,71.73913043478261,55.059622212674576,-79.38296499695328,1.760664058270704,6,3924.9449402893406,5.333726411284049,237.55770756828844,44.538787566177106,5.015506964311385,11.937713515389971,110,37,83,True
20,25,3,11,95,230,17.456233127820333,1.7456233127820333,7.117804368163791,27.73161347859744,71.73913043478261,55.60500814667054,-79.38296499695328,1.778104087338903,6,4014.9336193986765,5.263673765850047,245.00345984446864,46.546095131126016,5.107569561155478,12.737081542572163,102,37,91,True
20,25,3,12,45,230,10.364886476775384,1.0364886476775383,1.9245667240689313,17.36945113727984,83.47826086956522,33.01378816887777,-104.07166944121563,1.6028041977069527,6,2383.9238896583383,7.43000397730129,124.4979454562444,16.756107511730335,4.613563815309058,7.4712471131014855,190,28,12,True
20,25,3,12,75,230,18.393353753730057,1.839335375373006,8.63611345207805,27.749134946645338,75.21739130434783,52.376755732649556,-84.7492522524642,1.8757457307976004,7,4230.471363357913,4.85886881093678,213.51247991278197,43.942836948424876,6.000353245156765,11.512340683906418,139,32,59,True
20,25,3,12,90,230,19.61955265595539,1.961955265595539,10.219911653244852,29.665983374590343,73.47826086956522,55.892900414172665,-80.87545998566294,1.9146824325498526,7,4512.497110869739,4.259481502009437,232.88331094108634,54.6740984392636,5.6122061021899965,12.657489415907985,112,32,86,True
20,25,3,12,95,230,20.04461718984227,2.0044617189842273,10.249647824330184,30.191271953665872,73.47826086956522,56.4713906082199,-80.87545998566294,1.9344993503289794,7,4610.261953663722,4.214722607580034,239.75763078181177,56.885743880419525,5.727998793667899,13.797088680505546,104,32,94,True
20,25,3,13,45,230,10.801574980420934,1.0801574980420936,3.2635979107338673,17.949085842217208,83.91304347826087,32.9972437475887,-104.97583237264331,1.6396227020674325,6,2484.362245496815,7.203599094475511,131.0542304393428,18.192882296829815,4.536073020690447,6.756799565895747,191,24,15,True
20,25,3,13,75,230,18.79122200614605,1.8791222006146049,8.024695120060798,28.697456117234072,75.65217391304347,52.425786200147456,-85.71617388235836,1.9003928867083133,7,4321.981061413591,4.988968249457253,219.72321649872956,44.04181496297017,5.960142255938986,11.640909570725505,140,28,62,True
20,25,3,13,90,230,20.011710676189125,2.0011710676189125,9.70353363843192,30.57427663201819,73.91304347826086,55.9146757274738,-81.71335696911747,1.9387884727468787,7,4602.693455523498,4.8278152279543125,239.22250954625198,49.55088342260721,5.596904529839081,11.878962574061374,112,28,90,True
20,25,3,13,95,230,20.436775210076007,2.043677521007601,10.68907231956997,31.000820096108807,73.91304347826086,56.48976303802665,-81.71335696911747,1.9587290810758478,7,4700.458298317481,4.639110355004752,246.1729583515457,53.06469118286226,5.7031575566995985,13.272600488308681,104,28,98,True
20,25,3,14,45,230,10.556303714048433,1.0556303714048432,2.460165678487138,18.17587748264756,83.91304347826087,32.9972437475887,-106.50049159603995,1.6161498913964762,6,2427.9498542311394,7.694222635690546,127.35819587941552,16.55244485500715,4.568426987904635,5.805476740745022,191,22,17,True
20,25,3,14,75,230,18.35488057258929,1.8354880572589292,8.038548798454757,28.405602084308672,75.65217391304347,52.425786200147456,-87.50829048446647,1.861473995435918,7,4221.622531695537,5.381754143218422,212.9156972798958,39.56250910276012,5.9107385493896825,10.716519381167991,140,26,64,True
20,25,3,14,90,230,19.575369242632366,1.9575369242632363,9.873293366596661,30.058870160422913,73.91304347826086,55.9146757274738,-83.38599913108504,1.8998982588447197,7,4502.334925805444,5.214256405745404,232.17348183396297,44.526671449861816,5.4668900551939155,10.781605002327872,112,26,92,True
20,25,3,14,95,230,20.000433776519245,2.0000433776519246,9.495216206633327,30.38985300380036,73.91304347826086,56.48976303802665,-83.38599913108504,1.9194388779360003,7,4600.099768599426,5.025687916929852,239.03923991039005,47.56348660352492,5.580870261482857,11.672232890127113,104,26,100,True
20,25,4,10,45,215,6.893151836127121,0.689315183612712,-0.917853267613418,14.913857797972764,79.53488372093022,33.004186620424186,-94.583824257391,1.3561121231504105,6,1482.027644767331,8.53891583919546,70.50379421658562,8.25676181195721,2.940300165293063,4.97576389437042,170,37,8,True
20,25,4,10,75,215,13.52260627367586,1.3522606273675861,4.188186757510868,22.72256001735603,71.16279069767441,51.65999072709868,-80.59061665170626,1.58186561662536,6,2907.36034884031,7.448601910128673,159.88984841765114,21.465752948916702,4.4173295266366335,7.280165328797159,122,42,51,True
20,25,4,10,90,215,13.956517738838702,1.3956517738838703,4.2204877339704225,24.49009888556175,69.30232558139535,54.36218273148382,-77.26233201728436,1.5884421639777342,6,3000.651313850321,7.598168782967439,166.51829417357393,21.915582415970075,4.189627072016572,7.795309789298426,96,42,77,True
20,25,4,10,95,215,14.556324762080967,1.4556324762080968,4.242376269050745,24.56158854518011,69.30232558139535,55.227676087168966,-77.26233201728436,1.6137315484309573,6,3129.609823847408,7.534939765130863,175.84256186475545,23.33695654456257,4.254832774206997,7.95304965178787,90,42,83,True
20,25,4,11,45,215,9.204932635953254,0.9204932635953255,1.3459711933323915,17.352718846348306,81.86046511627907,33.781815045672836,-101.70612644380691,1.4989388862690687,6,1979.0605167299498,7.543756170580236,99.1832824121177,13.14773173593824,4.051699745297413,7.380085674785371,174,31,10,True
20,25,4,11,75,215,16.647885280195688,1.6647885280195687,6.024226379023156,26.63956310092432,73.48837209302326,53.380549174622395,-85.17248130435554,1.7372645958247515,6,3579.2953352420727,5.676565012414804,209.83897960549677,36.96583746448304,5.533351793844654,10.55621787540589,126,36,53,True
20,25,4,11,90,215,17.585441005677147,1.7585441005677147,7.170323064727882,27.767020076610308,71.62790697674419,56.74283721625865,-81.2709363128401,1.7626523725341434,6,3780.869816220587,4.991362222131135,225.83458063852046,45.2450795170095,4.97313549843529,11.625784627358733,100,36,79,True
20,25,4,11,95,215,17.914667346380828,1.7914667346380828,6.945011512370053,29.176995090271003,71.62790697674419,57.20247139321509,-81.2709363128401,1.7769303909106708,6,3851.653479471878,4.941526320224126,231.56375869423425,46.8607761424878,5.023964720510368,12.336105903208852,92,36,87,True
20,25,4,12,45,215,10.8189613143393,1.08189613143393,2.455529437750286,18.440891744937602,83.25581395348837,34.23014497135442,-105.586646313597,1.6119451979841797,6,2326.076682582949,6.240325252570698,120.77199714611955,19.353477945138774,4.612382551411997,7.306903745390893,177,27,11,True
20,25,4,12,75,215,19.317661120346116,1.9317661120346115,9.276916716523425,30.017967051493166,75.34883720930232,54.14589450337135,-87.13844846550458,1.8993056265932071,7,4153.297140874415,4.062004441717383,208.33012544835174,51.28751788372527,6.102217661755504,11.594501112073006,129,31,55,True
20,25,4,12,90,215,20.364772031632487,2.036477203163249,9.63527202960297,31.40172106939108,73.48837209302326,57.59151541903615,-82.82514823520566,1.9274295625571582,7,4378.425986800985,4.284298018390628,223.58978017305674,52.18819494192118,5.608300759316131,12.520242574480093,102,31,82,True
20,25,4,12,95,215,20.73016657552058,2.073016657552058,10.295505899215767,31.53489139712074,73.48837209302326,58.08872951356739,-82.82514823520566,1.944069950255705,7,4456.985813736925,4.243451679564988,229.0166655495243,53.96942933329258,5.6824353087864505,13.627919862599105,94,31,90,True
20,25,4,13,45,215,11.332646690332213,1.1332646690332213,2.7707593051348596,19.795905937146546,83.72093023255815,34.205648137402925,-106.29993218031717,1.6548906310786309,6,2436.5190384214256,5.907600659116348,127.9173826656081,21.653017874221348,4.554088193144581,6.825188456574525,178,23,14,True
20,25,4,13,75,215,19.789817855488803,1.9789817855488803,9.437558344788528,29.744633173000988,75.81395348837209,54.18738016333402,-88.03331014794907,1.9294582383251042,7,4254.810838930092,4.110824200338331,215.15742209776243,52.33924186786057,6.073981592846369,11.780106329674778,130,27,58,True
20,25,4,13,90,215,20.830820146301136,2.083082014630113,10.11279023948015,33.0935494259841,73.95348837209302,57.604114087314954,-83.57906800764879,1.9568839676129197,7,4478.626331454744,4.59440558305163,230.52088823038358,50.17425737961739,5.606817457770696,12.122022535024263,102,27,86,True
20,25,4,13,95,215,21.196214690189223,2.1196214690189223,10.967858847661862,31.364534361436448,73.95348837209302,58.0982010491762,-83.57906800764879,1.9736687210908967,7,4557.186158390683,4.553294330714482,236.01539282191942,51.833985611223376,5.67234625116779,13.183919855150007,94,27,94,True
20,25,4,14,45,215,11.116793707701165,1.1116793707701165,3.2382098759099485,18.885539441776668,83.72093023255815,34.205648137402925,-107.62588621647933,1.6345023305607425,6,2390.1106471557505,6.279707830368812,124.89860095983123,19.889237578190933,4.60884215594678,5.841155673370634,178,21,16,True
20,25,4,14,75,215,19.369564228893204,1.9369564228893201,9.212820903619386,30.1172852733135,75.81395348837209,54.18738016333402,-89.77089725791166,1.892112039651242,7,4164.456309212039,4.4101494238211,209.0763478354569,47.40799636088208,6.046091362051091,10.853382480337832,130,25,60,True
20,25,4,14,90,215,20.410566519705533,2.0410566519705533,9.624976114977196,31.362948617512874,73.95348837209302,57.604114087314954,-85.19254175261405,1.919822261990197,7,4388.27180173669,4.325747194153788,224.26702615582536,51.8446908915344,5.487996989101686,10.940304505039556,102,25,88,True
20,25,4,14,95,215,20.77596106359362,2.077596106359362,10.416726748211598,31.20960847799593,73.95348837209302,58.0982010491762,-85.19254175261405,1.9362891266190414,7,4466.8316286726285,4.288030133605488,229.70054495512719,53.56784765922085,5.562267025472785,11.8771026131396,94,25,96,True
20,25,5,10,45,204,7.974713409213475,0.7974713409213475,-0.5708133720187323,15.968359085519447,80.3921568627451,33.83295844535526,-98.04409123896784,1.4148239620872118,6,1626.8415354795488,7.199395075071728,78.59051687353022,10.916266721582467,3.3945475736954775,6.323108130413882,164,35,5,True
20,25,5,10,75,204,15.320062803642054,1.5320062803642054,5.36860588641802,25.50391757649997,72.05882352941177,52.92051045498873,-81.64951271825201,1.6715251154570978,6,3125.292811942979,7.475866636231012,175.5273789342998,23.479201472592433,4.966000050893069,8.209906801819033,117,39,48,True
20,25,5,10,90,204,15.652221119957943,1.5652221119957943,5.125279873915131,26.571112182801933,70.09803921568627,55.59280429473263,-77.97898206025155,1.6712723293222242,6,3193.0531084714203,7.632746587315095,180.49891617155254,23.647963954616902,4.640529607435244,8.74919809443615,91,39,74,True
20,25,5,10,95,204,16.242597324080926,1.6242597324080927,6.8741148309458096,26.79014194259188,70.09803921568627,56.43501929921577,-77.97898206025155,1.6965916246912838,6,3313.489854112509,7.57100450475108,189.46425552207552,25.024982537413603,4.628279063755829,8.595172366162926,85,39,80,True
20,25,5,11,45,204,10.509227487461605,1.0509227487461605,3.1529273390370234,18.119192056249492,82.84313725490196,34.61827645552749,-105.90303752977081,1.5783949591866704,6,2143.8824074421673,6.150512419968517,109.27490112006697,17.766796269736876,4.66491845482139,10.494199489024908,168,29,7,True
20,25,5,11,75,204,18.77763416149498,1.8777634161494978,8.184588209893068,29.256290859111097,74.50980392156863,54.66752121860253,-86.13126646697326,1.8552771400057009,6,3830.6373689449756,4.934183201726361,229.85661771867706,46.584532499372,6.199074012446316,12.958611745577642,121,33,50,True
20,25,5,11,90,204,19.640594026676077,1.9640594026676075,9.26503308165077,30.866811613376623,72.54901960784314,58.02839674634804,-81.8128845895998,1.8745306879098795,6,4006.6811814419198,5.0142181094109475,244.31667622316104,48.724780392902076,5.470349694909416,14.30621146286541,95,33,76,True
20,25,5,11,95,204,19.945799413417713,1.9945799413417713,9.536387366145576,30.767325847435835,72.54901960784314,58.44908525239732,-81.8128845895998,1.8881204742706401,6,4068.9430803372134,4.965324355222914,249.51805537570598,50.252115979743294,5.441339495424598,14.298623868519549,87,33,84,True
20,25,5,12,45,204,12.308365555368464,1.2308365555368466,3.4592258266608824,20.664876284211086,84.31372549019608,35.07026292336145,-110.0368327975938,1.7130869584351558,6,2510.9065732951667,4.747733766981034,132.80546588843015,27.972391125224746,5.317978896477747,9.977406092774622,171,25,8,True
20,25,5,12,75,204,21.73848614988882,2.173848614988882,12.364618842157725,33.123063401591004,76.47058823529412,55.42930362297055,-87.75667063762681,2.0527811215460434,7,4434.65117457732,3.4957568889640673,227.4684115940567,65.06986006726135,6.838878237730735,14.366410526568098,124,28,52,True
20,25,5,12,90,204,22.716908588344694,2.2716908588344693,11.478571718616623,34.795345763798416,74.50980392156863,58.876744890548586,-82.98107444886665,2.073981994551051,7,4634.249352022318,4.089519036210638,241.45689847387652,59.04285964581578,6.1811393560370504,15.590659233599453,97,28,79,True
20,25,5,12,95,204,23.060232424520883,2.3060232424520883,12.855194666074228,34.46876933642272,74.50980392156863,59.3375216180482,-82.98107444886665,2.0902132355634215,7,4704.2874146022605,4.050103479517624,246.44686681096474,60.849523489290476,6.166550416576114,15.938314402892914,89,28,87,True
20,25,5,13,45,204,12.460882446906533,1.2460882446906532,3.396725730283027,20.601884908344836,84.80392156862744,35.0399187149032,-113.5447070486878,1.722188183941337,6,2542.020019168933,4.7277961771885115,134.86802081655887,28.526614888199582,5.019566078783706,9.145552400257317,172,22,10,True
20,25,5,13,75,204,21.896274326805322,2.189627432680532,11.474752179630842,32.0352738766353,76.9607843137255,55.46420014178785,-90.23488211898733,2.0532417831117242,7,4466.839962668286,3.8144939573292977,229.7011241779155,60.217980877007285,6.656768027617911,15.003787387155658,125,25,54,True
20,25,5,13,90,204,22.868258758389054,2.2868258758389057,11.801565719168394,34.43114264099945,75.0,58.881437431625834,-85.1712772613213,2.0739892364523307,7,4665.124786711367,4.395375598004567,243.65143473583913,55.43358680119468,6.05780240175327,15.35236503561192,97,25,82,True
20,25,5,13,95,204,23.211582594565233,2.321158259456523,11.90715815745829,34.21104662628378,75.0,59.33920254652741,-85.1712772613213,2.090113162133182,7,4735.162849291308,4.35577196098627,248.66012467655935,57.08749835936215,6.05569838226986,15.40513433784244,89,25,90,True
20,25,5,14,45,204,12.28242954854538,1.228242954854538,2.625973618348097,20.68682836074892,84.80392156862744,35.0399187149032,-114.71904225080634,1.7045587985368342,6,2505.6156279032575,4.56312412977301,132.45578233609172,29.027433523418228,5.1475763118668265,7.783951658362891,172,20,12,True
20,25,5,14,75,204,21.55143839681486,2.155143839681486,11.54505604876436,32.95099381996052,76.9607843137255,55.46420014178785,-91.73161679383958,2.019740158698568,7,4396.493432950231,3.0609682132276888,224.83318854179868,73.45165741029358,6.694497253913017,13.931303528479615,125,23,56,True
20,25,5,14,90,204,22.523422828398594,2.2523422828398596,10.505115638163733,33.78091743867373,75.0,58.881437431625834,-86.55062098128313,2.0409363941256693,7,4594.778256993313,3.516693885590149,238.6634042533332,67.86584559755683,5.976093837955042,13.716489545461501,97,23,84,True
20,25,5,14,95,204,22.86674666457477,2.286674666457477,11.579325565294956,34.8692873185592,75.0,59.33920254652741,-86.55062098128313,2.0568033553228826,7,4664.816319573253,3.478818529124438,243.62946901520237,70.03224427360973,5.982650122017255,13.935909729504795,89,23,92,True
25,10,2,10,45,238,6.459023330307827,0.6459023330307827,-0.8615963439320208,13.44589217561707,80.25210084033614,31.05330958198686,-93.48796973502608,1.349856723053836,6,1537.2475526132628,7.701612223468107,73.56148803702935,9.551440127415807,2.853199012038596,4.746011327700283,190,39,9,True
25,10,2,10,75,238,13.669294756211585,1.3669294756211585,3.978361076310007,22.456559848353354,72.26890756302521,48.92122468803401,-78.19937112671958,1.6303414544488957,6,3253.292151978357,7.67224257377371,184.96245292585348,24.108003774296314,4.6801600484906585,7.621525679097222,141,43,54,True
25,10,2,10,90,238,14.505802460266205,1.4505802460266206,5.001307973992041,22.77015527160272,70.58823529411765,51.88235214667756,-75.19791678712104,1.6558656206464482,6,3452.380985543357,7.874993298740658,200.00928067498646,25.398025507776783,4.571595478867819,8.173452667779609,114,43,81,True
25,10,2,10,95,238,14.962287180646445,1.4962287180646445,5.591407694339532,24.064556766596993,70.16806722689076,52.85849689395347,-74.17386806051233,1.6761852095959546,6,3561.024348993854,7.9285002140436145,208.41240929089633,26.28648592601903,4.6420284838320764,8.618900893460154,107,43,88,True
25,10,2,11,45,238,8.46332951502471,0.8463329515024711,1.2849483930532748,16.61049615776607,82.35294117647058,31.801355439313127,-100.44745813165457,1.4774522734955415,6,2014.2724245758814,6.766711148603644,101.3146747603383,14.972513608955403,3.8435007413613334,6.91726533073015,194,33,11,True
25,10,2,11,75,238,16.450286158567636,1.6450286158567635,6.840538735146945,25.1555263442981,74.36974789915966,50.534456693141756,-82.44968408109824,1.7784515418823181,6,3915.168105739097,5.174751128954178,236.75449427258698,45.75186098281702,5.679591888830196,10.509104605132585,145,37,56,True
25,10,2,11,90,238,17.741766618792443,1.7741766618792443,8.245667048058603,27.65412833160054,72.68907563025209,54.0732188725698,-78.9557909181842,1.8227662606491144,6,4222.540455272601,5.312333997075322,262.5456608574444,49.421904007162865,5.270731897334928,11.843333487104704,118,37,83,True
25,10,2,11,95,238,17.953819209988666,1.7953819209988664,8.164455621569498,28.114994446820685,72.26890756302521,54.69549906312312,-77.79722525575569,1.832196263666671,6,4273.008971977302,5.360998235028338,266.88734326258754,49.78314328081043,5.33636031891317,13.40480539613882,109,37,92,True
25,10,2,12,45,238,9.837313405163364,0.9837313405163365,2.3914876486917236,17.546721072163898,83.61344537815127,32.23448325597686,-104.44568147462857,1.5747756614198114,6,2341.2805904288807,5.894533871586237,121.7477424408444,20.65434605910267,4.315557123979854,7.30193892957813,197,29,12,True
25,10,2,12,75,238,18.820024837695133,1.8820024837695133,9.452610817670184,28.45343936006053,76.05042016806722,51.28235897592217,-84.26212391702579,1.9325881480464056,7,4479.165911371441,4.370341745290824,230.55844559867444,52.75524410582036,6.195029782441352,11.24083698900153,148,32,58,True
25,10,2,12,90,238,20.210473217869747,2.0210473217869747,10.723862795548364,29.938453560964486,74.36974789915966,54.89112638338108,-80.42027449189263,1.9805236051631419,7,4810.092625853,4.4330132154788995,254.06574814045007,57.3122018344814,5.861144013133217,12.663754722377128,120,32,86,True
25,10,2,12,95,238,20.455198765724155,2.0455198765724156,10.711211573951154,30.38647350977474,73.94957983193278,55.54809379230512,-79.16334195489279,1.991893059545961,7,4868.337306242349,4.597502087892429,258.30138691055726,56.18298414497662,5.929929649992328,14.510276786067582,111,32,95,True
25,10,2,13,45,238,10.217289690198983,1.0217289690198983,2.1184100063323044,17.574479917247988,84.03361344537815,32.222414413997406,-105.59915622452957,1.6059944120189695,6,2431.714946267358,5.5869712374233,127.60378982365133,22.839528682181285,4.2826897626946545,7.185793826380167,198,25,15,True
25,10,2,13,75,238,19.204519367340833,1.920451936734083,9.955531119688725,28.656322693644636,76.47058823529412,51.33524742702856,-85.22034682664426,1.957743195732691,7,4570.675609427119,4.2365957405833194,236.96419651092816,55.93269007023586,6.202402903598985,12.328446095320182,149,28,61,True
25,10,2,13,90,238,20.58944945591075,2.058944945591075,10.395114617091465,30.350158294571884,74.78991596638656,54.91755097490909,-81.25058505045097,2.0051802432076893,7,4900.288970506758,4.42608795083775,260.6375116804909,58.8866544396522,5.8813482142965094,12.777322444226964,120,28,90,True
25,10,2,13,95,238,20.834175003765154,2.0834175003765156,10.583286330196312,30.26387209759111,74.36974789915966,55.57095599503428,-79.95943541352393,2.016608440011417,7,4958.533650896106,4.465010644543402,264.9189551520856,59.332211329851496,5.942719186201494,14.21622143554805,111,28,99,True
25,10,2,14,45,238,9.938229222696142,0.9938229222696142,2.5108937378112985,17.51358838268017,84.03361344537815,32.222414413997406,-107.34695599467892,1.5798459605963966,6,2365.298555001682,5.54451482096937,123.29429316610239,22.237165405312478,4.304434170039727,6.189007885590352,198,23,17,True
25,10,2,14,75,238,18.78284487272716,1.8782844872727162,9.71249992524763,27.532005642527544,76.47058823529412,51.33524742702856,-87.01246342875238,1.9174213390068486,7,4470.317079709064,3.9323734515956077,229.94284007585452,58.474314025935776,6.122195985122914,11.283782893885915,149,26,63,True
25,10,2,14,90,238,20.16777496129707,2.016777496129707,9.836973940734438,30.402375467559807,74.78991596638656,54.91755097490909,-82.92322721241854,1.9647338070295364,7,4799.930440788703,4.006359069983756,253.32976345856798,63.23191681857789,5.724066610922017,11.54885523011974,120,26,92,True
25,10,2,14,95,238,20.41250050915148,2.0412500509151483,10.276439493851855,30.35653232004586,74.36974789915966,55.57095599503428,-81.6046572121806,1.9759518368443298,7,4858.175121178053,4.170026932330507,257.56025063282993,61.76464920069161,5.766678337024078,12.206665543108073,111,26,101,True
25,10,3,10,45,225,6.867689292727903,0.6867689292727902,-0.862832934945281,14.151041576234938,80.0,31.873644096301994,-93.15612992156849,1.3686117756560976,6,1545.230090863778,8.551277301172142,74.00614322411214,8.654396368828777,2.9820709665984118,4.9036747384678465,179,37,9,True
25,10,3,10,75,225,14.382283967053034,1.4382283967053033,5.742200384890189,23.421926802181478,72.0,50.392567229405024,-78.21558727899495,1.656714366908891,6,3236.013892586933,7.689290397138766,183.67795796962736,23.88750437075118,4.843385215740139,7.779057823627783,133,41,51,True
25,10,3,10,90,225,15.10377320337142,1.510377320337142,5.975665953794233,24.588494226195625,70.22222222222221,53.34573829158374,-75.07877133300988,1.675578802485432,6,3398.3489707585695,7.896243844334057,195.88071458454615,24.80682188216619,4.658623426519785,8.224584810822106,107,41,77,True
25,10,3,10,95,225,15.528751599060719,1.552875159906072,6.16521295955052,25.37424909791993,69.77777777777779,54.31042832037087,-74.01129612514065,1.6942440054891692,6,3493.9691097886616,7.95205868637186,203.209880982498,25.55437390455337,4.7041057560598105,8.377054140492037,100,41,84,True
25,10,3,11,45,225,9.07672427922843,0.907672427922843,1.4119106823446497,16.479591500765846,82.22222222222221,32.643997152866184,-99.92191276134619,1.5109647389617489,6,2042.2629628263967,7.557689394526356,103.01845084841065,13.630945315511589,4.080247242668106,7.4797436838510984,183,31,11,True
25,10,3,11,75,225,17.41287931710077,1.7412879317100771,7.970831067947028,27.127078841958113,74.22222222222223,52.05834778148416,-82.34217643379623,1.820356781829468,6,3917.8978463476733,5.504737389502467,236.97864251430113,43.04994511931111,5.945156508304223,11.078538645638046,137,35,53,True
25,10,3,11,90,225,18.615628624390276,1.8615628624390275,8.242689965143175,28.688626053812587,72.44444444444444,55.62612487351519,-78.68615990153485,1.8585590765466211,6,4188.516440487812,5.326756717868183,259.63574563158454,48.741806578223674,5.414730629966993,12.519555014796635,111,35,79,True
25,10,3,11,95,225,18.78205214565382,1.8782052145653823,8.377637685825944,29.672014571336025,72.0,56.216012986822065,-77.4767043030645,1.8657926052282552,6,4225.96173277211,5.377025141933181,262.8390277365038,48.881866980076325,5.457680974132212,13.30876368872945,102,35,88,True
25,10,3,12,45,225,10.619018349686204,1.0619018349686205,2.650733172784377,18.108713427670523,83.55555555555556,33.089021144224816,-103.55288774148298,1.623595468888706,6,2389.279128679396,6.256886564309218,124.84472731161928,19.95317096265794,4.627840607457851,7.631497562570015,186,27,12,True
25,10,3,12,75,225,20.00846067546674,2.000846067546674,9.97319399826759,29.02763914412806,76.0,52.81434046469986,-83.87682532377146,1.9939406483968427,7,4501.903651980017,3.931694475170216,232.14337698664855,59.04410387243996,6.529668189860463,12.180192534617817,140,30,55,True
25,10,3,12,90,225,21.31589604919205,2.131589604919205,11.847932659699156,31.308085706892903,74.22222222222223,56.45581352866379,-79.8628318658386,2.03541252070566,7,4796.076611068212,4.210346800265891,253.05088902678884,60.1021485951723,6.066128116298104,13.682512569854795,113,30,82,True
25,10,3,12,95,225,21.51688029794291,2.151688029794291,11.448810959736312,30.851014274392842,73.77777777777777,57.083329954540346,-78.55143568502612,2.044613618143578,7,4841.298067037155,4.185510921389082,256.3313810232564,61.242554574002995,6.14048652756485,15.001739616758279,104,30,91,True
25,10,3,13,45,225,11.109873264523877,1.1109873264523877,3.16108213534447,19.27159229862558,84.0,33.07172851838281,-104.18986681823553,1.6664439645019422,6,2499.7214845178723,5.924667329805651,132.06659569514989,22.29097236071854,4.569305404495208,6.80995440703032,187,23,15,True
25,10,3,13,75,225,20.504094889047526,2.050409488904753,10.08082739876729,29.757018009576235,76.44444444444444,52.861396956633506,-84.50450804726921,2.0300715057833294,7,4613.421350035694,3.9817609058273993,239.98115828769983,60.27010761406639,6.524816188670294,12.396367342889464,141,26,58,True
25,10,3,13,90,225,21.805693136542093,2.1805693136542095,9.823554333075583,31.635921690743807,74.66666666666667,56.47449739858464,-80.376045741057,2.0709049405547235,7,4906.280955721971,4.516021917738063,261.0766031284122,57.81119044240102,6.0849096722856695,12.730483463532314,113,26,86,True
25,10,3,13,95,225,22.006677385292953,2.200667738529295,12.444256469094322,32.7079389032353,74.22222222222223,57.09836812053332,-79.033190766175,2.080188341232803,7,4951.502411690914,4.491845300818952,264.4005308929884,58.86234123975351,6.150792533218675,14.214114020976043,104,26,95,True
25,10,3,14,45,225,10.903613747787544,1.0903613747787544,1.9761773298845704,18.122029905957916,84.0,33.07172851838281,-105.47898879783763,1.646077353417605,6,2453.313093252197,6.295994645749621,129.01562451465304,20.491698575657228,4.657991504293669,5.933905948175847,187,21,17,True
25,10,3,14,75,225,20.146981423633957,2.0146981423633954,10.01659327697645,30.4147731721964,76.44444444444444,52.861396956633506,-86.02055577779853,1.9942930192189658,7,4533.07082031764,4.276808581472337,234.32310626933085,54.78924338219099,6.5092025868384145,11.498873430964816,141,24,60,True
25,10,3,14,90,225,21.448579671128517,2.1448579671128516,11.420657771772337,31.162905352467074,74.66666666666667,56.47449739858464,-81.7857041571632,2.035210822511806,7,4825.930426003916,4.119759430594566,255.2145733759151,61.94890203554492,5.9721552417519925,11.658326952942957,113,24,88,True
25,10,3,14,95,225,21.649563919879377,2.1649563919879378,10.877659999747094,31.425795072905807,74.22222222222223,57.09836812053332,-80.41854472683112,2.0443533585527938,7,4871.15188197286,4.076954048727469,258.5068152909481,63.40685035967852,6.01815498999276,12.384915115530815,104,24,97,True
25,10,4,10,45,212,6.467213462017899,0.6467213462017899,-1.1002628256978226,13.812842797200652,79.24528301886792,32.9329614361488,-94.583824257391,1.3294454475873068,6,1371.0492539477946,8.920711421664924,64.45470793477087,7.225287859691947,2.7155721818515093,4.513807268888098,167,37,8,True
25,10,4,10,75,212,14.008139550516521,1.400813955051652,4.275813630724841,23.590175716729163,71.22641509433963,52.08517497777188,-80.24812847432871,1.6066686775682035,6,2969.7255847095025,7.689290397138766,164.31013297018083,21.368699123565637,4.54298763595,7.212660470630671,123,41,48,True
25,10,4,10,90,212,14.499036996851725,1.4499036996851724,3.9643720146410115,24.637215786441125,69.33962264150944,54.90902966667753,-76.88971565644664,1.6150259032273604,6,3073.7958433325657,7.896243844334057,171.78388859244208,21.755139782784884,4.334827127776716,7.6737562905221495,97,41,74,True
25,10,4,10,95,212,14.857334876651773,1.4857334876651773,4.568152663847019,25.223226692112927,68.86792452830188,55.82244499121308,-75.7624541646505,1.629910435704292,6,3149.754993850176,7.95205868637186,177.3161450408471,22.298143415959608,4.342417509554085,7.785463722899026,90,41,81,True
25,10,4,11,45,212,8.811708141086857,0.8811708141086857,0.32608738702498913,16.49413661350931,81.60377358490565,33.72613327872187,-101.70612644380691,1.4709602397105874,6,1868.0821259104137,7.895729880220144,92.55253816527275,11.721847070418303,3.830703069474403,7.108326986239989,171,31,10,True
25,10,4,11,75,212,17.22457329467096,1.7224573294670962,6.646651724398922,26.749310022040422,73.58490566037736,53.81416416658842,-84.70357270567055,1.7698295491449,6,3651.6095384702435,5.9679287604703095,215.52307576086088,36.11354699614014,5.667747110184956,10.596109332888583,127,35,50,True
25,10,4,11,90,212,18.226242042744385,1.8226242042744385,7.751670728463855,29.50310494779415,71.69811320754717,57.303020166541714,-80.76826253754218,1.7973353211739134,6,3863.96331306181,5.326756717868183,232.56608806371668,43.659979304778865,5.108538908039107,11.603296597661773,101,35,76,True
25,10,4,11,95,212,18.310130268083135,1.8310130268083136,8.007792861234359,29.476274712429422,71.22641509433963,57.81678030651693,-79.48501982705628,1.8005937090007118,6,3881.7476168336243,5.377025141933181,234.01731033486107,43.52170654919529,5.108098263050768,12.22282187635021,92,35,85,True
25,10,4,12,45,212,10.448576847940627,1.0448576847940627,2.1660921898909318,18.731505035222597,83.01886792452831,34.1830543128006,-105.586646313597,1.582748957872863,6,2215.098291763413,6.574280428572488,113.72597216509526,17.29861897445547,4.396500794170415,7.069137278246603,174,27,11,True
25,10,4,12,75,212,19.979317660861255,1.9979317660861255,10.205185491763256,29.89978898935022,75.47169811320755,54.578235937147596,-86.47889242001976,1.9418962125130725,7,4235.615344102586,4.31527484738104,213.8597065585123,49.55876835708501,6.26691966207448,11.781797031846468,130,30,52,True
25,10,4,12,90,212,21.09209190397268,2.1092091903972676,10.461416411240458,31.757799876189544,73.58490566037736,58.14821519370651,-82.13568011742872,1.9721552621504934,7,4471.523483642208,4.296422187166497,230.0267289398294,53.539135336123174,5.775157372221945,12.891637402639596,103,30,79,True
25,10,4,12,95,212,21.21266014669184,2.121266014669184,10.380231545736484,32.56658315185765,73.11320754716981,58.704338676597295,-80.73839550480545,1.9771832741424977,7,4497.08395109867,4.276263792473877,231.80704907766972,54.2078459906156,5.803787182207189,14.022208358230447,94,30,88,True
25,10,4,13,45,212,10.969531356612682,1.0969531356612683,2.399921024675786,18.830115689168473,83.49056603773585,34.15840832719204,-106.29993218031717,1.625061720549377,6,2325.540647601889,6.234146186922251,120.73764191960149,19.36714961430969,4.348479659953525,6.5835765411484175,175,23,14,True
25,10,4,13,75,212,20.505344538482376,2.0505344538482375,9.916908835625124,30.649698665650284,75.94339622641509,54.617551596403125,-87.18221107573797,1.9776983370307977,7,4347.133042158263,4.360488648265324,221.44279969609974,50.783941332858056,6.264307170519955,11.974095551645982,131,26,55,True
25,10,4,13,90,212,21.611923718377202,2.1611923718377204,10.491175899656207,31.809179435304337,74.05660377358491,58.15742849613748,-82.70888082904757,2.0071970687747154,7,4581.727828295967,4.607253395425181,237.74274260339513,51.601837841058234,5.797691063107733,12.340252238322098,103,26,83,True
25,10,4,13,95,212,21.73249196109636,2.1732491961096363,11.067134970249413,32.62371778487456,73.58490566037736,58.71004614453813,-81.27640897849142,2.012261815148178,7,4607.288295752429,4.588084429059954,239.54732302112328,52.21074867408309,5.819288721668946,13.382134278431964,94,26,92,True
25,10,4,14,45,212,10.750623850642517,1.0750623850642518,2.3153774139695957,19.81301990882684,83.49056603773585,34.15840832719204,-107.62588621647933,1.6050409130733672,6,2279.1322563362137,6.610167081795318,117.77513833152811,17.81727101208771,4.428425288144371,5.710067935551118,175,21,16,True
25,10,4,14,75,212,20.126332605850045,2.0126332605850044,9.649233702546905,30.715099440651024,75.94339622641509,54.617551596403125,-88.7577116584449,1.9425930506935276,7,4266.78251244021,4.66117489637034,215.9683596136665,46.333459785394716,6.242560326694412,11.046025537606953,131,24,57,True
25,10,4,14,90,212,21.232911785744868,2.123291178574487,10.056080483968241,32.59809409651139,74.05660377358491,58.15742849613748,-84.16979955119403,1.9723585424571262,7,4501.377298577912,4.569278953639088,232.10663732605795,50.79721323234214,5.68171652706196,11.222471421661865,103,24,85,True
25,10,4,14,95,212,21.35348002846403,2.135348002846403,10.99546975522187,31.95339259356551,73.58490566037736,58.71004614453813,-82.71123986631382,1.9773541603792872,7,4526.937766034374,4.424178246015372,233.89351990399217,52.8671104322363,5.68530066025497,11.876392852372373,94,24,94,True
25,10,5,10,45,201,7.550067712430754,0.7550067712430754,-0.5055871313931186,15.43669104082802,80.09950248756219,33.784641364952144,-98.04409123896784,1.3869594768591782,6,1517.5636101985815,7.568959537205082,72.46787307578211,9.574350704290016,3.160538474427249,5.742030612882941,161,35,5,True
25,10,5,10,75,201,15.864575362118886,1.5864575362118887,5.935915256656028,26.23888665664059,72.13930348258707,53.38841018796224,-81.29535409765406,1.7004397033815941,6,3188.779647785896,7.717124344577829,180.18383389362188,23.348572064958606,5.104600656601911,8.086845318114424,118,38,45,True
25,10,5,10,90,201,16.253872096268964,1.6253872096268964,6.3249500931906795,26.771779408273737,70.1492537313433,56.18626809612533,-77.58725850339347,1.7017965652197844,6,3267.028291350062,7.931689546563341,185.9860491174174,23.44847816162974,4.801469418023441,8.561942487072923,92,38,71,True
25,10,5,10,95,201,16.58833336187246,1.6588333361872463,5.253418629890301,27.118017758945797,69.65174129353234,57.08557837955625,-76.35616340002477,1.7158546958477474,6,3334.2550057363646,7.989887903827103,191.0267530291338,23.908564842021534,4.728764888551865,8.392723951157329,85,38,78,True
25,10,5,11,45,201,10.122410359010946,1.0122410359010947,1.9281743885941092,18.165290055755907,82.58706467661692,34.58560720303121,-105.90303752977081,1.5489130244903089,6,2034.6044821612002,6.490375564285649,102.55144463564663,15.800540911677393,4.4344263476746635,10.300131352834313,165,29,7,True
25,10,5,11,75,201,19.423249612671004,1.9423249612671005,9.375650583088762,29.89573220715501,74.6268656716418,55.14311777065843,-85.63518614611557,1.8939135628806398,6,3904.0731721468715,5.205203348329388,235.84435155689923,45.309344472122035,6.363649525011458,12.698515686260237,122,32,47,True
25,10,5,11,90,201,20.351270306863384,2.0351270306863385,9.186054999315239,32.41107271241176,72.636815920398,58.63490072511243,-81.27436680339771,1.9151057746667577,6,4090.6053316795405,5.350814729114623,251.33845614964468,46.97199751321471,5.6317849321216205,13.797030693840384,96,32,73,True
25,10,5,11,95,201,20.39630447422909,2.039630447422909,9.693346646897888,31.284471718857837,72.13930348258707,59.11888159106775,-79.86751127472814,1.9166200762378953,6,4099.657199320047,5.402761699164836,252.10077839425193,46.661465456309486,5.549897226095348,13.74779113021998,87,32,82,True
25,10,5,12,45,201,11.948401233901492,1.1948401233901493,2.5653159339058216,20.002671724384758,84.07960199004975,35.046197026847345,-110.0368327975938,1.6820524849937784,6,2401.6286480142,5.068872581389432,125.64562476066166,24.78768656011883,5.091074683069203,9.776425087761117,168,25,8,True
25,10,5,12,75,201,22.478064566065747,2.2478064566065745,11.980430711664061,32.73200062840598,76.61691542288557,55.902440295809,-87.04010271862491,2.104428789366862,7,4518.090977779215,3.5089777811191896,233.2744219593207,66.47931007557357,7.0407841699793625,14.305860281297965,125,27,49,True
25,10,5,12,90,201,23.52327115552208,2.3523271155522085,12.84718796265119,34.572580650427106,74.6268656716418,59.478386738468615,-82.22706879432062,2.1274798451263046,7,4728.177502259939,4.100993499278928,248.15866749456367,60.511841225351134,6.381263225583314,15.71971332756874,98,27,76,True
25,10,5,12,95,201,23.606992704403453,2.360699270440345,12.346908383138363,34.54833245455338,74.12935323383084,60.00722482747213,-80.69367241746642,2.1308210877182305,7,4745.005533585094,4.081158105445031,249.36741986326584,61.1021218537363,6.319070738631393,16.084048969774194,89,27,85,True
25,10,5,13,45,201,12.103194496955053,1.2103194496955052,3.4540914330775827,20.57157302001268,84.5771144278607,35.015458896454625,-113.5447070486878,1.6911423126230851,6,2432.742093887966,4.781608656801467,127.67081683318517,26.700390181781888,4.80573378400339,8.9128262929617,169,22,10,True
25,10,5,13,75,201,22.68797893467752,2.268797893467752,11.85283265046292,32.989660623999946,77.11442786069652,55.93473459762498,-89.3391325382976,2.1096660644581027,7,4560.283765870182,3.8287328811920776,236.23312962590938,61.700081190401065,6.884430420247863,14.977252976843618,126,24,51,True
25,10,5,13,90,201,23.726651427606903,2.3726651427606904,12.499534993788764,35.02415276703346,75.12437810945273,59.479157049308995,-84.24591554993341,2.1321752291058713,7,4769.056936948988,4.407552539481722,251.09929045689512,56.97023193883958,6.282196203827899,15.212245348077222,98,24,79,True
25,10,5,13,95,201,23.810372976488264,2.3810372976488265,12.556407081514482,34.72127850531815,74.6268656716418,60.0044746864581,-82.64286734695241,2.1354988608623833,7,4785.884968274141,4.388747605059113,252.3140138968896,57.4911197003071,6.234041048063127,15.356835764712075,89,24,88,True
25,10,5,14,45,201,11.922078122498958,1.1922078122498958,2.743550246034487,20.395504308329134,84.5771144278607,35.015458896454625,-114.71904225080634,1.673830731994966,6,2396.3377026222906,4.8789201834320055,125.30228918838957,25.682381444544866,4.962835869839994,7.717699939033943,169,20,12,True
25,10,5,14,75,201,22.387767344040437,2.238776734404044,10.954415678859952,33.22946191507361,77.11442786069652,55.93473459762498,-90.65092666260315,2.079137446059052,7,4499.941236152128,3.3106469157275984,232.00641176064977,70.07887511606187,6.931109638744374,13.978343532343196,126,22,53,True
25,10,5,14,90,201,23.426439836969816,2.3426439836969815,12.110308619603865,34.4593109810672,75.12437810945273,59.479157049308995,-85.45276614429451,2.1020624889497093,7,4708.714407230933,3.5264975355163286,246.76370153090502,69.97415964301116,6.204094460999965,13.819307245144742,98,22,81,True
25,10,5,14,95,201,23.51016138585118,2.351016138585118,11.471651943169238,34.409343079719044,74.6268656716418,60.0044746864581,-83.82605420416917,2.105356750396112,7,4725.542438556087,3.5053204799038484,247.9696140605268,70.74092525409507,6.134906725721532,13.741078160063545,89,22,90,True
25,15,2,10,45,237,6.406513945537237,0.6406513945537237,-1.2027588789700667,13.222348417779763,80.16877637130801,31.117254645466065,-93.48796973502608,1.3455544861435416,6,1518.3438050923253,7.720401188685411,72.51114259351192,9.392146965080027,2.8229302720239073,4.687648964580667,189,39,9,True
25,15,2,10,75,237,13.591671183470678,1.359167118347068,5.189521276027228,22.45764782312934,72.15189873417721,49.019792776877445,-78.19937112671958,1.6241284924693662,6,3221.2260704825508,7.67224257377371,182.58130745377028,23.79764530359014,4.6356974281050825,7.546404093905526,140,43,54,True
25,15,2,10,90,237,14.403939818819055,1.4403939818819056,4.704567879919644,23.81627194409133,70.46413502109705,51.96160426442269,-75.19791678712104,1.6485236147325935,6,3413.733737060116,7.874993298740658,197.0528438334434,25.022604637003997,4.522838194313626,8.08195597099544,113,43,81,True
25,15,2,10,95,237,14.853094422706615,1.4853094422706614,5.229996068723768,23.902728278148217,70.042194092827,52.9308916293846,-74.17386806051233,1.6684301206938865,6,3520.1833781814676,7.9285002140436145,205.23755632489537,25.88605042368059,4.591530085379032,8.520051729476169,106,43,88,True
25,15,2,11,45,237,8.419277118375293,0.8419277118375293,1.2856817922145203,15.565017325280856,82.27848101265823,31.867497018381727,-100.44745813165457,1.472971431122218,6,1995.3686770549443,6.782343017852704,100.16876902672034,14.769050866795272,3.813965666909762,6.8523474796232,193,33,11,True
25,15,2,11,75,237,16.38439672676494,1.6384396726764938,7.110800971008281,25.852631953094104,74.26160337552743,50.63939064312661,-82.44968408109824,1.7720758538126427,6,3883.1020242432905,5.174751128954178,234.12798357730685,45.24429827500214,5.634538021234686,10.423032744202228,144,37,56,True
25,15,2,11,90,237,17.65355783455426,1.7653557834554259,8.460640116348754,26.894467831786976,72.57383966244726,54.162904746926365,-78.9557909181842,1.8152358053566782,6,4183.893206789359,5.312333997075322,259.2414027494737,48.799906574435596,5.224401829909593,11.734936123717816,117,37,83,True
25,15,2,11,95,237,17.85724895006294,1.7857248950062936,8.043599320946546,27.521671891536496,72.15189873417721,54.77651969616837,-77.79722525575569,1.8242422192128727,6,4232.168001164917,5.360998235028338,263.3715564769398,49.12733504668793,5.2876996938494285,13.276683674532395,108,37,92,True
25,15,2,12,45,237,9.799058408894275,0.9799058408894276,2.1483596945090557,17.063041033164914,83.54430379746836,32.30181020413363,-104.44568147462857,1.5701348618381308,6,2322.3768429079432,5.9077398306570235,120.53493313013703,20.402884450775122,4.287321165120477,7.2429823010978325,196,29,12,True
25,15,2,12,75,237,18.764134303272716,1.8764134303272715,9.333994471048339,28.636073643704346,75.9493670886076,51.389116073033925,-84.26212391702579,1.9259118051403838,7,4447.099829875634,4.383010159639435,228.3308335575866,52.09452527857478,6.151548858746229,11.160364507717613,147,32,58,True
25,15,2,12,90,237,20.132680917171978,2.013268091717198,9.57916005576582,30.304757892369953,74.26160337552743,54.98342114417732,-80.42027449189263,1.9726454742496637,7,4771.445377369759,4.448112371518624,251.27154911875178,56.489478711835126,5.81554157867361,12.56200631261553,119,32,86,True
25,15,2,12,95,237,20.369182849915454,2.0369182849915455,11.430238622563502,29.77576817314564,73.83966244725738,55.63213449504752,-79.16334195489279,1.983571969008134,7,4827.4963354299625,4.614056718253632,255.3282781656705,55.337048015809685,5.8820815116637695,14.388548616176896,110,32,95,True
25,15,2,13,45,237,10.180637969394176,1.0180637969394177,2.6024015141837773,17.581972466951893,83.96624472573839,32.28934238833439,-105.59915622452957,1.6012835122560307,6,2412.81119874642,5.599310869730045,126.37228219362191,22.56925631273525,4.255388555260074,7.129932660399382,197,25,15,True
25,15,2,13,75,237,19.150251172705957,1.9150251172705957,10.31281515599558,28.267408449784643,76.37130801687763,51.44170690731155,-85.22034682664426,1.9510240421565592,7,4538.609527931312,4.248731327848926,234.71134027160284,55.2426882662957,6.159635623871004,12.241954514864586,148,28,61,True
25,15,2,13,90,237,20.51325621106969,2.051325621106969,10.372890756103446,29.830950992140046,74.68354430379746,55.00947358785637,-81.25058505045097,1.997252659576703,7,4861.641722023517,4.440991474947416,257.8129714918815,58.05302103060988,5.836333658327349,12.676551171670464,119,28,90,True
25,15,2,13,95,237,20.749758143813168,2.074975814381317,10.335665546206034,31.13129897795007,74.26160337552743,55.65464909266296,-79.95943541352393,2.0082351428737377,7,4917.692680083721,4.480904652991436,261.91371849330227,58.4510804795745,5.895528768790036,14.099129503620409,110,28,99,True
25,15,2,14,45,237,9.90040003156432,0.990040003156432,0.9494985309843489,17.869577646045375,83.96624472573839,32.28934238833439,-107.34695599467892,1.5752117626779265,6,2346.394807480744,5.556956272570324,122.07652608879695,21.968235865266486,4.276439951869294,6.139544598079822,197,23,17,True
25,15,2,14,75,237,18.726797460815433,1.8726797460815434,8.457636704796705,28.19585591897806,76.37130801687763,51.44170690731155,-87.01246342875238,1.910840573728225,7,4438.250998213258,3.943718167650551,227.71766466102144,57.74187073735115,6.079043037689263,11.202843064472317,148,26,63,True
25,15,2,14,90,237,20.089802499179168,2.008980249917917,9.74851316505645,29.926871655947767,74.68354430379746,55.00947358785637,-82.92322721241854,1.9569661304724721,7,4761.283192305463,4.019943370859096,250.53897684418612,62.32400651719724,5.679289065128557,11.455868158060822,119,26,92,True
25,15,2,14,95,237,20.326304431922644,2.0326304431922644,10.626029386539097,30.78513606499964,74.26160337552743,55.65464909266296,-81.6046572121806,1.9677473527554177,7,4817.334150365667,4.184974462386783,254.59075527776216,60.83448240029725,5.719911342168004,12.104048395984373,110,26,101,True
25,15,3,10,45,224,6.813956889923397,0.6813956889923397,-0.6192245452826839,14.221829136863903,79.91071428571429,31.9461016190694,-93.15612992156849,1.3641023217039345,6,1526.326343342841,8.57244784167827,72.95421894062513,8.510313540308752,2.9509747897300866,4.843685077556587,178,37,9,True
25,15,3,10,75,224,14.303338442371096,1.4303338442371096,5.611004575285901,23.523669840519762,71.875,50.50639633334042,-78.21558727899495,1.6502068990463434,6,3203.9478110911255,7.689290397138766,181.30312221451007,23.57865457675706,4.797192060703228,7.701974130413589,132,41,51,True
25,15,3,10,90,224,14.99866840301486,1.4998668403014859,5.581994603079501,25.354776319309284,70.08928571428571,53.439359245777,-75.07877133300988,1.66789587701947,6,3359.7017222753284,7.896243844334057,192.94824862618637,24.4354470847093,4.6082366388991955,8.131051870094012,106,41,77,True
25,15,3,10,95,224,15.415750620429801,1.54157506204298,5.27589162483415,24.904921377182283,69.64285714285714,54.39677099670409,-74.01129612514065,1.6861289940869726,6,3453.1281389762753,7.95205868637186,200.06660560195826,25.159095712514038,4.651984382607659,8.279134836429757,99,41,84,True
25,15,3,11,45,224,9.032853639756516,0.9032853639756515,0.6377216095770468,16.812184663180968,82.14285714285714,32.718672422604925,-99.92191276134619,1.5062351088439572,6,2023.3592153054597,7.575392972061662,101.86686232295474,13.447073003162162,4.049984296680486,7.410509119696265,182,31,11,True
25,15,3,11,75,224,17.347463235945835,1.7347463235945837,8.09312905389515,27.29608944773806,74.10714285714286,52.178783120554506,-82.34217643379623,1.813642561996936,6,3885.831764851867,5.5237646509318825,234.3511053048415,42.4259757818077,5.898065484583181,10.987866214401318,136,35,53,True
25,15,3,11,90,224,18.52620175002041,1.852620175002041,8.988927009017312,29.41871837556285,72.32142857142857,55.73093275246749,-78.68615990153485,1.8506371914495254,6,4149.869192004571,5.326756717868183,256.3470922660142,48.124422766693705,5.366805325273156,12.404037656698332,110,35,79,True
25,15,3,11,95,224,18.683574830177342,1.868357483017734,8.37633168650185,28.786646852008865,71.875,56.31151014318501,-77.4767043030645,1.8574253239427918,6,4185.120761959724,5.377025141933181,259.3460834399017,48.23226163057515,5.407375547475174,13.180143775977946,101,35,88,True
25,15,3,12,45,224,10.58203295160026,1.058203295160026,3.083304337476,18.241824721133593,83.48214285714286,33.16487822242422,-103.55288774148298,1.6186616412929375,6,2370.3753811584584,6.271281691633973,123.62200425061988,19.712398570061737,4.598924350036774,7.571117885119265,185,27,12,True
25,15,3,12,75,224,19.954632011090222,1.9954632011090223,10.31806716166564,30.509339955595046,75.89285714285714,52.93638904686983,-83.87682532377146,1.986861025131367,7,4469.83757048421,3.9436351098642732,229.9095002518089,58.29887751955876,6.484032851643329,12.09343566982399,139,30,55,True
25,15,3,12,90,224,21.238523940111474,2.1238523940111476,10.339726610876982,31.30269410522818,74.10714285714286,56.563094040985604,-79.8628318658386,2.0270690666252924,7,4757.4293625849705,4.224983375291963,250.2613961866911,59.23369962832032,6.018812928646262,13.572257562263399,112,30,82,True
25,15,3,12,95,224,21.43061203671772,2.1430612036717718,10.794432378019033,31.255154095982668,73.66071428571429,57.18176849479582,-78.55143568502612,2.035801305061824,7,4800.457096224769,4.200909043210141,253.36788381906894,60.31263262616534,6.090598699793562,14.875185622077675,103,30,91,True
25,15,3,13,45,224,11.075079183022032,1.1075079183022032,3.145826560499279,18.008348323519762,83.92857142857143,33.14709011943306,-104.18986681823553,1.661404087651731,6,2480.8177369969353,5.938117402752767,130.8209716146587,22.030714912105523,4.541510181647614,6.758455206204582,186,23,15,True
25,15,3,13,75,224,20.452478877410208,2.0452478877410205,10.338315716595837,30.062577911298018,76.33928571428571,52.983006988568164,-84.50450804726921,2.02291188294708,7,4581.355268539886,3.9936800579326768,237.71648139965134,59.523166090251344,6.480168334324078,12.310205057828298,140,26,58,True
25,15,3,13,90,224,21.730507621601472,2.173050762160147,11.93396047408992,32.885477674150195,74.55357142857143,56.581247392089686,-80.376045741057,2.062469319008982,7,4867.63370723873,4.5315383079256115,258.2500438803213,56.98948708623841,6.038380702937178,12.630204216956933,112,26,86,True
25,15,3,13,95,224,21.922595718207713,2.192259571820771,10.735777239671426,32.14948342312586,74.10714285714286,57.19630424889565,-79.033190766175,2.0712787342391747,7,4910.661440878528,4.508177696490725,261.39780241096577,57.9830299534209,6.1017817736978,14.09687319837562,103,26,95,True
25,15,3,14,45,224,10.867898864871695,1.0867898864871695,2.9842214607235538,18.16378925861255,83.92857142857143,33.14709011943306,-105.47898879783763,1.6410990719248784,6,2434.4093457312597,6.3103144266996285,127.77963878553416,20.249329929564933,4.629490911530727,5.888182856343078,186,21,17,True
25,15,3,14,75,224,20.09377115545461,2.009377115545461,10.538628009589463,30.390542869173217,76.33928571428571,52.983006988568164,-86.02055577779853,1.9872595793613566,7,4501.004738821833,4.289658298724566,232.08063395856243,54.10235916169976,6.463871746483917,11.417532585616751,140,24,60,True
25,15,3,14,90,224,21.371799899645872,2.1371799899645874,11.15339807338722,32.38438003691078,74.55357142857143,56.581247392089686,-81.7857041571632,2.026920597341013,7,4787.283177520675,4.134446251636002,252.41505365910774,61.051719697462985,5.9256733854134485,11.56496417750354,112,24,88,True
25,15,3,14,95,224,21.563887996252113,2.156388799625211,11.136912470046312,32.167165033895984,74.10714285714286,57.19630424889565,-80.41854472683112,2.0355972355519243,7,4830.310911160474,3.9630999937516895,255.5327055326325,64.47798590384068,5.969388069441818,12.281076851193546,103,24,97,True
25,15,4,10,45,212,6.467213462017899,0.6467213462017899,-1.1797914859265912,13.804456597710722,79.24528301886792,32.9329614361488,-94.583824257391,1.3294454475873068,6,1371.0492539477946,8.920711421664924,64.45470793477087,7.225287859691947,2.7155721818515093,4.513807268888098,167,37,8,True
25,15,4,10,75,212,14.008139550516521,1.400813955051652,4.067011063552393,24.236375785762874,71.22641509433963,52.08517497777188,-80.24812847432871,1.6066686775682035,6,2969.7255847095025,7.689290397138766,164.31013297018083,21.368699123565637,4.54298763595,7.212660470630671,123,41,48,True
25,15,4,10,90,212,14.499036996851725,1.4499036996851724,4.534185267676191,25.122225774981047,69.33962264150944,54.90902966667753,-76.88971565644664,1.6150259032273604,6,3073.7958433325657,7.896243844334057,171.78388859244208,21.755139782784884,4.334827127776716,7.6737562905221495,97,41,74,True
25,15,4,10,95,212,14.857334876651773,1.4857334876651773,4.948501360285282,24.67274131183862,68.86792452830188,55.82244499121308,-75.7624541646505,1.629910435704292,6,3149.754993850176,7.95205868637186,177.3161450408471,22.298143415959608,4.342417509554085,7.785463722899026,90,41,81,True
25,15,4,11,45,212,8.811708141086857,0.8811708141086857,0.44172152430803474,17.009393545196687,81.60377358490565,33.72613327872187,-101.70612644380691,1.4709602397105874,6,1868.0821259104137,7.895729880220144,92.55253816527275,11.721847070418303,3.830703069474403,7.108326986239989,171,31,10,True
25,15,4,11,75,212,17.22457329467096,1.7224573294670962,7.410294294896141,26.732614678238274,73.58490566037736,53.81416416658842,-84.70357270567055,1.7698295491449,6,3651.6095384702435,5.9679287604703095,215.52307576086088,36.11354699614014,5.667747110184956,10.596109332888583,127,35,50,True
25,15,4,11,90,212,18.226242042744385,1.8226242042744385,7.546037564480876,29.556672819442532,71.69811320754717,57.303020166541714,-80.76826253754218,1.7973353211739134,6,3863.96331306181,5.326756717868183,232.56608806371668,43.659979304778865,5.108538908039107,11.603296597661773,101,35,76,True
25,15,4,11,95,212,18.310130268083135,1.8310130268083136,7.110979465023972,28.493271312957596,71.22641509433963,57.81678030651693,-79.48501982705628,1.8005937090007118,6,3881.7476168336243,5.377025141933181,234.01731033486107,43.52170654919529,5.108098263050768,12.22282187635021,92,35,85,True
25,15,4,12,45,212,10.448576847940627,1.0448576847940627,1.836411253343184,18.53808606698663,83.01886792452831,34.1830543128006,-105.586646313597,1.582748957872863,6,2215.098291763413,6.574280428572488,113.72597216509526,17.29861897445547,4.396500794170415,7.069137278246603,174,27,11,True
25,15,4,12,75,212,19.979317660861255,1.9979317660861255,9.054036987403688,29.589504942876246,75.47169811320755,54.578235937147596,-86.47889242001976,1.9418962125130725,7,4235.615344102586,4.31527484738104,213.8597065585123,49.55876835708501,6.26691966207448,11.781797031846468,130,30,52,True
25,15,4,12,90,212,21.09209190397268,2.1092091903972676,10.607971849182064,31.672891770422016,73.58490566037736,58.14821519370651,-82.13568011742872,1.9721552621504934,7,4471.523483642208,4.296422187166497,230.0267289398294,53.539135336123174,5.775157372221945,12.891637402639596,103,30,79,True
25,15,4,12,95,212,21.21266014669184,2.121266014669184,9.574170015371111,32.62900758432149,73.11320754716981,58.704338676597295,-80.73839550480545,1.9771832741424977,7,4497.08395109867,4.276263792473877,231.80704907766972,54.2078459906156,5.803787182207189,14.022208358230447,94,30,88,True
25,15,4,13,45,212,10.969531356612682,1.0969531356612683,2.7270785641730226,18.775906807425066,83.49056603773585,34.15840832719204,-106.29993218031717,1.625061720549377,6,2325.540647601889,6.234146186922251,120.73764191960149,19.36714961430969,4.348479659953525,6.5835765411484175,175,23,14,True
25,15,4,13,75,212,20.505344538482376,2.0505344538482375,9.502282108473446,30.73197284308492,75.94339622641509,54.617551596403125,-87.18221107573797,1.9776983370307977,7,4347.133042158263,4.360488648265324,221.44279969609974,50.783941332858056,6.264307170519955,11.974095551645982,131,26,55,True
25,15,4,13,90,212,21.611923718377202,2.1611923718377204,9.77624325882724,32.61151650178584,74.05660377358491,58.15742849613748,-82.70888082904757,2.0071970687747154,7,4581.727828295967,4.607253395425181,237.74274260339513,51.601837841058234,5.797691063107733,12.340252238322098,103,26,83,True
25,15,4,13,95,212,21.73249196109636,2.1732491961096363,11.05568587818645,33.13754507723274,73.58490566037736,58.71004614453813,-81.27640897849142,2.012261815148178,7,4607.288295752429,4.588084429059954,239.54732302112328,52.21074867408309,5.819288721668946,13.382134278431964,94,26,92,True
25,15,4,14,45,212,10.750623850642517,1.0750623850642518,1.8231370356643146,19.81415714912383,83.49056603773585,34.15840832719204,-107.62588621647933,1.6050409130733672,6,2279.1322563362137,6.610167081795318,117.77513833152811,17.81727101208771,4.428425288144371,5.710067935551118,175,21,16,True
25,15,4,14,75,212,20.126332605850045,2.0126332605850044,9.244994135086843,30.60255299251191,75.94339622641509,54.617551596403125,-88.7577116584449,1.9425930506935276,7,4266.78251244021,4.66117489637034,215.9683596136665,46.333459785394716,6.242560326694412,11.046025537606953,131,24,57,True
25,15,4,14,90,212,21.232911785744868,2.123291178574487,10.104910507122616,32.43193822309252,74.05660377358491,58.15742849613748,-84.16979955119403,1.9723585424571262,7,4501.377298577912,4.569278953639088,232.10663732605795,50.79721323234214,5.68171652706196,11.222471421661865,103,24,85,True
25,15,4,14,95,212,21.35348002846403,2.135348002846403,10.393869570016186,31.979100919659395,73.58490566037736,58.71004614453813,-82.71123986631382,1.9773541603792872,7,4526.937766034374,4.424178246015372,233.89351990399217,52.8671104322363,5.68530066025497,11.876392852372373,94,24,94,True
25,15,5,10,45,201,7.550067712430754,0.7550067712430754,-0.9144266598417169,15.876883997059545,80.09950248756219,33.784641364952144,-98.04409123896784,1.3869594768591782,6,1517.5636101985815,7.568959537205082,72.46787307578211,9.574350704290016,3.160538474427249,5.742030612882941,161,35,5,True
25,15,5,10,75,201,15.864575362118886,1.5864575362118887,5.847772741074952,26.409599822669115,72.13930348258707,53.38841018796224,-81.29535409765406,1.7004397033815941,6,3188.779647785896,7.717124344577829,180.18383389362188,23.348572064958606,5.104600656601911,8.086845318114424,118,38,45,True
25,15,5,10,90,201,16.253872096268964,1.6253872096268964,5.421121235499486,26.354035636521278,70.1492537313433,56.18626809612533,-77.58725850339347,1.7017965652197844,6,3267.028291350062,7.931689546563341,185.9860491174174,23.44847816162974,4.801469418023441,8.561942487072923,92,38,71,True
25,15,5,10,95,201,16.58833336187246,1.6588333361872463,7.226984001813141,27.654331096170612,69.65174129353234,57.08557837955625,-76.35616340002477,1.7158546958477474,6,3334.2550057363646,7.989887903827103,191.0267530291338,23.908564842021534,4.728764888551865,8.392723951157329,85,38,78,True
25,15,5,11,45,201,10.122410359010946,1.0122410359010947,1.5276944815261513,17.988138729100818,82.58706467661692,34.58560720303121,-105.90303752977081,1.5489130244903089,6,2034.6044821612002,6.490375564285649,102.55144463564663,15.800540911677393,4.4344263476746635,10.300131352834313,165,29,7,True
25,15,5,11,75,201,19.423249612671004,1.9423249612671005,9.072946108701599,30.548837994956617,74.6268656716418,55.14311777065843,-85.63518614611557,1.8939135628806398,6,3904.0731721468715,5.205203348329388,235.84435155689923,45.309344472122035,6.363649525011458,12.698515686260237,122,32,47,True
25,15,5,11,90,201,20.351270306863384,2.0351270306863385,9.887020336201845,31.038833413501496,72.636815920398,58.63490072511243,-81.27436680339771,1.9151057746667577,6,4090.6053316795405,5.350814729114623,251.33845614964468,46.97199751321471,5.6317849321216205,13.797030693840384,96,32,73,True
25,15,5,11,95,201,20.39630447422909,2.039630447422909,9.789220585638228,32.14149782537556,72.13930348258707,59.11888159106775,-79.86751127472814,1.9166200762378953,6,4099.657199320047,5.402761699164836,252.10077839425193,46.661465456309486,5.549897226095348,13.74779113021998,87,32,82,True
25,15,5,12,45,201,11.948401233901492,1.1948401233901493,3.5382274638197186,19.79682433489432,84.07960199004975,35.046197026847345,-110.0368327975938,1.6820524849937784,6,2401.6286480142,5.068872581389432,125.64562476066166,24.78768656011883,5.091074683069203,9.776425087761117,168,25,8,True
25,15,5,12,75,201,22.478064566065747,2.2478064566065745,11.608487151450138,33.196051947511464,76.61691542288557,55.902440295809,-87.04010271862491,2.104428789366862,7,4518.090977779215,3.5089777811191896,233.2744219593207,66.47931007557357,7.0407841699793625,14.305860281297965,125,27,49,True
25,15,5,12,90,201,23.52327115552208,2.3523271155522085,12.625552417181154,35.363663736065114,74.6268656716418,59.478386738468615,-82.22706879432062,2.1274798451263046,7,4728.177502259939,4.100993499278928,248.15866749456367,60.511841225351134,6.381263225583314,15.71971332756874,98,27,76,True
25,15,5,12,95,201,23.606992704403453,2.360699270440345,12.819212929274928,35.03303783417398,74.12935323383084,60.00722482747213,-80.69367241746642,2.1308210877182305,7,4745.005533585094,4.081158105445031,249.36741986326584,61.1021218537363,6.319070738631393,16.084048969774194,89,27,85,True
25,15,5,13,45,201,12.103194496955053,1.2103194496955052,2.797399798041648,20.384586227445993,84.5771144278607,35.015458896454625,-113.5447070486878,1.6911423126230851,6,2432.742093887966,4.781608656801467,127.67081683318517,26.700390181781888,4.80573378400339,8.9128262929617,169,22,10,True
25,15,5,13,75,201,22.68797893467752,2.268797893467752,12.300136819458295,33.83091297227377,77.11442786069652,55.93473459762498,-89.3391325382976,2.1096660644581027,7,4560.283765870182,3.8287328811920776,236.23312962590938,61.700081190401065,6.884430420247863,14.977252976843618,126,24,51,True
25,15,5,13,90,201,23.726651427606903,2.3726651427606904,12.650008476396376,34.6704051994801,75.12437810945273,59.479157049308995,-84.24591554993341,2.1321752291058713,7,4769.056936948988,4.407552539481722,251.09929045689512,56.97023193883958,6.282196203827899,15.212245348077222,98,24,79,True
25,15,5,13,95,201,23.810372976488264,2.3810372976488265,12.691761692899332,34.73879037250818,74.6268656716418,60.0044746864581,-82.64286734695241,2.1354988608623833,7,4785.884968274141,4.388747605059113,252.3140138968896,57.4911197003071,6.234041048063127,15.356835764712075,89,24,88,True
25,15,5,14,45,201,11.922078122498958,1.1922078122498958,2.512313713940738,20.265905639598717,84.5771144278607,35.015458896454625,-114.71904225080634,1.673830731994966,6,2396.3377026222906,4.8789201834320055,125.30228918838957,25.682381444544866,4.962835869839994,7.717699939033943,169,20,12,True
25,15,5,14,75,201,22.387767344040437,2.238776734404044,11.061678682113287,33.80529924339193,77.11442786069652,55.93473459762498,-90.65092666260315,2.079137446059052,7,4499.941236152128,3.3106469157275984,232.00641176064977,70.07887511606187,6.931109638744374,13.978343532343196,126,22,53,True
25,15,5,14,90,201,23.426439836969816,2.3426439836969815,11.88995200855521,34.809761545726055,75.12437810945273,59.479157049308995,-85.45276614429451,2.1020624889497093,7,4708.714407230933,3.5264975355163286,246.76370153090502,69.97415964301116,6.204094460999965,13.819307245144742,98,22,81,True
25,15,5,14,95,201,23.51016138585118,2.351016138585118,11.80291600258521,35.190010624510236,74.6268656716418,60.0044746864581,-83.82605420416917,2.105356750396112,7,4725.542438556087,3.5053204799038484,247.9696140605268,70.74092525409507,6.134906725721532,13.741078160063545,89,22,90,True
25,20,2,10,45,236,6.320604635461612,0.6320604635461612,-1.1548868168788202,13.226794841059277,80.08474576271186,31.140726304313056,-93.48796973502608,1.3394822266111104,6,1491.6626939689404,7.747076843041739,71.03502200512371,9.169267769549215,2.785739449954938,4.645672358997226,188,39,9,True
25,20,2,10,75,236,13.465090713298803,1.3465090713298802,4.507865474741359,21.782777033815687,72.03389830508475,49.05247001589419,-78.19937112671958,1.6157069990795585,6,3177.7614083385174,7.721665956403606,179.37241662067268,23.229756069921475,4.593054095808352,7.508207799805887,139,43,54,True
25,20,2,10,90,236,14.246634763654713,1.4246634763654713,4.654281169730125,23.06106123949559,70.33898305084746,51.96421674289749,-75.19791678712104,1.6387346025138723,6,3362.205804222512,7.936809410876649,193.1377339946553,24.33443012124976,4.474219111538573,8.027998359710189,112,43,81,True
25,20,2,10,95,236,14.926584048217668,1.4926584048217668,5.680650767829718,25.317464426999436,70.33898305084746,52.9308916293846,-75.19791678712104,1.669219495487538,6,3522.67383537937,7.890781063957119,205.43060559071913,26.034254901465797,4.5957133033442785,8.528960506916688,106,43,87,True
25,20,2,11,45,236,8.341896465811692,0.8341896465811691,0.46083147246683653,15.762029135753803,82.20338983050848,31.89423096629407,-100.44745813165457,1.4666470844202417,6,1968.6875659315592,6.80452944534728,98.55793814342707,14.484166603293609,3.7796263888031496,6.8200257536263145,192,33,11,True
25,20,2,11,75,236,16.269649839403638,1.6269649839403637,7.245075808823833,25.374402186656265,74.15254237288136,50.68038909169286,-82.44968408109824,1.7634337898323453,6,3839.637362099258,5.208284943339185,230.5870556335945,44.273126017901454,5.595070445896858,10.392972890307407,143,37,56,True
25,20,2,11,90,236,17.510022347253205,1.7510022347253205,8.763270970029167,27.80949910134114,72.45762711864407,54.17831393937853,-78.9557909181842,1.8051955357443796,6,4132.3652739517565,5.354289836299178,254.8634368542852,47.599858178473916,5.182066644235869,11.687809576356745,116,37,83,True
25,20,2,11,95,236,17.943468043910244,1.7943468043910245,8.492217675286708,27.280687769853596,72.45762711864407,54.77651969616837,-78.9557909181842,1.8251274657564858,6,4234.658458362817,5.323049089892574,263.58537886024357,49.517743385222666,5.291920127533265,13.295889692878017,108,37,91,True
25,20,2,12,45,236,9.727524287222703,0.9727524287222703,1.5079404993132783,17.165972989529873,83.47457627118644,32.330341671548595,-104.44568147462857,1.5635847484702365,6,2295.695731784558,5.926479991119576,118.82978329326627,20.05065122489649,4.256709803196057,7.222574785192674,195,29,12,True
25,20,2,12,75,236,18.659471049710177,1.8659471049710177,8.571379592449556,27.8059954219609,75.84745762711864,51.433386765374706,-84.26212391702579,1.916862212074081,7,4403.6351677316015,4.400299543572633,225.3254565488465,51.20684496990022,6.117045694835718,11.144154298869553,146,32,58,True
25,20,2,12,90,236,19.999650188695572,1.999965018869557,9.295713863980893,29.56991370365698,74.15254237288136,55.003166791643466,-80.42027449189263,1.9621416527222,7,4719.917444532155,4.468404625087771,247.56624859406875,55.40372221533225,5.777055754108106,12.530769404041894,118,32,86,True
25,20,2,12,95,236,20.466045731474,2.0466045731474,10.392274695905508,31.540545817534866,74.15254237288136,55.63213449504752,-80.42027449189263,1.9845789740811879,7,4829.986792627864,4.61304381455332,255.50916074654398,55.38840969610103,5.886396163081179,14.41126778478824,110,32,94,True
25,20,2,13,45,236,10.110720710267097,1.0110720710267096,2.260263301805247,17.864769906236393,83.89830508474576,32.31766678866242,-105.59915622452957,1.5946344581503895,6,2386.130087623035,5.616820312187641,124.6407711748668,22.190628193039288,4.226662412349961,7.1124029600108,196,25,15,True
25,20,2,13,75,236,19.04722400757322,1.904722400757322,8.841282736845152,28.073963016639787,76.27118644067797,51.4860238226631,-85.22034682664426,1.94191642044361,7,4495.14486578728,4.2652921912916515,231.67179236327172,54.315573698859524,6.126285872712238,12.226606019155534,147,28,61,True
25,20,2,13,90,236,20.381838089770824,2.0381838089770823,10.413453823148373,30.374830876378628,74.57627118644068,55.02925506939189,-81.25058505045097,1.9866829033085667,7,4810.113789185914,4.461018993738594,254.06728180770216,56.95274603499928,5.798854889737479,12.647590578706392,118,28,90,True
25,20,2,13,95,236,20.848233632549253,2.0848233632549253,10.359051407999294,30.424432118497663,74.57627118644068,55.65464909266296,-81.25058505045097,2.0092610685462615,7,4920.183137281623,4.479932207184139,262.0965588962616,58.504581492540574,5.8999310767263955,14.12745184296979,110,28,98,True
25,20,2,14,45,236,9.829295323548132,0.9829295323548133,1.3294939269045822,17.61258923311092,83.89830508474576,32.31766678866242,-107.34695599467892,1.5686709670238628,6,2319.7136963573594,5.574611695717575,120.36438674696406,21.591528399983115,4.246402974704372,6.122974423070037,196,23,17,True
25,20,2,14,75,236,18.621976000293323,1.8621976000293323,9.226656646472831,29.26480721440328,76.27118644067797,51.4860238226631,-87.01246342875238,1.9019205334195288,7,4394.7863360692245,3.9592005143487,224.71558588381083,56.75781892566691,6.04524277100292,11.187944515137351,147,26,63,True
25,20,2,14,90,236,19.95659008249093,1.995659008249093,9.770272759134322,30.233023822363766,74.57627118644068,55.02925506939189,-82.92322721241854,1.9466095764706983,7,4709.755259467859,4.03819910449656,246.83821877260198,61.125816827047,5.641946458338119,11.428743319064091,118,26,92,True
25,20,2,14,95,236,20.42298562526936,2.042298562526936,10.46211600326108,30.53713104054185,74.57627118644068,55.65464909266296,-82.92322721241854,1.968732318151135,7,4819.824607563569,4.184059903878431,254.77141766524753,60.890958427503904,5.749527944407776,12.402061310738896,110,26,100,True
25,20,3,10,45,223,6.724866512194868,0.6724866512194868,-0.7459762781749931,14.59162297762116,79.82062780269058,31.975680217359763,-93.15612992156849,1.3577375920718764,6,1499.6452322194557,8.60250735967654,71.47587276342995,8.308725558139772,2.9124939217161754,4.8011296945300685,177,37,9,True
25,20,3,10,75,223,14.172570174650641,1.417257017465064,4.64511547482918,24.25059604507944,71.74887892376681,50.5504071720236,-78.21558727899495,1.6413862113020121,6,3160.483148947093,7.7389343731912055,178.1027694028063,23.013862221106333,4.75307215746857,7.663554499993468,131,41,51,True
25,20,3,10,90,223,14.834860042321635,1.4834860042321636,5.474474678721704,24.881113953958145,69.95515695067265,53.451611979162735,-75.07877133300988,1.6576523206747529,6,3308.1737894377247,7.958395342723387,189.06503487906664,23.75667791522003,4.557945574909994,8.075965869148234,105,41,77,True
25,20,3,10,95,223,15.496047516476136,1.5496047516476135,5.580491401230534,25.351217202948888,69.95515695067265,54.39677099670409,-75.07877133300988,1.6869637853962447,6,3455.618596174178,7.9142274589025465,200.25773090709632,25.30350965359615,4.656325453890655,8.288167665720074,99,41,83,True
25,20,3,11,45,223,8.953713471668495,0.8953713471668494,0.7078552883959677,16.251987140782234,82.0627802690583,32.751664560852035,-99.92191276134619,1.499559618356923,6,1996.6781041820745,7.600521752268512,100.24802015860304,13.18962347929367,4.0144262135116895,7.377505087405643,181,31,11,True
25,20,3,11,75,223,17.23034575205307,1.7230345752053071,7.75781430632554,27.434946112538334,73.99103139013454,52.23159597495766,-82.34217643379623,1.8045416278332178,6,3842.367102707834,5.549766534544711,230.80878816732252,41.58891851227351,5.8572076969697555,10.957825236519191,135,35,53,True
25,20,3,11,90,223,18.378211924515554,1.8378211924515553,7.899061460353966,28.812012279108625,72.19730941704036,55.75703834200082,-78.68615990153485,1.840075032971223,6,4098.3412591669685,5.368941586887168,251.98989351987427,46.93474299204925,5.3231575413453065,12.354720711953014,109,35,79,True
25,20,3,11,95,223,18.778525646446752,1.877852564644675,8.09096115301023,28.478565723240255,72.19730941704036,56.31151014318501,-78.68615990153485,1.8583735249317808,6,4187.611219157626,5.338962546393293,259.55851399211207,48.615908378577295,5.411779325895083,13.200377937866143,101,35,87,True
25,20,3,12,45,223,10.509839775942035,1.0509839775942036,3.0816342643511887,18.213043907339582,83.40807174887892,33.19973718532228,-103.55288774148298,1.6116979425765572,6,2343.6942700350737,6.291712337246509,121.90287789447672,19.375151208490568,4.567328304598187,7.552143727324928,184,27,12,True
25,20,3,12,75,223,19.849205866996307,1.9849205866996307,10.110089888726248,29.279616794401978,75.7847533632287,52.99243476818838,-83.87682532377146,1.9772647969991213,7,4426.372908340177,3.959936562050371,226.89564330091537,57.29779751406765,6.44843287789391,12.078196805285721,138,30,55,True
25,20,3,12,90,223,21.102696994382814,2.1102696994382812,11.681265131391234,30.924906805849066,73.99103139013454,56.59361016949095,-79.8628318658386,2.0159448350600564,7,4705.901429747368,4.244657179929749,246.56236033137802,58.087697045879864,5.979207680321813,13.540001602360029,111,30,82,True
25,20,3,12,95,223,21.537881405482835,2.1537881405482837,10.850369795039866,31.830909395797313,73.99103139013454,57.18176849479582,-79.8628318658386,2.0368958706017883,7,4802.947553422672,4.199966832237355,253.5481806904573,60.36909119003451,6.095156788962522,14.901252699002864,103,30,90,True
25,20,3,13,45,223,11.005096977011434,1.1005096977011435,2.9515176323846557,18.679335343863997,83.85650224215246,33.181667547219405,-104.18986681823553,1.6542907089875414,6,2454.1366258735497,5.957205350804043,129.06955879182144,21.666125505376602,4.512390768914692,6.744415338213173,185,23,15,True
25,20,3,13,75,223,20.349285230474685,2.0349285230474687,10.411511507105317,29.289491348866335,76.23318385650224,53.03899725235954,-84.50450804726921,2.013207217670252,7,4537.890606395855,4.009950509730424,234.66093276847033,58.51965808531782,6.4461062667118805,12.297631747372876,139,26,58,True
25,20,3,13,90,223,21.596886880722543,2.1596886880722543,10.861366873546302,31.89713660682821,74.43946188340807,56.611689046032375,-80.376045741057,2.0512222016199937,7,4816.105774401127,4.552392747070515,254.50166647346407,55.90503293838982,6.000095977603713,12.603310766793133,111,26,86,True
25,20,3,13,95,223,22.032071291822557,2.2032071291822555,12.142759813248812,32.37765099023545,74.43946188340807,57.19630424889565,-80.376045741057,2.0724046765421367,7,4913.15189807643,4.507178357410303,261.58048996941096,58.03641862526774,6.106409023776658,14.125669405381865,103,26,94,True
25,20,3,14,45,223,10.79698759913845,1.079698759913845,2.4434710283438883,18.570683804679508,83.85650224215246,33.181667547219405,-105.47898879783763,1.6340726301273552,6,2407.7282346078746,6.330636847008707,126.04181442514087,19.90981594287737,4.599041405309752,5.87518512084461,185,21,17,True
25,20,3,14,75,223,19.98896895371211,1.998896895371211,9.92737399199519,30.655839789648173,76.23318385650224,53.03899725235954,-86.02055577779853,1.9777259515259338,7,4457.5400766778,4.307199493134813,229.05514192623198,53.17959901586167,6.429270717530245,11.405601532611419,139,24,60,True
25,20,3,14,90,223,21.236570603959965,2.1236570603959963,11.14082164082239,32.2491808612619,74.43946188340807,56.611689046032375,-81.7857041571632,2.015867335269989,7,4735.755244683072,4.154191682684892,248.7026704363712,59.867885122631705,5.887475860575889,11.539967135869645,111,24,88,True
25,20,3,14,95,223,21.671755015059986,2.1671755015059984,12.15015223543993,32.879528501477026,74.43946188340807,57.19630424889565,-81.7857041571632,2.0366847090493874,7,4832.801368358377,4.091456610792195,255.71364911346214,62.49941608544895,6.001487866087785,12.560593688311581,103,24,96,True
25,20,4,10,45,211,6.371412999167817,0.6371412999167817,-1.7194087912904095,14.757940583084991,79.14691943127961,32.97039766556655,-94.583824257391,1.3230343208018462,6,1344.3681428244095,8.952292153826027,63.01947626906876,7.039479407755422,2.6751327402450222,4.466203020797433,166,37,8,True
25,20,4,10,75,211,13.868535178035408,1.3868535178035408,4.520469738721921,24.432285139653416,71.09004739336493,52.14264506333014,-80.24812847432871,1.5977895241408175,6,2926.260922565471,7.7389343731912055,161.2248565338408,20.83295306035249,4.496608170695327,7.1694395108221975,122,41,48,True
25,20,4,10,90,211,14.323544599502194,1.4323544599502194,4.441221974422574,24.640326083035323,69.19431279620854,54.93218786413695,-76.88971565644664,1.6047158452241177,6,3022.267910494963,7.958395342723387,168.06816336009808,21.11834812450831,4.281932080433526,7.612483498249081,96,41,74,True
25,20,4,10,95,211,14.939551900701794,1.4939551900701793,4.925510797529708,25.133335238188714,69.19431279620854,55.82244499121308,-76.88971565644664,1.6307226323864301,6,3152.2454510480784,7.9142274589025465,177.49863730042432,22.427790737902015,4.346777755203965,7.794435875919315,90,41,80,True
25,20,4,11,45,211,8.727019027426675,0.8727019027426675,0.375473362076069,16.805285892176162,81.51658767772511,33.76709270985754,-101.70612644380691,1.464233692565723,6,1841.4010147870283,7.922158785509121,90.97799036735992,11.483989759681796,3.7933528889250385,7.070499632766209,170,31,10,True
25,20,4,11,75,211,17.100212684010476,1.7100212684010476,6.533147315006752,27.345051199643798,73.45971563981043,53.88093514737911,-84.70357270567055,1.760666362087367,6,3608.1448763262106,5.996388057601072,212.09937044686762,35.37118819019871,5.624700918783624,10.560243630815288,126,35,50,True
25,20,4,11,90,211,18.068414124285344,1.8068414124285344,7.347050544954678,28.804769488329754,71.56398104265402,57.34126577799165,-80.76826253754218,1.786702445665077,6,3812.435380224207,5.368941586887168,228.38224173323613,42.53766557844946,5.062752118502345,11.548113387120125,100,35,76,True
25,20,4,11,95,211,18.408711251334246,1.8408711251334247,8.064883139332093,29.160069787424685,71.56398104265402,57.81678030651693,-80.76826253754218,1.801519052161955,6,3884.2380740315257,5.338962546393293,234.2208306524924,43.87010184417177,5.112503854270117,12.241879608169093,92,35,84,True
25,20,4,12,45,211,10.371645405876906,1.0371645405876906,1.386513429663528,18.216360146088675,82.93838862559242,34.22592255959726,-105.586646313597,1.5757296803266445,6,2188.4171806400273,6.595888907690151,112.05193857529801,16.988148245592278,4.363362447246228,7.047479521375313,173,27,11,True
25,20,4,12,75,211,19.868012710704047,1.9868012710704048,9.536982636465174,30.27151696549404,75.35545023696683,54.64813262767034,-86.47889242001976,1.9322307454378753,7,4192.150681958554,4.333316602511473,210.93286352544226,48.677002599623414,6.229404644373675,11.761420593600539,129,30,52,True
25,20,4,12,90,211,20.9478462123441,2.09478462123441,10.550634318217515,31.8903422534461,73.45971563981043,58.190926692778156,-82.13568011742872,1.9609525588125678,7,4419.995550804605,4.316768533976298,226.45479858391045,52.459333133462344,5.733631522884423,12.853889050296829,102,30,79,True
25,20,4,12,95,211,21.32499719571835,2.132499719571835,10.333088690348632,31.88230097255144,73.45971563981043,58.704338676597295,-82.13568011742872,1.9782538220955963,7,4499.574408296572,4.275287480019557,231.9808129812761,54.26086878728794,5.808341675718072,14.04684451253437,94,30,87,True
25,20,4,13,45,211,10.895068893263051,1.0895068893263051,1.8519071182323001,19.378930513943455,83.41232227488152,34.200892970395486,-106.29993218031717,1.6178903381690473,6,2298.8595364785037,6.254361766833229,119.0315718604987,19.031769555084107,4.317990648153906,6.566673663499653,174,23,14,True
25,20,4,13,75,211,20.39653260670252,2.039653260670252,10.945711279893509,30.624627110737205,75.82938388625593,54.68725715548044,-87.18221107573797,1.9679228533992388,7,4303.668380014232,4.378453790662178,218.47462126692022,49.897665183279024,6.228430935507473,11.956565834150975,130,26,55,True
25,20,4,13,90,211,21.4701416846368,2.14701416846368,10.72319674913824,32.66963158371871,73.93364928909952,58.199925263179374,-82.70888082904757,1.9958697300808856,7,4530.199895458365,4.628812205986082,234.12197362361223,50.57927675718633,5.757571704739883,12.307568584380109,102,26,83,True
25,20,4,13,95,211,21.847292668011047,2.1847292668011047,10.813789185847082,32.93612874516354,73.93364928909952,58.71004614453813,-82.70888082904757,2.01336347807424,7,4609.778752950331,4.587049353831617,239.72345189790047,52.26092710287859,5.8239048607138955,13.409452193289614,94,26,91,True
25,20,4,14,45,211,10.67512391096127,1.067512391096127,2.302289767523767,18.77908160384728,83.41232227488152,34.200892970395486,-107.62588621647933,1.5979578823317218,6,2252.451145212828,6.631642556972392,116.08255191986436,17.504343897096387,4.3965278834505535,5.694523916706992,174,21,16,True
25,20,4,14,75,211,20.015724408986618,2.001572440898662,9.369655403571741,30.720630584063308,75.82938388625593,54.68725715548044,-88.7577116584449,1.932991087535514,7,4223.317850296176,4.680450998129085,213.029981279099,45.51484063485621,6.206095924766498,11.02941031289559,130,24,57,True
25,20,4,14,90,211,21.089333486920903,2.1089333486920903,9.182645513493352,31.463315781823496,73.93364928909952,58.199925263179374,-84.16979955119403,1.9612278101620066,7,4449.8493657403105,4.591396899947949,228.5214961176409,49.7716710398597,5.641680241682323,11.19218317402092,102,24,85,True
25,20,4,14,95,211,21.46648447029515,2.146648447029515,10.270774840103911,32.34925374832958,73.93364928909952,58.71004614453813,-84.16979955119403,1.978417922598424,7,4529.428223232277,4.553642015640403,234.06792353732402,51.402355023379194,5.716316857309998,12.172415774692766,94,24,93,True
25,20,5,10,45,200,7.454412495375982,0.7454412495375982,-0.4019233665107354,15.361054962785962,80.0,33.82903842896194,-98.04409123896784,1.380156131857399,6,1490.8824990751964,7.595805944375232,70.99196995835473,9.346206377339717,3.119769122304034,5.693797194397551,160,35,5,True
25,20,5,10,75,200,15.72657492820932,1.5726574928209323,5.340765048346666,26.031782321410383,72.0,53.45732510493397,-81.29535409765406,1.6908923597509713,6,3145.314985641864,7.76712954558315,176.99097088032136,22.78717894965057,5.058102923736817,8.04847898962728,117,38,45,True
25,20,5,10,90,200,16.077501792562295,1.6077501792562294,4.986030146751713,26.314114783485525,70.0,56.219541919400484,-77.58725850339347,1.6907277518966644,6,3215.5003585124587,7.994402500849847,182.15736289827652,22.785613168577918,4.748111425598295,8.504213612669572,91,38,71,True
25,20,5,10,95,200,16.683727314671334,1.6683727314671333,6.64350596864612,27.706497394469924,70.0,57.08557837955625,-77.58725850339347,1.7167726435366375,6,3336.7454629342665,7.951876707146422,191.21448159228987,24.046459550918808,4.733361504347355,8.402400977636402,85,38,77,True
25,20,5,11,45,200,10.039616855189076,1.0039616855189075,1.36477271391233,18.76889265230094,82.5,34.633513239877544,-105.90303752977081,1.5417147657958512,6,2007.9233710378153,6.5121395725696685,100.92938062705015,15.498651326851668,4.3968689279090745,10.260059484569847,164,29,7,True
25,20,5,11,75,200,19.3030425500142,1.93030425500142,8.664039998469102,29.687916751802945,74.5,55.22149666748144,-85.63518614611557,1.8839614822501412,6,3860.60851000284,5.239134295521092,232.2927470585304,44.33800203539662,6.320809778825872,12.668266251627626,121,32,47,True
25,20,5,11,90,200,20.195386994209688,2.019538699420969,9.314947901559577,30.89967403541073,72.5,58.68391429675042,-81.27436680339771,1.903578505455242,6,4039.0773988419373,5.393383032602276,247.0173606141731,45.80007745064394,5.586001841965787,13.74487031666821,95,32,73,True
25,20,5,11,95,200,20.510738282589745,2.0510738282589744,9.569091509205347,31.42720343440503,72.5,59.11888159106775,-81.27436680339771,1.9176878981561365,6,4102.147656517949,5.364516921071837,252.3106874782743,47.03325410107241,5.554563315656159,13.771333194524578,87,32,81,True
25,20,5,12,45,200,11.874737684454072,1.187473768445407,3.203242353983746,19.861616729583744,84.0,35.095989204844145,-110.0368327975938,1.6744751610977018,6,2374.9475368908143,5.085562544671704,123.91737984755942,24.366503952918908,5.058053013050453,9.758166399807466,167,25,8,True
25,20,5,12,75,200,22.37313157817591,2.237313157817591,11.461138658484863,32.67597031724298,76.5,55.98373296346768,-87.04010271862491,2.093804031160783,7,4474.626315635182,3.5231426845594984,230.24254582925766,65.351467835327,7.003876450063391,14.293618539050584,124,27,49,True
25,20,5,12,90,200,23.38324784711168,2.3383247847111677,11.920475301510761,34.1486053497923,74.5,59.53174548948113,-82.22706879432062,2.1151925091056816,7,4676.649569422336,4.120248294619263,244.47269614044154,59.33445721213079,6.340003777788705,15.687224037345535,97,27,76,True
25,20,5,12,95,200,23.73747995391498,2.373747995391498,12.15161717854199,34.74290689397857,74.5,60.00722482747213,-82.22706879432062,2.1320865263343682,7,4747.495990782996,4.080234144022489,249.54651732409752,61.15985223291198,6.323939079486624,16.117162456352702,89,27,84,True
25,20,5,13,45,200,12.030304913822901,1.2030304913822902,3.664417223103946,20.38460006595897,84.5,35.0647745637509,-113.5447070486878,1.6835622058409074,6,2406.0609827645803,4.796837034965214,125.93348006707865,26.253441413398342,4.775034365255735,8.896695889067251,168,22,10,True
25,20,5,13,75,200,22.584095518630747,2.2584095518630747,11.458772357412611,33.315544746222436,77.0,56.01570909407689,-89.3391325382976,2.099089691789073,7,4516.8191037261495,3.8439869600803402,233.18547163810354,60.66239923801144,6.848948774282413,14.965781602112004,125,24,51,True
25,20,5,13,90,200,23.587645020556923,2.3587645020556924,11.793375267143317,34.940106305680644,75.0,59.53216521072038,-84.24591554993341,2.119942485832505,7,4717.529004111385,4.4279842002285505,247.39505770228632,55.87080859265871,6.242147260389097,15.182238641179973,97,24,79,True
25,20,5,13,95,200,23.94187712736022,2.394187712736022,12.84355892366446,35.64685021156245,75.0,60.0044746864581,-84.24591554993341,2.1367614427868435,7,4788.375425472043,4.3877665796903145,252.49399534667884,57.54499259723604,6.238949930169762,15.394596512911358,89,24,87,True
25,20,5,14,45,200,11.848282957494526,1.1848282957494527,2.8393269236046255,20.425125999816217,84.5,35.0647745637509,-114.71904225080634,1.6663282198828226,6,2369.656591498905,4.894798820068881,123.57558897742051,25.24630603218163,4.930522084351863,7.7030950977441455,168,20,12,True
25,20,5,14,75,200,22.28238287004048,2.2282382870040482,10.712461196701755,32.64693654964356,77.0,56.01570909407689,-90.65092666260315,2.0687141222780423,7,4456.476574008096,3.3243698716377215,228.98131696418363,68.87961502652472,6.895040144631375,13.968042214298626,125,22,53,True
25,20,5,14,90,200,23.285932371966656,2.3285932371966656,11.308178997053512,36.0417709980405,75.0,59.53216521072038,-85.45276614429451,2.090002508878241,7,4657.186474393331,3.5429478181747474,243.08641526424984,68.6113450548879,6.16416734204128,13.792336466906079,97,22,81,True
25,20,5,14,95,200,23.640164478769947,2.3640164478769945,12.436640150839466,35.737628335387434,75.0,60.0044746864581,-85.45276614429451,2.106583931471637,7,4728.03289575399,3.5045320108184344,248.14829109619905,70.8078255042811,6.169218060874332,14.11984202811027,89,22,89,True
25,25,2,10,45,230,6.070084108382887,0.6070084108382887,-1.0705613437649193,13.27265494532785,79.56521739130434,31.639638920624545,-93.48796973502608,1.3177378543737268,6,1396.119344928064,7.798634313174587,65.81000578152766,8.438657736567007,2.6293110851680215,4.386588561659496,182,39,9,True
25,25,2,10,75,230,13.100604493443567,1.3100604493443568,3.7481677829801607,22.091789490156547,71.30434782608695,49.843277608875084,-78.19937112671958,1.58381059926423,6,3013.1390334920206,7.787351556402484,167.41299737245234,21.49806595476113,4.3771949274211845,7.119248768582932,133,43,54,True
25,25,2,10,90,230,13.751467873633537,1.3751467873633536,4.206395189591921,23.075007955928754,69.56521739130434,52.66682366271366,-75.19791678712104,1.6008596563898057,6,3162.8376109357137,8.020658583422383,178.27558129580586,22.227050240522317,4.246225485685932,7.617066525518601,106,43,81,True
25,25,2,10,95,230,14.398713368346153,1.4398713368346152,4.486401011965412,24.305166383016147,69.56521739130434,53.597239061363055,-75.19791678712104,1.6291405431377972,6,3311.704074719615,7.978428555146852,189.3301127702853,23.7302510715784,4.359907223495208,8.086700107008575,100,43,87,True
25,25,2,11,45,230,8.144105290829055,0.8144105290829053,0.5788206310251528,15.574978610736501,81.73913043478261,32.403922651171136,-100.44745813165457,1.4440000041840373,6,1873.1442168906826,6.847387292226446,92.85212601342985,13.560226996191819,3.625942820351297,6.546464844039578,186,33,11,True
25,25,2,11,75,230,15.978326031533747,1.597832603153375,6.712773207683408,25.15943454776766,73.47826086956522,51.5055959538447,-82.44968408109824,1.730701979073126,6,3675.014987252762,5.252856652403819,217.37579740385118,41.38239662496318,5.380092164554105,9.9473797997187,137,37,56,True
25,25,2,11,90,230,17.099987307238948,1.7099987307238946,7.579514737434425,26.41063130373272,71.73913043478261,54.94014236573897,-78.9557909181842,1.7663484424789677,6,3932.997080664958,5.411206363564003,238.2200717027609,44.0234682799754,4.9706203990282,11.218195444233691,110,37,83,True
25,25,2,11,95,230,17.49429868566549,1.7494298685665493,6.743442157608423,28.273288294459352,71.73913043478261,55.48978852960627,-78.9557909181842,1.784019795403364,6,4023.6886977030626,5.382539844983321,245.73295146573128,45.65371711920746,5.0695825338723015,12.739655161719249,102,37,91,True
25,25,2,12,45,230,9.56587992497253,0.956587992497253,1.4510213373933931,17.36971581721657,83.04347826086956,32.84572754059789,-104.44568147462857,1.5401292122719146,6,2200.1523827436818,5.962670155819331,112.78728110482233,18.915566039611697,4.111245580046788,6.9832387372834885,189,29,12,True
25,25,2,12,75,230,18.430490403848285,1.8430490403848285,8.458168983232369,27.75563944335217,75.21739130434783,52.2656292263328,-84.26212391702579,1.8825868852112522,7,4239.012792885105,4.435237401408332,214.0891631763723,48.27005722588649,5.917187931804244,10.72754913598529,140,32,58,True
25,25,2,12,90,230,19.654561961936334,1.9654561961936334,9.446312092324106,29.77070253994097,73.47826086956522,55.77624849260832,-80.42027449189263,1.9215010175324008,7,4520.549251245357,4.510233730488846,233.4463842684039,51.75926531042585,5.573140757097277,12.103180072294625,112,32,86,True
25,25,2,12,95,230,20.082682747687432,2.0082682747687435,9.636445634691233,29.794736185022003,73.47826086956522,56.35889808268379,-80.42027449189263,1.941573392610535,7,4619.017031968109,4.658518712261686,240.3772646962585,51.59950609698348,5.671993510248323,13.897609138576144,104,32,94,True
25,25,2,13,45,230,9.959072776444167,0.9959072776444167,1.9791027686681626,17.60287587927807,83.47826086956522,32.82997226622022,-105.59915622452957,1.5708246215109336,6,2290.5867385821584,5.650629316890695,118.50416011994325,20.971851713173628,4.087512043286105,6.887505650015864,190,25,15,True
25,25,2,13,75,230,18.82835865626427,1.8828358656264272,9.251416225625634,28.488552145890228,75.65217391304347,52.31529835191299,-85.22034682664426,1.9074213101256952,7,4330.5224909407825,4.298753165174308,220.30656805009792,51.24894581872668,5.92926462561457,11.778840045136507,141,28,61,True
25,25,2,13,90,230,20.046719982170067,2.004671998217007,9.729788370454575,30.536923725813843,73.91304347826086,55.798709993683374,-81.25058505045097,1.9457871581347514,7,4610.745595899116,4.502295813772704,239.79184291526664,53.259904020907236,5.597968161361326,12.226117416024787,112,28,90,True
25,25,2,13,95,230,20.47484076792117,2.047484076792117,10.498549286537923,29.547948267402244,73.91304347826086,56.377932233228975,-81.25058505045097,1.965985531816535,7,4709.2133766218685,4.52358592198441,246.79942283895846,54.55835858881891,5.68883173117843,13.63531643188476,104,28,98,True
25,25,2,14,45,230,9.670305857897752,0.9670305857897752,1.905079140261208,17.112245916107703,83.47826086956522,32.82997226622022,-107.34695599467892,1.5452487969616295,6,2224.170347316483,5.608707565850596,114.29693247839707,20.378479558162386,4.102718152374152,5.9227378824646975,190,23,17,True
25,25,2,14,75,230,18.392017222707512,1.8392017222707513,8.704636202829498,28.111623513789645,75.65217391304347,52.31529835191299,-87.01246342875238,1.8681358875277008,7,4230.163961222728,3.9908177837516803,213.49173692928636,53.495736587749555,5.845923472136673,10.768860205937445,141,26,63,True
25,25,2,14,90,230,19.61037854861331,1.961037854861331,9.12414414471764,29.34254830275254,73.91304347826086,55.798709993683374,-82.92322721241854,1.9065387382610994,7,4510.387066181061,4.075827888963713,232.73585113718576,57.10149139696851,5.441488264319979,11.039307347874866,112,26,92,True
25,25,2,14,95,230,20.038499334364406,2.0038499334364404,10.183565642020842,30.703883866380757,73.91304347826086,56.377932233228975,-82.92322721241854,1.9263296910964078,7,4608.854846903813,4.225117749426984,239.65810562524177,56.72223115148555,5.5386284101516,11.960568299944411,104,26,100,True
25,25,3,10,45,219,6.538388987151497,0.6538388987151497,-1.3689209548225756,14.345948064465412,79.45205479452055,32.321454222165286,-93.15612992156849,1.3415788071516193,6,1431.9071881861778,8.64339835435972,67.75601912972202,7.839048526040219,2.7990183348122133,4.625196590452198,173,37,9,True
25,25,3,10,75,219,13.89651074679282,1.389651074679282,4.375819966123877,23.8459936936725,71.23287671232876,51.09562725720712,-78.21558727899495,1.6176124221629773,6,3043.3358535476277,7.775110180197981,169.58376766042736,21.811107975335364,4.593731830365683,7.379495183581759,127,41,51,True
25,25,3,10,90,219,14.457761876359479,1.4457761876359478,4.658076523142155,24.70150338368931,69.40639269406392,53.92452322522623,-75.07877133300988,1.629438383480252,6,3166.2498509227257,8.004592776467508,178.52614328548904,22.3029638447484,4.376364081280415,7.729498918977202,101,41,77,True
25,25,3,10,95,219,15.092944273254748,1.5092944273254747,4.821564753635009,24.59634231296547,69.40639269406392,54.83968733654244,-75.07877133300988,1.6570919155093422,6,3305.35479584279,7.96253131315733,188.85346790296742,23.717767689139876,4.469058277546531,7.927765747344687,95,41,83,True
25,25,3,11,45,219,8.807945480131492,0.8807945480131492,1.2198155272273103,16.678269046369675,81.7351598173516,33.10512050616002,-99.92191276134619,1.482611873322492,6,1928.9400601487966,7.634690073200077,96.17238232508396,12.596763117166503,3.9028826807770542,7.190856392784147,177,31,11,True
25,25,3,11,75,219,17.010136106430906,1.7010136106430904,6.726520621350576,26.778000911630837,73.51598173515981,52.801652425270504,-82.34217643379623,1.7800125099177218,6,3725.2198073083687,5.586801339501561,221.37136640934975,39.62399107413042,5.697785852008984,10.62373961804365,131,35,53,True
25,25,3,11,90,219,18.06583251439255,1.806583251439255,8.37477577656488,28.625869079081358,71.68949771689498,56.27362569775243,-78.68615990153485,1.8109835665003151,6,3956.4173206519686,5.400300378302802,240.15093517953576,44.46992173702198,5.151185804100644,11.926881615154713,105,35,79,True
25,25,3,11,95,219,18.435376341672317,1.8435376341672316,7.84969453954709,28.545440695077044,71.68949771689498,56.78910403007261,-78.68615990153485,1.8275725596057675,6,4037.347418826237,5.371748989978867,246.87282949383297,45.95762571080303,5.231819525326359,12.726709573983642,97,35,87,True
25,25,3,12,45,219,10.3924941826566,1.03924941826566,2.718372010988969,18.821555498444596,83.10502283105022,33.557214683717945,-103.55288774148298,1.5940184940669628,6,2275.9562260017956,6.319488592914809,117.5732524398791,18.60486821223131,4.462206857785157,7.399350740934189,180,27,12,True
25,25,3,12,75,219,19.676829282834298,1.9676829282834298,9.19639710599115,30.21180149857492,75.34246575342466,53.56711624499619,-83.87682532377146,1.9514007475328317,7,4309.2256129407115,3.983122808974562,218.85322179923355,54.945135336054676,6.294583067742306,11.758538222888456,134,30,55,True
25,25,3,12,90,219,20.840079868640952,2.084007986864095,9.641809336008217,31.638686975033337,73.51598173515981,57.11814745000627,-79.8628318658386,1.9853052446525212,7,4563.977491232368,4.273199131769092,236.49287681138617,55.34328485962198,5.810009314739041,13.131652557316489,107,30,82,True
25,25,3,12,95,219,21.245131292654264,2.1245131292654267,10.529954652284857,32.426434425600505,73.51598173515981,57.66911802055853,-79.8628318658386,2.004455809091328,7,4652.6837530912835,4.229734279282804,242.76617061462193,57.395135151559806,5.917294075613304,14.43505588228874,99,30,90,True
25,25,3,13,45,219,10.896797177352841,1.089679717735284,2.9561807964467426,17.968648645816454,83.56164383561644,33.53679665189481,-104.18986681823553,1.6362312528070253,6,2386.398581840272,5.983153512483194,124.65815669518024,20.834858479745616,4.413372156961172,6.616296519497753,181,23,15,True
25,25,3,13,75,219,20.186042515965244,2.0186042515965243,9.68184332927516,29.58734401869189,75.79908675799086,53.61133878013047,-84.50450804726921,1.9870509050738234,7,4420.743310996389,4.033089338640905,226.50647061472586,56.162026574659365,6.29522757357628,11.980163913971854,135,26,58,True
25,25,3,13,90,219,21.34329605427455,2.134329605427455,10.364523325754481,32.53351343569044,73.97260273972603,57.13343483411342,-80.376045741057,2.0202441454690425,7,4674.1818358861265,4.582643495156943,244.29674758876635,53.309132130165814,5.833633714467291,12.231908728270799,107,26,86,True
25,25,3,13,95,219,21.74834747828786,2.174834747828786,10.770899749803194,31.97800977638817,73.97260273972603,57.681004351761054,-80.376045741057,2.039606260060557,7,4762.888097745042,4.538748137347249,250.65461175408706,55.225494821262885,5.931568306666277,13.6936500395836,99,26,94,True
25,25,3,14,45,219,10.684886714952496,1.0684886714952495,1.8845084695803045,18.61805387092923,83.56164383561644,33.53679665189481,-105.47898879783763,1.6162338893913775,6,2339.9901905745965,6.35826354241267,121.66483011671079,19.13491463591403,4.496327716827197,5.760876265044805,181,21,17,True
25,25,3,14,75,219,19.819145119992395,1.9819145119992394,9.385554884411242,30.317012733151245,75.79908675799086,53.61133878013047,-86.02055577779853,1.9520306243066894,7,4340.392781278335,4.332146404135882,220.98145306592966,51.00969183658235,6.2760102072329085,11.105854284361163,135,24,60,True
25,25,3,14,90,219,20.9763986583017,2.0976398658301703,9.452124378184,31.584895697931263,73.97260273972603,57.13343483411342,-81.7857041571632,1.9854232169021484,7,4593.831306168073,4.182845884768889,238.59655077132408,57.041678642794906,5.720970109398473,11.194130516020028,107,24,88,True
25,25,3,14,95,219,21.381450082315013,2.1381450082315014,10.493052951776216,32.6389990951583,73.97260273972603,57.681004351761054,-81.7857041571632,2.0044516060820055,7,4682.537568026988,3.99115161613032,244.89272133145707,61.3589121349633,5.826360201954422,12.170053627140957,99,24,96,True
25,25,4,10,45,208,6.22129351057912,0.622129351057912,-1.9417619690309056,14.27753349886905,78.84615384615384,33.266569009302806,-94.583824257391,1.310938486277386,6,1294.0290502004568,8.974438413982913,60.33169501312361,6.722615079637949,2.5907768854977986,4.338408694034402,163,37,8,True
25,25,4,10,75,208,13.649033953934879,1.364903395393488,3.55822894713243,23.083324468767465,70.67307692307693,52.61316258062928,-80.24812847432871,1.57996328538997,6,2838.9990624184547,7.775110180197981,155.09471517789976,19.947590655744317,4.37447853553697,6.955644963964985,119,41,48,True
25,25,4,10,90,208,14.021503120932568,1.4021503120932568,3.5851489273095942,24.7939348666739,68.75,55.34478438337766,-76.88971565644664,1.5835476123681347,6,2916.472649153974,8.004592776467508,160.5329787479065,20.055108764539927,4.146199974696821,7.346006566023926,93,41,74,True
25,25,4,10,95,208,14.616304848707793,1.4616304848707793,3.466731232752688,25.077199829706505,68.75,56.20995053286889,-76.88971565644664,1.6083021001774693,6,3040.191408531221,7.96253131315733,169.3572416964468,21.269271672012138,4.207463497647529,7.517364162247784,87,41,80,True
25,25,4,11,45,208,8.610874625784017,0.8610874625784017,0.4248537220358386,17.713532513301523,81.25,34.06864410338193,-101.70612644380691,1.4515427563375123,6,1791.0619221630757,7.940686222256891,88.0279184497097,11.085681512383262,3.7119472745459077,6.940304321907322,167,31,10,True
25,25,4,11,75,208,16.927322193169207,1.6927322193169207,6.992382522479264,27.373423000342157,73.07692307692307,54.37028347168913,-84.70357270567055,1.74226988301511,6,3520.883016179195,6.017066447923391,205.29178195101903,34.118250766844916,5.502401445457864,10.304847427387646,123,35,50,True
25,25,4,11,90,208,17.82038518693855,1.7820385186938552,8.667785700705805,28.76514352861653,71.15384615384616,57.78875588605236,-80.76826253754218,1.7648714157495382,6,3706.6401188832187,5.400300378302802,219.889278653781,40.71797182565008,4.93566305938731,11.227652696789976,97,35,76,True
25,25,4,11,95,208,18.135500151512833,1.8135500151512833,7.454348531903396,28.801659776737683,71.15384615384616,58.231620160589195,-80.76826253754218,1.7783965122359182,6,3772.184031514669,5.371748989978867,225.13559004519647,41.91104060617735,4.980122943287468,11.888721003584317,89,35,84,True
25,25,4,12,45,208,10.279221577000358,1.027922157700036,1.8562806093011306,18.059235171435493,82.6923076923077,34.53021718200911,-105.586646313597,1.562486451402694,6,2138.0780880160746,6.61103553288491,108.91454367175703,16.47465712897615,4.28783227863011,6.948538318753368,170,27,11,True
25,25,4,12,75,208,19.735042412555476,1.9735042412555477,8.759269689330837,29.82610253425458,75.0,55.13968735674723,-86.47889242001976,1.9128258635276805,7,4104.888821811539,4.346412420693995,205.10525954245264,47.189553058957834,6.111705646287321,11.516600329055679,126,30,52,True
25,25,4,12,90,208,20.741347545498158,2.074134754549816,9.910256248800959,31.214293082733317,73.07692307692307,58.643410368681735,-82.13568011742872,1.9379515793031286,7,4314.200289463617,4.331810218309984,219.19235793095476,50.600637351206636,5.609260746415069,12.546223457493985,99,30,79,True
25,25,4,12,95,208,21.093847912402477,2.109384791240248,10.09320143690879,31.69856025365274,73.07692307692307,59.12577929181398,-82.13568011742872,1.953892119092917,7,4387.520365779716,4.290996994077547,224.21530924823813,52.25249739342654,5.678227689947339,13.697032381561947,91,30,87,True
25,25,4,13,45,208,10.810194441608418,1.0810194441608418,2.462881359756132,18.378200837030125,83.17307692307693,34.50299462523498,-106.29993218031717,1.6043601339651905,6,2248.520443854551,6.268530969423263,115.83385173505998,18.4786279752108,4.247204555053541,6.481270275062884,171,23,14,True
25,25,4,13,75,208,20.271185191669307,2.0271185191669305,10.170401989151452,30.17443203067614,75.48076923076923,55.176428565158304,-87.18221107573797,1.948297096670709,7,4216.406519867216,4.391492633294191,212.5642314416633,48.403640673356314,6.113155987360599,11.7141326158985,127,26,55,True
25,25,4,13,90,208,21.271176125564303,2.12711761255643,10.720015797913542,32.0276522831382,73.5576923076923,58.64962797199342,-82.70888082904757,1.9726128538310956,7,4424.404634117375,4.644748688662779,226.759546082894,48.82062761250877,5.635229684373376,12.020145851409318,99,26,83,True
25,25,4,13,95,208,21.623676492468626,2.1623676492468626,9.882840823445681,32.827909580075335,73.5576923076923,59.12884415706596,-82.70888082904757,1.988730739640864,7,4497.724710433474,4.603703718863555,231.85175097078087,50.362005274313034,5.695992794637678,13.083496565759125,91,26,91,True
25,25,4,14,45,208,10.587077175908057,1.0587077175908057,2.074318024590698,19.260271933679352,83.17307692307693,34.50299462523498,-107.62588621647933,1.5845943706356331,6,2202.112052588876,6.646694983161405,112.91022192626126,16.987423405512907,4.323003141385247,5.618335147210001,171,21,16,True
25,25,4,14,75,208,19.884884568024816,1.9884884568024817,7.764860858988586,31.46118387879315,75.48076923076923,55.176428565158304,-88.7577116584449,1.9137136993102286,7,4136.0559901491615,4.694441688390524,207.17927478757144,44.13288917826611,6.089002956675239,10.80152150737733,127,24,57,True
25,25,4,14,90,208,20.884875501919815,2.0884875501919815,9.421818532497708,32.49455009930304,73.5576923076923,58.64962797199342,-84.16979955119403,1.9383745989573173,7,4344.054104399322,4.607751265872297,221.23200927406037,48.01301036204669,5.519159096489201,10.926088785975324,99,24,85,True
25,25,4,14,95,208,21.23737586882413,2.123737586882413,10.157430625621094,31.718874532258045,73.5576923076923,59.12884415706596,-84.16979955119403,1.9542127297805412,7,4417.374180715419,4.570816674413282,226.27369346119988,49.50399667697125,5.588034273102602,11.871280989565973,91,24,93,True
25,25,5,10,45,198,7.346195543486558,0.7346195543486558,-0.9974339147420094,15.577642980704827,79.7979797979798,34.02728080486742,-98.04409123896784,1.3708909683463477,6,1454.5467176103384,7.614632433828443,68.99395459378235,9.060707157350462,3.0606180858331236,5.607433919637966,158,35,5,True
25,25,5,10,75,198,15.575869185315437,1.5575869185315439,4.50350786795263,25.498125555108416,71.71717171717171,53.77860512789497,-81.29535409765406,1.6774289109409999,6,3084.0220986924564,7.803570051196113,172.52488141708398,22.108455525511655,4.965558478621265,7.89163793711653,115,38,45,True
25,25,5,10,90,198,15.866829552014153,1.5866829552014152,4.794587398536817,26.25732237715491,69.6969696969697,56.49904175001747,-77.58725850339347,1.6748600031970016,6,3141.632251298802,8.04102013821917,176.72142709909338,21.977488435718744,4.645882478147946,8.308850498731335,89,38,71,True
25,25,5,10,95,198,16.458008159760237,1.6458008159760236,5.750228226168155,26.72274552234856,69.6969696969697,57.34725453504446,-77.58725850339347,1.7000044591707457,6,3258.685615632527,8.00064264881203,185.36410904951595,23.168652467816393,4.629645487530223,8.205835148876568,83,38,77,True
25,25,5,11,45,198,9.957513078651298,0.9957513078651297,1.4352146848131382,18.074595059782197,82.32323232323232,34.83554541788304,-105.90303752977081,1.5319117874401227,6,1971.5875895729569,6.5273969359486,98.73265302514748,15.12588463578691,4.34100067051226,10.169432831828933,162,29,7,True
25,25,5,11,75,198,19.1884627426941,1.9188462742694101,8.259809311862702,29.911859882489495,74.24242424242425,55.55585113268929,-85.63518614611557,1.8699272824449011,6,3799.315623053432,5.263862592526814,227.32193144027678,43.18538477106321,6.226577783448105,12.467138732690092,119,32,47,True
25,25,5,11,90,198,20.026309553678185,2.0026309553678185,9.60540193849309,31.700254918193338,72.22222222222221,58.98810815255353,-81.27436680339771,1.8870535351894926,6,3965.209291628281,5.425028829421085,240.8774465937491,44.401136688420806,5.489568727109357,13.493499160849172,93,32,73,True
25,25,5,11,95,198,20.32367580412227,2.032367580412227,9.732641922356127,31.490936052068804,72.22222222222221,59.39984603778379,-81.27436680339771,1.9002251973469875,6,4024.0878092162093,5.397618946381813,245.7662278116097,45.53234125138719,5.455156468912808,13.509278228122305,85,32,81,True
25,25,5,12,45,198,11.811170481949274,1.1811170481949274,3.316844994079502,20.130854767663596,83.83838383838383,35.299942198487706,-110.0368327975938,1.6641559512303525,6,2338.6117554259563,5.097261614763502,121.5762813244019,23.851293206586316,5.007429262299222,9.699519935953779,165,25,8,True
25,25,5,12,75,198,22.289562771140275,2.2289562771140274,11.234203746147589,32.4060974173992,76.26262626262627,56.319326201729446,-87.04010271862491,2.07882123659926,7,4413.333428685774,3.5334218978545877,225.9946415388743,63.95914444184914,6.912400198005059,14.097826291069849,122,27,49,True
25,25,5,12,90,198,23.246371021255953,2.324637102125595,12.571461125468009,34.952959899380595,74.24242424242425,59.839197079721316,-82.22706879432062,2.097577941538957,7,4602.781462208679,4.13448201696592,239.2287291076467,57.861838103532044,6.244639046728037,15.439442900470995,95,27,76,True
25,25,5,12,95,198,23.583010825662907,2.3583010825662907,12.692239158086927,34.380930603305835,74.24242424242425,60.2926302856572,-82.22706879432062,2.113472397633768,7,4669.436143481255,4.095100866068642,243.9585294801741,59.57326509380413,6.225233864599022,15.852158917071623,87,27,84,True
25,25,5,13,45,198,11.968309097473345,1.1968309097473346,3.207371769267394,20.666925716560012,84.34343434343434,35.267132453946374,-113.5447070486878,1.6732392060886183,6,2369.7252012997224,4.807509634136927,123.58001915712049,25.705620698003308,4.727591848169606,8.844231055265078,166,22,10,True
25,25,5,13,75,198,22.502657660488598,2.2502657660488596,11.347660711319504,33.273478313292216,76.76767676767676,56.34951522064758,-89.3391325382976,2.0841751294213853,7,4455.526216776742,3.855055566472934,228.91535441436713,59.38055897435644,6.759993905976569,14.762697099770289,123,24,51,True
25,25,5,13,90,198,23.452832812614787,2.345283281261479,11.40466960192803,34.38651009467184,74.74747474747475,59.83754509725946,-84.24591554993341,2.102406179951925,7,4643.660896897728,4.4430863398205505,242.12497046701174,54.4947705150359,6.148797317195403,14.944511807765144,95,24,79,True
25,25,5,13,95,198,23.78947261702174,2.3789472617021743,11.672214309768329,34.80412025679355,74.74747474747475,60.2879145653174,-84.24591554993341,2.1182300168317245,7,4710.315578170304,4.403550789383159,246.87833729142784,56.06346993581743,6.142131087890028,15.14363460071933,87,24,87,True
25,25,5,14,45,198,11.78444853552549,1.178444853552549,2.7194019501577,20.00856707334291,84.34343434343434,35.267132453946374,-114.71904225080634,1.6561108927526433,6,2333.320810034047,4.905928460148145,121.23659081160261,24.71226227541476,4.8808620805115055,7.656533961367183,166,20,12,True
25,25,5,14,75,198,22.197897409387313,2.2197897409387313,10.954066827056154,33.783872263200784,76.76767676767676,56.34951522064758,-90.65092666260315,2.0540153860028263,7,4395.183687058688,3.334330226091784,224.74295733955557,67.40272921407067,6.804257956032326,13.775930437623101,123,22,53,True
25,25,5,14,90,198,23.1480725615135,2.31480725615135,11.609968171381974,34.94072553381896,74.74747474747475,59.83754509725946,-85.45276614429451,2.0727138684873787,7,4583.318367179673,3.5551077209103865,237.85487087834332,66.90510936682217,6.070607077698528,13.5735748187595,95,22,81,True
25,25,5,14,95,198,23.484712365920455,2.3484712365920455,11.397007427745597,34.828479288274124,74.74747474747475,60.2879145653174,-85.45276614429451,2.088314225100768,7,4649.97304845225,3.517218354427878,242.57346315964185,68.96741649669335,6.072069926625251,13.886723363976438,87,22,89,True
30,10,2,10,45,228,7.267105629305564,0.7267105629305564,0.12106029198085992,14.825104396448166,81.14035087719299,31.30338845198329,-96.14480884035441,1.4007762930284797,6,1656.9000834816686,7.828655550179336,80.29663630274113,10.256759387108522,3.133562788212552,5.096769440398893,184,37,7,True
30,10,2,10,75,228,14.36940476271706,1.436940476271706,5.181584825838993,23.92079412965586,72.80701754385966,49.26310230633732,-79.05565640245977,1.6684193085807215,6,3276.2242858994896,7.751062012919887,186.67252344831292,24.083476965757352,4.791525953238915,7.629668491858122,135,41,52,True
30,10,2,10,90,228,15.03029734150285,1.503029734150285,5.224834168269246,24.226253302183423,71.05263157894737,52.04354426882801,-75.82039966193162,1.6848136595569152,6,3426.9077938626497,7.974276057553061,198.0587044343329,24.837201898313516,4.610527906670524,8.100771765358617,108,41,79,True
30,10,2,10,95,228,15.684972405078987,1.5684972405078985,6.020354127840141,25.707460015914297,71.05263157894737,52.96493880274998,-75.82039966193162,1.7146421064546533,6,3576.173708358009,7.929932217843922,209.59497439098485,26.43086581740945,4.7186234468471495,8.576462259516765,102,41,85,True
30,10,2,11,45,228,9.447074365983717,0.9447074365983718,2.292772707780277,16.94910936160655,83.33333333333334,32.068475787172595,-103.65993273996065,1.546811527826232,6,2153.9329554442875,6.872328865686514,109.89974425820392,15.991630552916714,4.2026161827445945,7.445833332979542,188,31,9,True
30,10,2,11,75,228,17.360123858158907,1.7360123858158907,8.09946142489535,27.306171337296863,75.0,50.922942521615425,-83.32833213221065,1.833335957360334,6,3958.1082396602305,5.228231411672719,240.2905911683509,45.960205707779174,5.847359873562172,10.746979204819752,139,35,54,True
30,10,2,11,90,228,18.49594413856094,1.849594413856094,9.013790317847779,28.487952774272053,73.24561403508771,54.308298657861556,-79.54771495526207,1.8690680984267016,6,4217.075263591894,5.379721154409838,262.0773215134482,48.71578172757514,5.346032324903164,11.83103373019373,112,35,81,True
30,10,2,11,95,228,18.89546636553271,1.8895466365532707,8.906124425732047,28.067730448549995,73.24561403508771,54.85375415336792,-79.54771495526207,1.8878404314026473,6,4308.166331341457,5.349621948831847,269.92976664325704,50.45772752263352,5.44584187323186,13.44638555963845,104,35,89,True
30,10,2,12,45,228,10.969075093409153,1.0969075093409153,3.3302230597793803,18.430557868367863,84.64912280701753,32.510916587548266,-107.8187937171294,1.6627387185149909,6,2500.9491212972866,5.5816739206753985,132.1476242683518,23.67526769682052,4.720623185419457,7.907824382223768,191,27,10,True
30,10,2,12,75,228,19.92155283023058,1.992155283023058,9.889053655626917,29.624737337073874,76.75438596491229,51.687607492297474,-84.96636350678271,2.008637553361678,7,4542.114045292573,4.226809800869088,234.95712480222818,55.587342670095516,6.3987739129464,11.461189499931502,142,30,56,True
30,10,2,12,90,228,21.160681728825846,2.116068172882585,11.12689126161612,30.883499213667307,75.0,55.14940573547811,-80.80549029113095,2.0474873255560655,7,4824.635434172293,3.95262444316673,255.1205567412376,64.54459825604941,5.973172954952185,12.691194942509483,114,30,84,True
30,10,2,12,95,228,21.59430993687063,2.159430993687063,11.647170053633735,31.610556339850287,75.0,55.72757667953781,-80.80549029113095,2.068952609980798,7,4923.502665606504,4.200689435806764,262.3403509025127,62.45173677118763,6.072476803492261,14.606842830181977,106,30,92,True
30,10,2,13,45,228,11.453471390946328,1.1453471390946328,3.6995801751137756,18.969728292763037,85.08771929824562,32.49704956833454,-108.6187099741511,1.7071123538361086,6,2611.3914771357627,5.257880078024142,139.5052113598015,26.532596652951078,4.713094497740488,8.269690426404068,192,23,13,True
30,10,2,13,75,228,20.4106655410011,2.0410665541001105,10.976178341706447,29.558616011233855,77.19298245614034,51.739996410394,-85.62706970925176,2.0451475035311537,7,4653.631743348251,3.712857085578706,242.8335794492837,65.40342756323311,6.437772632269416,12.612094691174791,143,26,59,True
30,10,2,13,90,228,21.644034117658123,2.164403411765812,10.042868938678877,31.225230776505963,75.43859649122807,55.175250490942574,-81.3447018860013,2.0833174978144835,7,4934.839778826052,4.238453014595286,263.1736939163455,62.09192198429383,6.021677146527507,13.205819430678241,114,26,88,True
30,10,2,13,95,228,22.077662325702903,2.2077662325702905,12.441469948187937,31.54398385595729,75.43859649122807,55.7500599760252,-81.3447018860013,2.1050212625917535,7,5033.707010260262,4.238453014595286,270.4886357724108,63.817773805908,6.1122492288287456,14.376340752377082,106,26,96,True
30,10,2,14,45,228,11.249925815219685,1.1249925815219683,4.127118975710754,18.848617697800535,85.08771929824562,32.49704956833454,-109.98366265843568,1.6859262291570247,6,2564.983085870088,5.628544333691344,136.3971209435201,24.233107684179394,4.782064914193472,7.074716603715735,192,21,15,True
30,10,2,14,75,228,20.058250936974545,2.0058250936974544,9.92828405843646,29.7929427918045,77.19298245614034,51.739996410394,-87.17227220382973,2.008895528627402,7,4573.281213630196,4.009020421559039,237.1476469270755,59.15351432279631,6.4106776031281685,11.59633942042699,143,24,61,True
30,10,2,14,90,228,21.291619513631566,2.1291619513631566,10.375557573588774,30.896421371110083,75.43859649122807,55.175250490942574,-82.7795327738237,2.0472070222555985,7,4854.489249107997,3.860587977203852,257.2916593673825,66.64571844668434,5.90755113220232,11.912502236018485,114,24,90,True
30,10,2,14,95,228,21.72524772167635,2.172524772167635,11.553817537894457,31.58938837773245,75.43859649122807,55.7500599760252,-82.7795327738237,2.0685345922049807,7,4953.3564805422075,3.911262513016911,264.5371923391686,67.63473212518294,6.004960461810563,12.925217669886168,106,24,98,True
30,10,3,10,45,217,7.818113317289698,0.7818113317289698,0.3195217974865663,15.872407867542186,81.10599078341014,31.982094539269664,-95.91019631852672,1.4314326991575839,6,1696.5305898518645,8.658057316963529,82.56060925881661,9.535696777735295,3.328417063537326,5.362419565569669,175,35,7,True
30,10,3,10,75,217,15.26265473818128,1.5262654738181278,5.65484917571761,25.14104850223231,72.81105990783409,50.50550809715843,-79.11651188416432,1.7095298492316358,6,3311.9960781853374,7.7389343731912055,189.35204476054076,24.46745709803197,5.026171474265081,7.914606460853996,129,39,49,True
30,10,3,10,90,217,15.838825597089496,1.5838825597089496,6.202706022057804,25.473648039630493,70.96774193548387,53.29607166538373,-75.72333145874089,1.7204642714926648,6,3437.0251545684205,7.958395342723387,198.83253505360528,24.983998217103423,4.77094826592668,8.3074585091306,103,39,75,True
30,10,3,10,95,217,16.483111178914648,1.648311117891465,7.01518546372171,26.88655188801155,70.96774193548387,54.20392862159192,-75.72333145874089,1.7497710366626908,6,3576.835125824479,7.9142274589025465,209.64666536536615,26.48984584459208,4.855954233454437,8.496785829235604,97,39,81,True
30,10,3,11,45,217,10.200790146610522,1.020079014661052,1.801802118260664,18.00554527836323,83.41013824884793,32.76647610418423,-103.25446425119056,1.5955006072369844,6,2213.5714618144834,7.646934762641871,113.6299671487937,14.859544467924385,4.514000625460207,8.18364010482837,179,29,9,True
30,10,3,11,75,217,18.497179870719254,1.8497179870719254,9.012535776990319,28.815949162725698,75.11520737327189,52.20870225579922,-83.2616747360962,1.8927427905630232,6,4013.888031946078,5.599632180044602,244.9163996715877,43.73794417147536,6.188424259484075,11.472667767917732,133,33,51,True
30,10,3,11,90,217,19.572353107362506,1.9572353107362506,9.776268145645307,30.122057367187885,73.27188940092167,55.63538830680402,-79.2901054566237,1.923540163667825,6,4247.200624297664,5.368941586887168,264.6633286825107,49.29525203420188,5.560866248052158,12.717229567682054,107,33,77,True
30,10,3,11,95,217,19.94855183782455,1.9948551837824549,8.984070606206831,29.99844151962385,73.27188940092167,56.14881676284341,-79.2901054566237,1.941291459855704,6,4328.835748807927,5.338962546393293,271.72532210274557,50.894779602136026,5.640283869825866,13.575703693057234,99,33,85,True
30,10,3,12,45,217,11.892145749619734,1.1892145749619734,4.133385863114659,19.683268250501925,84.7926267281106,33.21917759071395,-107.02221360678436,1.7306881895789712,6,2580.5956276674824,6.329441510137247,137.44007686162595,21.71440823673015,5.1126336018011,8.342065800860103,182,25,10,True
30,10,3,12,75,217,21.280653629393644,2.1280653629393647,10.961330855260861,30.838043485727685,76.95852534562212,52.97920124341972,-84.59249540145343,2.0917994121495274,7,4617.901837578421,3.99114698059473,240.29830088338326,60.207830493773464,6.810767519293859,12.576882751349503,136,28,53,True
30,10,3,12,90,217,22.46437232662702,2.2464372326627022,11.681807082813986,32.339861739320476,75.11520737327189,56.48521009623138,-80.228156496438,2.125209653863274,7,4874.768794878064,3.95262444316673,258.77090548812384,65.46812357432167,6.2498914785775,13.927375604576476,109,28,80,True
30,10,3,12,95,217,22.876405912778676,2.2876405912778672,12.567677308353554,32.51758613063393,75.11520737327189,57.03374560662961,-80.228156496438,2.145847852078331,7,4964.180083072973,3.95262444316673,265.33558829832543,67.1289650998935,6.357756888283019,15.34761289623969,101,28,88,True
30,10,3,13,45,217,12.493299463161097,1.2493299463161098,4.619097117695402,20.125772199242217,85.25345622119815,33.20080752189973,-107.22198150142165,1.7901382328346347,6,2711.0459835059582,5.9924506370058745,146.25992586132605,24.40736431905007,5.072154947903498,7.6754063786602815,183,21,13,True
30,10,3,13,75,217,21.886762837023493,2.1886762837023492,12.371849249465132,31.612112924187585,77.41935483870968,53.026396813859414,-84.8776965121282,2.1419618645059635,7,4749.427535634098,4.041096190796587,249.68545850520658,61.78656649496586,6.836705173135569,12.784827094699612,137,24,56,True
30,10,3,13,90,217,23.064429214432355,2.3064429214432356,12.402662932355149,33.257215412108344,75.57603686635944,56.50417042293343,-80.40948697791059,2.174408766371097,7,5004.981139531821,4.238453014595286,268.3544629975722,63.314247456202224,6.296687168790621,13.270555692858053,109,24,84,True
30,10,3,13,95,217,23.47646280058402,2.347646280058402,13.347006978399003,34.883947740705736,75.57603686635944,57.04936120460972,-80.40948697791059,2.1953889454649307,7,5094.392427726732,4.238453014595286,275.02101228491483,64.88712068716316,6.394414722698154,14.567380904638052,101,24,92,True
30,10,3,14,45,217,12.371638673918358,1.2371638673918357,4.174443272945162,20.202487489675647,85.25345622119815,33.20080752189973,-108.046993728474,1.776469310829142,6,2684.645592240284,6.368162188849134,144.45974378633036,22.684683508734157,5.2159805833015165,6.636141682126144,183,19,15,True
30,10,3,14,75,217,21.608686663207575,2.1608686663207575,11.78215123787993,32.11446536035166,77.41935483870968,53.026396813859414,-86.10917671045584,2.111328850436143,7,4689.085005916044,4.340779165614042,245.36014058883052,56.52444670129219,6.882601581743968,11.857776779450315,137,22,58,True
30,10,3,14,90,217,22.786353040616444,2.2786353040616443,12.336275337265617,33.13667259479655,75.57603686635944,56.50417042293343,-81.54802527447762,2.1440506106147565,7,4944.638609813768,4.192634784500942,263.89486880614226,62.94248900039935,6.2317954218663605,12.088763949045855,109,22,86,True
30,10,3,14,95,217,23.1983866267681,2.31983866267681,12.262511403794509,34.10609817687095,75.57603686635944,57.04936120460972,-81.54802527447762,2.1647378735124376,7,5034.049898008678,4.001015931632748,270.51415409431365,67.61136639211566,6.338453834361832,13.208256172721415,101,22,94,True
30,10,4,10,45,205,7.510969289488813,0.7510969289488812,-0.7857420716402433,15.936120322875807,80.48780487804879,32.98017681369348,-97.54951174785545,1.3946069736169275,6,1539.7487043452065,9.012470068159214,73.700739143938,8.177640379003364,3.119663630425242,5.144902499980472,164,35,6,True
30,10,4,10,75,205,15.002893685660279,1.500289368566028,5.452154326501704,24.590140797460545,72.1951219512195,52.1014948992123,-81.32329893900112,1.6634971310819449,6,3075.593205560357,7.7389343731912055,171.91403949634446,22.214174614515365,4.759238408316323,7.464805489334899,120,39,46,True
30,10,4,10,90,205,15.359027825933792,1.5359027825933793,5.419221294689468,26.34614284791014,70.24390243902438,54.7689196151005,-77.67415934849254,1.664524797200726,6,3148.6007043164273,7.958395342723387,177.2315864883891,22.269764048658068,4.489990486903162,7.861480641052599,94,39,72,True
30,10,4,10,95,205,15.955272037563537,1.595527203756354,5.9743787026488935,27.613017933038908,70.24390243902438,55.617739499712286,-77.67415934849254,1.6903219419357818,6,3270.830767700525,7.9142274589025465,186.2697842157018,23.536066556461034,4.539357563617399,8.016399921671066,88,39,78,True
30,10,4,11,45,205,10.033119884428414,1.0033119884428414,1.4628098345812648,17.764658622649122,82.92682926829268,33.78595711885475,-105.33780382564235,1.5578758463885178,6,2056.789576307825,7.972491639574093,103.90600160298953,13.033064981494343,4.334780146393494,8.104550057178074,168,29,8,True
30,10,4,11,75,205,18.42675687473706,1.842675687473706,8.264729858594658,28.362431547099096,74.63414634146342,53.86385250606315,-85.840082194357,1.846270687475356,6,3777.485159321097,6.052437415690263,225.56209491002778,37.26797642306609,5.943344715694434,10.91714587189842,124,33,48,True
30,10,4,11,90,205,19.311103288027663,1.9311103288027665,8.82183117246984,30.064683622257675,72.6829268292683,57.2158129455518,-81.54249919359901,1.8669397231932805,6,3958.776174045671,5.368941586887168,240.34576631029134,44.765949195144856,5.294637082559977,12.111918358060286,98,33,74,True
30,10,4,11,95,205,19.623567759434017,1.9623567759434017,9.472865492549014,30.66195908052744,72.6829268292683,57.64571372835918,-81.54249919359901,1.8809672936696238,6,4022.8313906839735,5.338962546393293,245.66147893196143,46.012961656364624,5.3329600069675696,12.874224049689792,90,33,82,True
30,10,4,12,45,205,11.823481669077193,1.1823481669077194,4.311040027727953,19.820287964490092,84.39024390243902,34.24976423144121,-109.41860843370333,1.6922422111447257,6,2423.8137421608244,6.637034244955689,127.08857976782623,19.148398980224744,4.956356050819046,8.343105511573013,171,25,9,True
30,10,4,12,75,205,21.373165682699707,2.1373165682699704,11.578810611530901,32.77158213899925,76.58536585365854,54.64125842919417,-87.4412210089592,2.0439152997094743,7,4381.49896495344,4.368787406299254,223.80106636019877,51.227273278966415,6.578704573629821,12.084909095412801,127,28,50,True
30,10,4,12,90,205,22.37241143720034,2.237241143720034,11.37376112389407,33.245360418373124,74.63414634146342,58.079860351575775,-82.68989017625042,2.066622890855881,7,4586.34434462607,3.95262444316673,238.06825356794005,60.23042588311439,5.998165803225982,13.344222044606461,100,28,77,True
30,10,4,12,95,205,22.722808414385455,2.2722808414385454,11.574986749388607,33.15648375750277,74.63414634146342,58.54934649747739,-82.68989017625042,2.083328351409449,7,4658.175724949018,3.95262444316673,243.15679669868518,61.517809292267316,6.062326583063045,14.623908384944977,92,28,85,True
30,10,4,13,45,205,12.45982486828927,1.245982486828927,4.203874092778465,20.095727600482416,84.8780487804878,34.22430992470929,-109.70212351290694,1.7510849692421806,6,2554.2640979993002,6.292849930405535,135.6826244094447,21.56139521997163,4.9237546099641545,7.621013958156871,172,21,12,True
30,10,4,13,75,205,22.01475445370301,2.201475445370301,11.483834501297894,31.981432929951243,77.07317073170732,54.680921711777025,-87.79916952024789,2.0936527288959765,7,4513.024663009117,4.41376761592095,232.92018474110367,52.771284084131366,6.606504577775998,12.265536241999634,128,24,53,True
30,10,4,13,90,205,23.007593606243066,2.3007593606243066,12.309861684815157,34.01552673377498,75.1219512195122,58.089696996535466,-82.9266009448359,2.1152212035422675,7,4716.556689279829,4.33469521033835,247.32538143299206,57.05715613940173,6.048285460172676,12.717005637497268,100,24,81,True
30,10,4,13,95,205,23.357990583428183,2.3357990583428183,12.889127880934723,35.000745303773,75.1219512195122,58.55613453110005,-82.9266009448359,2.1322056020544142,7,4788.388069602777,4.29862485359894,252.49490925575353,58.738531008203026,6.103528706743818,13.894551862902562,92,24,89,True
30,10,4,14,45,205,12.331042471871346,1.2331042471871345,3.3880694686175676,20.934418265059048,84.8780487804878,34.22430992470929,-110.55374903760612,1.7375958866130925,6,2527.863706733626,6.672530144035724,133.92825603571941,20.071585012685464,5.064605381426744,6.569016620002094,172,19,14,True
30,10,4,14,75,205,21.720400650200308,2.1720400650200307,10.717023183541215,32.30512997694608,77.07317073170732,54.680921711777025,-89.08305313127029,2.0634785674666314,7,4452.682133291063,4.718343489587451,228.71799813305324,48.4742152914033,6.645922481680532,11.351570450138167,128,22,55,True
30,10,4,14,90,205,22.713239802740365,2.2713239802740364,11.53748153518958,33.3570463936494,75.1219512195122,58.089696996535466,-84.10978780205262,2.0854660229201585,7,4656.214159561775,4.635574366290409,243.01724699051252,52.42440909970465,5.979741521003757,11.561348478124527,100,22,83,True
30,10,4,14,95,205,23.06363677992548,2.306363677992548,11.622672332676828,34.457761739927676,75.1219512195122,58.55613453110005,-84.10978780205262,2.102211498976043,7,4728.045539884723,4.600007815558292,248.14919838242747,53.94538625415579,6.044292245883173,12.571880818528646,92,22,91,True
30,10,5,10,45,196,8.585458986012473,0.8585458986012472,-0.19670868407968028,16.80030872575035,81.12244897959184,33.72529700567809,-99.44789899038838,1.457322167128501,6,1682.7499612584447,7.646963477910503,81.77148427724472,10.693327425121742,3.587579533111925,6.2264367076768945,159,33,4,True
30,10,5,10,75,196,16.852550159886306,1.6852550159886306,5.775453860224701,26.92215515659732,72.95918367346938,53.24089702022378,-81.32732910479783,1.7663185181800103,6,3303.099831337716,7.76712954558315,188.68429698850292,24.292667694180533,5.340035298556816,8.407056692749036,116,36,44,True
30,10,5,10,90,196,17.123693346758227,1.7123693346758224,6.451943349828122,27.788691669080865,70.91836734693877,55.8941584118984,-77.42182672437306,1.7605280623079371,6,3356.2438959646124,7.994402500849847,192.68671093396978,24.10270322434806,4.9749695404115855,8.804481616195575,90,36,70,True
30,10,5,10,95,196,17.713309001557082,1.771330900155708,7.1137075403138255,28.750712664637312,70.91836734693877,56.725558903557214,-77.42182672437306,1.7867151261831196,6,3471.808564305188,7.951876707146422,201.50193862828178,25.340173904757627,4.942432901779459,8.667948040963743,84,36,76,True
30,10,5,11,45,196,11.325504251127876,1.1325504251127876,2.3259669213727543,19.658540255312932,83.6734693877551,34.537839999077434,-107.63771645711363,1.6444647454574808,6,2219.798833221064,6.553589030071589,114.0216946907243,17.398359001079864,4.980517741114629,11.043384295964412,163,27,6,True
30,10,5,11,75,196,20.604088549483116,2.0604088549483115,10.962105767863548,31.552000852664577,75.51020408163265,55.02430042051515,-85.52489805286564,1.9837294576492868,6,4038.4013556986906,5.239134295521092,246.96087641119865,47.137725906801855,6.663559602675453,13.20318552645678,120,30,46,True
30,10,5,11,90,196,21.427698654561684,2.1427698654561684,9.643534669698072,32.85455152052106,73.46938775510205,58.3869425247682,-80.92097667831788,1.9980841111649512,6,4199.82893629409,5.393383032602276,260.6017250263858,48.318786826576826,5.836859667802513,14.537287665588588,94,30,72,True
30,10,5,11,95,196,21.720503866779946,2.1720503866779945,11.40974554745351,32.57741735940742,73.46938775510205,58.78548295250974,-80.92097667831788,2.011722730724272,6,4257.21875788887,5.364516921071837,265.52569223141916,49.496664124300466,5.791217412400855,14.585787782838347,86,30,80,True
30,10,5,12,45,196,13.300158158541135,1.3300158158541135,3.940302751844156,21.826373568652667,85.20408163265306,35.00480396217199,-111.68866422788477,1.804833012619732,6,2606.8309990740627,5.117342927221783,139.19872939264795,27.201368243698933,5.70638110148891,11.280502377267462,166,23,7,True
30,10,5,12,75,196,23.838914088423643,2.383891408842364,13.458226776218359,34.68054892961728,77.55102040816327,55.79674080389515,-86.56085092865972,2.2267846867795504,7,4672.427161331034,3.3482911185625324,244.17167195697087,72.92426593473662,7.382544657664239,14.836051578711277,123,25,48,True
30,10,5,12,90,196,24.782699524869845,2.4782699524869845,14.03300030084727,36.201899263056376,75.51020408163265,59.24852857074662,-81.48694003325018,2.2418679977256835,7,4857.409106874489,3.95262444316673,257.5044210619642,65.14770749524055,6.626551264288195,16.415797994504352,96,25,75,True
30,10,5,12,95,196,25.115179041601614,2.5115179041601614,13.584608060724976,36.68359058663452,75.51020408163265,59.688839282094094,-81.48694003325018,2.258528639207219,7,4922.575092153917,3.95262444316673,262.2722185893257,66.35394340151392,6.5962011502696365,16.885714299961936,88,25,83,True
30,10,5,13,45,196,13.560981861978718,1.3560981861978718,4.760946851105997,21.678511782640044,85.71428571428571,34.97394628894528,-114.91680469982064,1.8260486643516916,6,2657.9524449478286,4.6705585603329025,142.64746736593784,30.5418432342213,5.422067261980337,10.189756715077595,167,20,9,True
30,10,5,13,75,196,24.15626504807143,2.415626504807143,13.418802109910276,34.48141469347733,78.06122448979592,55.830148099799665,-88.54383046156622,2.243538100359664,7,4734.627949422,3.4668559087475197,248.6217108525882,71.71388641370112,7.254827977736301,15.56078010792474,124,22,50,True
30,10,5,13,90,196,25.09334970185478,2.509334970185478,13.597941092906956,35.75286534713659,76.0204081632653,59.25085189359641,-83.19319979962398,2.2578504916189353,7,4918.296541563537,4.238453014595286,261.9580468570186,61.805108126704575,6.55441063130951,15.866129667868515,96,22,78,True
30,10,5,13,95,196,25.425829218586554,2.542582921858655,13.914990922482486,37.470922343192505,76.0204081632653,59.6882074994986,-83.19319979962398,2.2745166413575397,7,4983.4625268429645,4.238453014595286,266.7604832389596,62.93817162072081,6.537259896840424,16.05735370807215,88,22,86,True
30,10,5,14,45,196,13.477326804500786,1.3477326804500784,4.512788615870836,22.17658635494109,85.71428571428571,34.97394628894528,-115.50239010216617,1.8167907828405725,6,2641.556053682154,4.925030971593903,141.53818601132815,28.738537245283904,5.653287287244946,8.725954130413994,167,18,11,True
30,10,5,14,75,196,23.950476631142585,2.3950476631142585,13.70763984058516,35.544219340294724,78.06122448979592,55.830148099799665,-89.48184278059074,2.220019738299348,7,4694.293419703947,3.3513468921494662,245.73223247872696,73.3234249949938,7.372700887270359,14.548354096587763,124,20,52,True
30,10,5,14,90,196,24.88756128492594,2.488756128492594,13.18745662138909,35.508891395474386,76.0204081632653,59.25085189359641,-84.05138128298682,2.2347973846439846,7,4877.962011845484,3.3802265985875497,259.00415414404483,76.62331106804244,6.530170944657234,14.361077076876077,96,20,80,True
30,10,5,14,95,196,25.220040801657706,2.522004080165771,12.557353228497092,36.103454927356864,76.0204081632653,59.6882074994986,-84.05138128298682,2.2512933696466106,7,4943.1279971249105,3.3802265985875497,263.7836359620291,78.03726415035396,6.521338337309004,14.617924738647627,88,20,88,True
30,15,2,10,45,227,7.215842889694851,0.7215842889694851,0.057012876730046416,14.299810653048025,81.05726872246696,31.37077780486941,-96.14480884035441,1.3962037941003198,6,1637.9963359607314,7.848070282818853,79.22255219931615,10.094526341430925,3.1031857604256055,5.038619861173046,183,37,7,True
30,15,2,10,75,227,14.291445834377459,1.4291445834377459,5.149131396162233,24.22905803132289,72.68722466960352,49.367326674885994,-79.05565640245977,1.6618771471925138,6,3244.158204403683,7.751062012919887,184.28299595676262,23.77519308316587,4.74633338909667,7.554993026964317,134,41,52,True
30,15,2,10,90,227,14.92625790916039,1.492625790916039,4.85465997623008,23.994320519024203,70.92511013215858,52.12675107494966,-75.82039966193162,1.6770906143926967,6,3388.2605453794085,7.974276057553061,195.11357573383427,24.467873237098047,4.56102582931433,8.009414612451694,107,41,79,True
30,15,2,10,95,227,15.574153028835347,1.5574153028835347,5.941739247426151,24.992015514302818,70.92511013215858,53.040242951758444,-75.82039966193162,1.7064806803631847,6,3535.332737545624,7.929932217843922,206.4129744483693,26.02960136076562,4.66757582469912,8.478516501458138,101,41,85,True
30,15,2,11,45,227,9.405415012878196,0.9405415012878195,1.7216271613821221,16.867405057091233,83.25991189427313,32.13813043408389,-103.65993273996065,1.542012498665441,6,2135.0292079233504,6.888453102394254,108.72540175772656,15.783718077420941,4.173015170481186,7.3804858238781765,187,31,9,True
30,15,2,11,75,227,17.29533990380803,1.7295339903808031,7.915051760924878,26.77513091137599,74.8898678414097,51.03386523353195,-83.32833213221065,1.8265847981943593,6,3926.042158164423,5.228231411672719,237.647919240858,45.45474378013902,5.801453766300687,10.659913998375302,138,35,54,True
30,15,2,11,90,227,18.407171872725346,1.8407171872725347,8.420978098458486,28.091345163166547,73.12775330396477,54.40264233361228,-79.54771495526207,1.8611035522307329,6,4178.428015108653,5.379721154409838,258.7755714215838,48.10204172189512,5.298994562871205,11.722608608087903,111,35,81,True
30,15,2,11,95,227,18.7987901344893,1.8798790134489298,9.13682545165967,28.768563296258748,73.12775330396477,54.93816851084372,-79.54771495526207,1.8794237960278286,6,4267.325360529071,5.349621948831847,266.3968815867939,49.797328509347246,5.396632625687135,13.31891521658828,103,35,89,True
30,15,2,12,45,227,10.934120589323124,1.0934120589323124,3.113763296281357,19.103324820994438,84.58149779735683,32.5817872597702,-107.8187937171294,1.6577293221620342,6,2482.045373776349,5.5945360352224744,130.90174492639673,23.3981413476035,4.692304222076283,7.848052068469569,190,27,10,True
30,15,2,12,75,227,19.868052703950514,1.9868052703950514,10.11998007753523,29.506588019308996,76.65198237885463,51.80037488308189,-84.96636350678271,2.001516848407264,7,4510.047963796766,4.239117902365817,232.7121566473081,54.896363348948924,6.35441283266073,11.380276640219275,141,30,56,True
30,15,2,12,90,227,21.083648395105953,2.1083648395105956,10.523058779691533,31.003588228834392,74.8898678414097,55.246477248726556,-80.80549029113095,2.039096535514795,7,4785.9881856890515,3.965299368220155,252.321472187655,63.63238907253319,5.926827215919154,12.58953342400004,113,30,84,True
30,15,2,12,95,227,21.509522884555583,2.1509522884555583,12.286307617359858,32.22940631705683,74.8898678414097,55.81514494934459,-80.80549029113095,2.060085536007422,7,4882.6616947941175,4.2159231656527,259.3476043434635,61.51620751924019,6.024042027403575,14.485677537461436,105,30,92,True
30,15,2,13,45,227,11.420650791254738,1.1420650791254738,3.7313581625665146,18.702925679213422,85.02202643171806,32.56748118516043,-108.6187099741511,1.70199359874983,6,2592.4877296148256,5.269835168419005,138.23630498863272,26.231618365798866,4.685686912245854,8.209826502796368,191,23,13,True
30,15,2,13,75,227,20.359320096266273,2.0359320096266273,10.152152115295317,29.888101456041092,77.09251101321586,51.8524187813345,-85.62706970925176,2.0379458625609,7,4621.5656618524445,3.7240508874658733,240.55776641624286,64.59572483982264,6.394081330987338,12.525190424033731,142,26,59,True
30,15,2,13,90,227,21.569130089615907,2.156913008961591,11.90232008256214,31.73930879980615,75.33039647577093,55.27190547344375,-81.3447018860013,2.074833485688311,7,4896.192530342811,4.238453014595286,260.3375056530854,61.42276551293657,5.975885370705328,13.102397919983591,113,26,88,True
30,15,2,13,95,227,21.995004579065533,2.1995004579065536,11.507112627766617,32.14291789739041,75.33039647577093,55.83724763195291,-81.3447018860013,2.0960556749958554,7,4992.866039447876,4.238453014595286,267.45654486455663,63.102397016920825,6.064437316968099,14.259698343142702,105,26,96,True
30,15,2,14,45,227,11.21620853898304,1.121620853898304,2.749771414374324,18.504620242691587,85.02202643171806,32.56748118516043,-109.98366265843568,1.6808710004011693,6,2546.07933834915,5.641366190100235,135.1379057572959,23.954818957585662,4.754043764819569,7.022576432813414,191,21,15,True
30,15,2,14,75,227,20.005353004997314,2.0005353004997315,10.25795285665887,29.522414752069256,77.09251101321586,51.8524187813345,-87.17227220382973,2.0018215428542767,7,4541.21513213439,4.021152151457214,234.89407067108564,58.414618950930034,6.366354389800569,11.515030367355816,142,24,61,True
30,15,2,14,90,227,21.215162998346944,2.121516299834694,10.161366329727647,30.640481042406368,75.33039647577093,55.27190547344375,-82.7795327738237,2.038870064869207,7,4815.842000624756,3.874467701714969,254.48253781225327,65.68193553390851,5.861780310405254,11.81766518718638,113,24,90,True
30,15,2,14,95,227,21.64103748779657,2.164103748779657,11.817722542908252,31.705303324603175,75.33039647577093,55.83724763195291,-82.7795327738237,2.0597244065735416,7,4912.515509729821,3.9253357153099766,261.5338025353743,66.62711714448136,5.957103910135497,12.818647823828615,105,24,98,True
30,15,3,10,45,216,7.766790936717256,0.7766790936717256,0.08310841642335504,14.446062466516263,81.01851851851852,32.05682795080299,-95.91019631852672,1.426625420782566,6,1677.6268423309273,8.679760543592764,81.47862825117893,9.387197704587015,3.2973859218554553,5.3026683142953175,174,35,7,True
30,15,3,10,75,216,15.18486109578486,1.518486109578486,5.677614940496698,24.111726576257112,72.68518518518519,50.6229566742371,-79.11651188416432,1.7026603235945055,6,3279.92999668953,7.7389343731912055,186.9494248771637,24.156998349124617,4.979309355207653,7.837978829120799,128,39,49,True
30,15,3,10,90,216,15.73323104669064,1.573323104669064,6.1952680193687675,26.62703117794531,70.83333333333334,53.39181560775068,-75.72333145874089,1.7123630908287224,6,3398.3779060851784,7.958395342723387,195.88291654921136,24.61336841330876,4.719935950483028,8.21404621249965,102,39,75,True
30,15,3,10,95,216,16.370343310241168,1.6370343310241169,6.575560333279594,26.172782124554704,70.83333333333334,54.29126821511613,-75.72333145874089,1.741210011078025,6,3535.9941550120925,7.9142274589025465,206.46435327966265,26.087745689873405,4.8034337545735015,8.39976794335502,96,39,81,True
30,15,3,11,45,216,10.160498677284934,1.0160498677284935,2.845036686021103,17.623639170382166,83.33333333333334,32.84349126298004,-103.25446425119056,1.5904150731478588,6,2194.667714293546,7.665059417375962,112.44341911316033,14.669608282260903,4.483848986758472,8.113752383102376,178,29,9,True
30,15,3,11,75,216,18.434360881714216,1.8434360881714216,8.787390968722042,28.2739343635871,75.0,52.333039420984356,-83.2616747360962,1.8856108619070293,6,3981.821950450271,5.619322281546595,242.25269057888985,43.11065969190418,6.14049078891447,11.38101511176678,132,33,51,True
30,15,3,11,90,216,19.484043406548253,1.9484043406548253,9.187166492576972,30.54327854622367,73.14814814814815,55.74290817910504,-79.2901054566237,1.9151364433478255,6,4208.553375814423,5.368941586887168,261.34774687558087,48.67770353730118,5.512298311199545,12.601509597142185,106,33,77,True
30,15,3,11,95,216,19.851827675905284,1.9851827675905285,9.495176320464836,30.59889503111478,73.14814814814815,56.24570186379567,-79.2901054566237,1.9324107216460127,6,4287.994777995541,5.338962546393293,268.1823733847932,50.23117713495899,5.58952708977053,13.447621929169928,98,33,85,True
30,15,3,12,45,216,11.859684630308081,1.185968463030808,4.224513789815222,19.5097431258077,84.72222222222221,33.297403984537866,-107.02221360678436,1.7253356481330198,6,2561.6918801465454,6.344172818356294,136.17760384421538,21.464989643755874,5.083788187786461,8.28095730946696,181,25,10,True
30,15,3,12,75,216,21.230721092975067,2.1230721092975067,10.975572936079796,30.653042737960416,76.85185185185185,53.10518389250172,-84.59249540145343,2.084218105712442,7,4585.835756082614,4.003452027564255,238.03238393438573,59.45678436896552,6.764210205773711,12.489550590239846,135,28,53,True
30,15,3,12,90,216,22.389451603679728,2.238945160367973,12.85563701349144,32.652480331813095,75.0,56.59532097038565,-80.228156496438,2.1162889729205627,7,4836.121546394821,3.95262444316673,255.95495981950802,64.7556992827895,6.201857805934084,13.816959137999628,108,28,80,True
30,15,3,12,95,216,22.79323663083605,2.2793236630836047,13.056090227494856,33.26485221660332,75.0,57.13370100659409,-80.228156496438,2.1364208091630794,7,4923.339112260586,3.95262444316673,262.32833700351415,66.3681411617604,6.307328435200884,15.221346040516137,100,28,88,True
30,15,3,13,45,216,12.463621462893617,1.2463621462893617,4.267192529461398,20.610598284423055,85.18518518518519,33.27850893494845,-107.22198150142165,1.7846287085583887,6,2692.142235985021,6.006210588746751,144.97013552981758,24.13670539648309,5.044371181648102,7.621886834843783,182,21,13,True
30,15,3,13,75,216,21.83963636175135,2.183963636175135,11.948885352564874,31.774543371608914,77.31481481481481,53.151907684027385,-84.8776965121282,2.134251831678299,7,4717.361454138291,4.053373770298921,247.38305045437627,61.031393716285066,6.791087717564009,12.698509469164202,136,24,56,True
30,15,3,13,90,216,22.992286532632313,2.2992286532632313,12.547005360945457,33.6753329994366,75.46296296296296,56.6137220912751,-80.40948697791059,2.165340267180092,7,4966.33389104858,4.238453014595286,265.49458471447286,62.639501676727676,6.249399802610277,13.168083685656734,108,24,84,True
30,15,3,13,95,216,23.396071559788634,2.339607155978863,12.905328969303454,33.48374933209708,75.46296296296296,57.14879918247611,-80.40948697791059,2.1858056937379002,7,5053.551456914345,4.238453014595286,271.9671914460738,64.16661704389401,6.344820216455368,14.450596423116526,100,24,92,True
30,15,3,14,45,216,12.341397429256235,1.2341397429256236,3.6727400554003733,20.288952658628368,85.18518518518519,33.27850893494845,-108.046993728474,1.771001855515079,6,2665.741844719347,6.382812512819544,143.17549578369992,22.431411779076928,5.187592573148311,6.589413746329079,182,19,15,True
30,15,3,14,75,216,21.56027279824184,2.1560272798241837,10.306997840747584,31.966363327759023,77.31481481481481,53.151907684027385,-86.10917671045584,2.1037290817303576,7,4657.018924420237,4.354016753223339,243.0744955557476,55.82764360651487,6.836007993507408,11.77668794525575,136,22,58,True
30,15,3,14,90,216,22.712922969122808,2.2712922969122804,11.892280074783484,32.449580340864095,75.46296296296296,56.6137220912751,-81.54802527447762,2.1351087218914677,7,4905.991361330526,4.207846757448286,261.0553745065991,62.04013348264321,6.1843084875716166,11.99427828466044,108,22,86,True
30,15,3,14,95,216,23.11670799627913,2.3116707996279127,12.713455940373102,34.10142331280093,75.46296296296296,57.14879918247611,-81.54802527447762,2.1552884190056356,7,4993.208927196291,4.147366607575094,267.4819405353197,64.49440472582495,6.288572297571717,13.101098314582977,100,22,94,True
30,15,4,10,45,205,7.510969289488813,0.7510969289488812,-1.3214274590230568,15.737213277995878,80.48780487804879,32.98017681369348,-97.54951174785545,1.3946069736169275,6,1539.7487043452065,9.012470068159214,73.700739143938,8.177640379003364,3.119663630425242,5.144902499980472,164,35,6,True
30,15,4,10,75,205,15.002893685660279,1.500289368566028,5.537365007177874,25.804145170998954,72.1951219512195,52.1014948992123,-81.32329893900112,1.6634971310819449,6,3075.593205560357,7.7389343731912055,171.91403949634446,22.214174614515365,4.759238408316323,7.464805489334899,120,39,46,True
30,15,4,10,90,205,15.359027825933792,1.5359027825933793,5.495022478590678,25.754065092423392,70.24390243902438,54.7689196151005,-77.67415934849254,1.664524797200726,6,3148.6007043164273,7.958395342723387,177.2315864883891,22.269764048658068,4.489990486903162,7.861480641052599,94,39,72,True
30,15,4,10,95,205,15.955272037563537,1.595527203756354,5.772876323719376,25.735573464054543,70.24390243902438,55.617739499712286,-77.67415934849254,1.6903219419357818,6,3270.830767700525,7.9142274589025465,186.2697842157018,23.536066556461034,4.539357563617399,8.016399921671066,88,39,78,True
30,15,4,11,45,205,10.033119884428414,1.0033119884428414,1.492868221677505,18.266240815077484,82.92682926829268,33.78595711885475,-105.33780382564235,1.5578758463885178,6,2056.789576307825,7.972491639574093,103.90600160298953,13.033064981494343,4.334780146393494,8.104550057178074,168,29,8,True
30,15,4,11,75,205,18.42675687473706,1.842675687473706,8.104673981534864,28.469784048963483,74.63414634146342,53.86385250606315,-85.840082194357,1.846270687475356,6,3777.485159321097,6.052437415690263,225.56209491002778,37.26797642306609,5.943344715694434,10.91714587189842,124,33,48,True
30,15,4,11,90,205,19.311103288027663,1.9311103288027665,8.81936497688517,30.346233985550914,72.6829268292683,57.2158129455518,-81.54249919359901,1.8669397231932805,6,3958.776174045671,5.368941586887168,240.34576631029134,44.765949195144856,5.294637082559977,12.111918358060286,98,33,74,True
30,15,4,11,95,205,19.623567759434017,1.9623567759434017,8.543825246723584,30.387943190670445,72.6829268292683,57.64571372835918,-81.54249919359901,1.8809672936696238,6,4022.8313906839735,5.338962546393293,245.66147893196143,46.012961656364624,5.3329600069675696,12.874224049689792,90,33,82,True
30,15,4,12,45,205,11.823481669077193,1.1823481669077194,3.744850727453898,19.480811003825412,84.39024390243902,34.24976423144121,-109.41860843370333,1.6922422111447257,6,2423.8137421608244,6.637034244955689,127.08857976782623,19.148398980224744,4.956356050819046,8.343105511573013,171,25,9,True
30,15,4,12,75,205,21.373165682699707,2.1373165682699704,10.82132707648431,31.488810155782193,76.58536585365854,54.64125842919417,-87.4412210089592,2.0439152997094743,7,4381.49896495344,4.368787406299254,223.80106636019877,51.227273278966415,6.578704573629821,12.084909095412801,127,28,50,True
30,15,4,12,90,205,22.37241143720034,2.237241143720034,11.108560250094511,33.728759443307624,74.63414634146342,58.079860351575775,-82.68989017625042,2.066622890855881,7,4586.34434462607,3.95262444316673,238.06825356794005,60.23042588311439,5.998165803225982,13.344222044606461,100,28,77,True
30,15,4,12,95,205,22.722808414385455,2.2722808414385454,11.687591978035526,33.23804267384519,74.63414634146342,58.54934649747739,-82.68989017625042,2.083328351409449,7,4658.175724949018,3.95262444316673,243.15679669868518,61.517809292267316,6.062326583063045,14.623908384944977,92,28,85,True
30,15,4,13,45,205,12.45982486828927,1.245982486828927,3.6806434704447213,20.727962791541792,84.8780487804878,34.22430992470929,-109.70212351290694,1.7510849692421806,6,2554.2640979993002,6.292849930405535,135.6826244094447,21.56139521997163,4.9237546099641545,7.621013958156871,172,21,12,True
30,15,4,13,75,205,22.01475445370301,2.201475445370301,11.960291230108703,32.72500691770306,77.07317073170732,54.680921711777025,-87.79916952024789,2.0936527288959765,7,4513.024663009117,4.41376761592095,232.92018474110367,52.771284084131366,6.606504577775998,12.265536241999634,128,24,53,True
30,15,4,13,90,205,23.007593606243066,2.3007593606243066,12.01576478862124,33.2693625427722,75.1219512195122,58.089696996535466,-82.9266009448359,2.1152212035422675,7,4716.556689279829,4.33469521033835,247.32538143299206,57.05715613940173,6.048285460172676,12.717005637497268,100,24,81,True
30,15,4,13,95,205,23.357990583428183,2.3357990583428183,13.090367772764473,34.06043990176684,75.1219512195122,58.55613453110005,-82.9266009448359,2.1322056020544142,7,4788.388069602777,4.29862485359894,252.49490925575353,58.738531008203026,6.103528706743818,13.894551862902562,92,24,89,True
30,15,4,14,45,205,12.331042471871346,1.2331042471871345,3.363796117120788,21.191784184975386,84.8780487804878,34.22430992470929,-110.55374903760612,1.7375958866130925,6,2527.863706733626,6.672530144035724,133.92825603571941,20.071585012685464,5.064605381426744,6.569016620002094,172,19,14,True
30,15,4,14,75,205,21.720400650200308,2.1720400650200307,11.3714927712818,32.56475400144375,77.07317073170732,54.680921711777025,-89.08305313127029,2.0634785674666314,7,4452.682133291063,4.718343489587451,228.71799813305324,48.4742152914033,6.645922481680532,11.351570450138167,128,22,55,True
30,15,4,14,90,205,22.713239802740365,2.2713239802740364,11.313888487457339,34.57721329734315,75.1219512195122,58.089696996535466,-84.10978780205262,2.0854660229201585,7,4656.214159561775,4.635574366290409,243.01724699051252,52.42440909970465,5.979741521003757,11.561348478124527,100,22,83,True
30,15,4,14,95,205,23.06363677992548,2.306363677992548,12.080655458856453,34.040521604868886,75.1219512195122,58.55613453110005,-84.10978780205262,2.102211498976043,7,4728.045539884723,4.600007815558292,248.14919838242747,53.94538625415579,6.044292245883173,12.571880818528646,92,22,91,True
30,15,5,10,45,196,8.585458986012473,0.8585458986012472,0.3445840914743292,16.27965640422045,81.12244897959184,33.72529700567809,-99.44789899038838,1.457322167128501,6,1682.7499612584447,7.646963477910503,81.77148427724472,10.693327425121742,3.587579533111925,6.2264367076768945,159,33,4,True
30,15,5,10,75,196,16.852550159886306,1.6852550159886306,6.993963901668026,27.943152002871994,72.95918367346938,53.24089702022378,-81.32732910479783,1.7663185181800103,6,3303.099831337716,7.76712954558315,188.68429698850292,24.292667694180533,5.340035298556816,8.407056692749036,116,36,44,True
30,15,5,10,90,196,17.123693346758227,1.7123693346758224,7.038000360885703,28.559920433923473,70.91836734693877,55.8941584118984,-77.42182672437306,1.7605280623079371,6,3356.2438959646124,7.994402500849847,192.68671093396978,24.10270322434806,4.9749695404115855,8.804481616195575,90,36,70,True
30,15,5,10,95,196,17.713309001557082,1.771330900155708,6.512413736287159,27.926502903361037,70.91836734693877,56.725558903557214,-77.42182672437306,1.7867151261831196,6,3471.808564305188,7.951876707146422,201.50193862828178,25.340173904757627,4.942432901779459,8.667948040963743,84,36,76,True
30,15,5,11,45,196,11.325504251127876,1.1325504251127876,3.2264687613065877,19.69101892069896,83.6734693877551,34.537839999077434,-107.63771645711363,1.6444647454574808,6,2219.798833221064,6.553589030071589,114.0216946907243,17.398359001079864,4.980517741114629,11.043384295964412,163,27,6,True
30,15,5,11,75,196,20.604088549483116,2.0604088549483115,9.171132008477183,31.259771003345605,75.51020408163265,55.02430042051515,-85.52489805286564,1.9837294576492868,6,4038.4013556986906,5.239134295521092,246.96087641119865,47.137725906801855,6.663559602675453,13.20318552645678,120,30,46,True
30,15,5,11,90,196,21.427698654561684,2.1427698654561684,10.791964686305365,31.852984635833916,73.46938775510205,58.3869425247682,-80.92097667831788,1.9980841111649512,6,4199.82893629409,5.393383032602276,260.6017250263858,48.318786826576826,5.836859667802513,14.537287665588588,94,30,72,True
30,15,5,11,95,196,21.720503866779946,2.1720503866779945,9.350044928039871,32.0869983410686,73.46938775510205,58.78548295250974,-80.92097667831788,2.011722730724272,6,4257.21875788887,5.364516921071837,265.52569223141916,49.496664124300466,5.791217412400855,14.585787782838347,86,30,80,True
30,15,5,12,45,196,13.300158158541135,1.3300158158541135,4.040023224697303,21.618787734075585,85.20408163265306,35.00480396217199,-111.68866422788477,1.804833012619732,6,2606.8309990740627,5.117342927221783,139.19872939264795,27.201368243698933,5.70638110148891,11.280502377267462,166,23,7,True
30,15,5,12,75,196,23.838914088423643,2.383891408842364,13.151562224963548,34.24871498400378,77.55102040816327,55.79674080389515,-86.56085092865972,2.2267846867795504,7,4672.427161331034,3.3482911185625324,244.17167195697087,72.92426593473662,7.382544657664239,14.836051578711277,123,25,48,True
30,15,5,12,90,196,24.782699524869845,2.4782699524869845,12.456844444302012,35.80533547020262,75.51020408163265,59.24852857074662,-81.48694003325018,2.2418679977256835,7,4857.409106874489,3.95262444316673,257.5044210619642,65.14770749524055,6.626551264288195,16.415797994504352,96,25,75,True
30,15,5,12,95,196,25.115179041601614,2.5115179041601614,13.61280152780884,36.35453445991057,75.51020408163265,59.688839282094094,-81.48694003325018,2.258528639207219,7,4922.575092153917,3.95262444316673,262.2722185893257,66.35394340151392,6.5962011502696365,16.885714299961936,88,25,83,True
30,15,5,13,45,196,13.560981861978718,1.3560981861978718,5.325416378378519,22.126975902634396,85.71428571428571,34.97394628894528,-114.91680469982064,1.8260486643516916,6,2657.9524449478286,4.6705585603329025,142.64746736593784,30.5418432342213,5.422067261980337,10.189756715077595,167,20,9,True
30,15,5,13,75,196,24.15626504807143,2.415626504807143,13.829641726616922,35.3936824594994,78.06122448979592,55.830148099799665,-88.54383046156622,2.243538100359664,7,4734.627949422,3.4668559087475197,248.6217108525882,71.71388641370112,7.254827977736301,15.56078010792474,124,22,50,True
30,15,5,13,90,196,25.09334970185478,2.509334970185478,14.008919714849098,35.58874136478027,76.0204081632653,59.25085189359641,-83.19319979962398,2.2578504916189353,7,4918.296541563537,4.238453014595286,261.9580468570186,61.805108126704575,6.55441063130951,15.866129667868515,96,22,78,True
30,15,5,13,95,196,25.425829218586554,2.542582921858655,14.05309019893401,36.51619538881678,76.0204081632653,59.6882074994986,-83.19319979962398,2.2745166413575397,7,4983.4625268429645,4.238453014595286,266.7604832389596,62.93817162072081,6.537259896840424,16.05735370807215,88,22,86,True
30,15,5,14,45,196,13.477326804500786,1.3477326804500784,4.813429374895972,21.735472674016016,85.71428571428571,34.97394628894528,-115.50239010216617,1.8167907828405725,6,2641.556053682154,4.925030971593903,141.53818601132815,28.738537245283904,5.653287287244946,8.725954130413994,167,18,11,True
30,15,5,14,75,196,23.950476631142585,2.3950476631142585,13.169363625748103,34.86116139446425,78.06122448979592,55.830148099799665,-89.48184278059074,2.220019738299348,7,4694.293419703947,3.3513468921494662,245.73223247872696,73.3234249949938,7.372700887270359,14.548354096587763,124,20,52,True
30,15,5,14,90,196,24.88756128492594,2.488756128492594,13.167792966163084,35.56129871905891,76.0204081632653,59.25085189359641,-84.05138128298682,2.2347973846439846,7,4877.962011845484,3.3802265985875497,259.00415414404483,76.62331106804244,6.530170944657234,14.361077076876077,96,20,80,True
30,15,5,14,95,196,25.220040801657706,2.522004080165771,13.820333097903854,35.946430033045864,76.0204081632653,59.6882074994986,-84.05138128298682,2.2512933696466106,7,4943.1279971249105,3.3802265985875497,263.7836359620291,78.03726415035396,6.521338337309004,14.617924738647627,88,20,88,True
30,20,2,10,45,227,7.215842889694851,0.7215842889694851,-0.9751459822489352,14.634836754863429,81.05726872246696,31.37077780486941,-96.14480884035441,1.3962037941003198,6,1637.9963359607314,7.848070282818853,79.22255219931615,10.094526341430925,3.1031857604256055,5.038619861173046,183,37,7,True
30,20,2,10,75,227,14.291445834377459,1.4291445834377459,5.114567374083074,23.603055136212586,72.68722466960352,49.367326674885994,-79.05565640245977,1.6618771471925138,6,3244.158204403683,7.751062012919887,184.28299595676262,23.77519308316587,4.74633338909667,7.554993026964317,134,41,52,True
30,20,2,10,90,227,14.92625790916039,1.492625790916039,4.980257651987772,24.45393016936984,70.92511013215858,52.12675107494966,-75.82039966193162,1.6770906143926967,6,3388.2605453794085,7.974276057553061,195.11357573383427,24.467873237098047,4.56102582931433,8.009414612451694,107,41,79,True
30,20,2,10,95,227,15.574153028835347,1.5574153028835347,6.7507007994496275,25.223587451305416,70.92511013215858,53.040242951758444,-75.82039966193162,1.7064806803631847,6,3535.332737545624,7.929932217843922,206.4129744483693,26.02960136076562,4.66757582469912,8.478516501458138,101,41,85,True
30,20,2,11,45,227,9.405415012878196,0.9405415012878195,1.8939075687529483,16.539829492467884,83.25991189427313,32.13813043408389,-103.65993273996065,1.542012498665441,6,2135.0292079233504,6.888453102394254,108.72540175772656,15.783718077420941,4.173015170481186,7.3804858238781765,187,31,9,True
30,20,2,11,75,227,17.29533990380803,1.7295339903808031,8.072097120036853,26.57296207724135,74.8898678414097,51.03386523353195,-83.32833213221065,1.8265847981943593,6,3926.042158164423,5.228231411672719,237.647919240858,45.45474378013902,5.801453766300687,10.659913998375302,138,35,54,True
30,20,2,11,90,227,18.407171872725346,1.8407171872725347,8.394958902844525,28.81325840368392,73.12775330396477,54.40264233361228,-79.54771495526207,1.8611035522307329,6,4178.428015108653,5.379721154409838,258.7755714215838,48.10204172189512,5.298994562871205,11.722608608087903,111,35,81,True
30,20,2,11,95,227,18.7987901344893,1.8798790134489298,9.239841481686039,29.225270687200595,73.12775330396477,54.93816851084372,-79.54771495526207,1.8794237960278286,6,4267.325360529071,5.349621948831847,266.3968815867939,49.797328509347246,5.396632625687135,13.31891521658828,103,35,89,True
30,20,2,12,45,227,10.934120589323124,1.0934120589323124,3.5604132763576715,17.932751071040688,84.58149779735683,32.5817872597702,-107.8187937171294,1.6577293221620342,6,2482.045373776349,5.5945360352224744,130.90174492639673,23.3981413476035,4.692304222076283,7.848052068469569,190,27,10,True
30,20,2,12,75,227,19.868052703950514,1.9868052703950514,9.510820252472408,29.12715610988463,76.65198237885463,51.80037488308189,-84.96636350678271,2.001516848407264,7,4510.047963796766,4.239117902365817,232.7121566473081,54.896363348948924,6.35441283266073,11.380276640219275,141,30,56,True
30,20,2,12,90,227,21.083648395105953,2.1083648395105956,11.283207677218067,31.808070449706925,74.8898678414097,55.246477248726556,-80.80549029113095,2.039096535514795,7,4785.9881856890515,3.965299368220155,252.321472187655,63.63238907253319,5.926827215919154,12.58953342400004,113,30,84,True
30,20,2,12,95,227,21.509522884555583,2.1509522884555583,10.690115929636605,32.276287359778586,74.8898678414097,55.81514494934459,-80.80549029113095,2.060085536007422,7,4882.6616947941175,4.2159231656527,259.3476043434635,61.51620751924019,6.024042027403575,14.485677537461436,105,30,92,True
30,20,2,13,45,227,11.420650791254738,1.1420650791254738,3.57627970436753,18.757293380362537,85.02202643171806,32.56748118516043,-108.6187099741511,1.70199359874983,6,2592.4877296148256,5.269835168419005,138.23630498863272,26.231618365798866,4.685686912245854,8.209826502796368,191,23,13,True
30,20,2,13,75,227,20.359320096266273,2.0359320096266273,10.610942951381798,30.30662325354112,77.09251101321586,51.8524187813345,-85.62706970925176,2.0379458625609,7,4621.5656618524445,3.7240508874658733,240.55776641624286,64.59572483982264,6.394081330987338,12.525190424033731,142,26,59,True
30,20,2,13,90,227,21.569130089615907,2.156913008961591,11.467502534647545,31.372422886352993,75.33039647577093,55.27190547344375,-81.3447018860013,2.074833485688311,7,4896.192530342811,4.238453014595286,260.3375056530854,61.42276551293657,5.975885370705328,13.102397919983591,113,26,88,True
30,20,2,13,95,227,21.995004579065533,2.1995004579065536,11.789435449551961,32.83793937593825,75.33039647577093,55.83724763195291,-81.3447018860013,2.0960556749958554,7,4992.866039447876,4.238453014595286,267.45654486455663,63.102397016920825,6.064437316968099,14.259698343142702,105,26,96,True
30,20,2,14,45,227,11.21620853898304,1.121620853898304,3.114850369860231,18.59629177460038,85.02202643171806,32.56748118516043,-109.98366265843568,1.6808710004011693,6,2546.07933834915,5.641366190100235,135.1379057572959,23.954818957585662,4.754043764819569,7.022576432813414,191,21,15,True
30,20,2,14,75,227,20.005353004997314,2.0005353004997315,10.975266415527367,30.13547870010641,77.09251101321586,51.8524187813345,-87.17227220382973,2.0018215428542767,7,4541.21513213439,4.021152151457214,234.89407067108564,58.414618950930034,6.366354389800569,11.515030367355816,142,24,61,True
30,20,2,14,90,227,21.215162998346944,2.121516299834694,11.119247381713235,31.599716188915792,75.33039647577093,55.27190547344375,-82.7795327738237,2.038870064869207,7,4815.842000624756,3.874467701714969,254.48253781225327,65.68193553390851,5.861780310405254,11.81766518718638,113,24,90,True
30,20,2,14,95,227,21.64103748779657,2.164103748779657,10.613311741096133,31.70314815895125,75.33039647577093,55.83724763195291,-82.7795327738237,2.0597244065735416,7,4912.515509729821,3.9253357153099766,261.5338025353743,66.62711714448136,5.957103910135497,12.818647823828615,105,24,98,True
30,20,3,10,45,216,7.766790936717256,0.7766790936717256,0.7215142425990821,15.021804289892213,81.01851851851852,32.05682795080299,-95.91019631852672,1.426625420782566,6,1677.6268423309273,8.679760543592764,81.47862825117893,9.387197704587015,3.2973859218554553,5.3026683142953175,174,35,7,True
30,20,3,10,75,216,15.18486109578486,1.518486109578486,5.654848605080376,25.01897899712697,72.68518518518519,50.6229566742371,-79.11651188416432,1.7026603235945055,6,3279.92999668953,7.7389343731912055,186.9494248771637,24.156998349124617,4.979309355207653,7.837978829120799,128,39,49,True
30,20,3,10,90,216,15.73323104669064,1.573323104669064,6.021165253598363,25.417749529909205,70.83333333333334,53.39181560775068,-75.72333145874089,1.7123630908287224,6,3398.3779060851784,7.958395342723387,195.88291654921136,24.61336841330876,4.719935950483028,8.21404621249965,102,39,75,True
30,20,3,10,95,216,16.370343310241168,1.6370343310241169,6.684760408531365,25.666306352754717,70.83333333333334,54.29126821511613,-75.72333145874089,1.741210011078025,6,3535.9941550120925,7.9142274589025465,206.46435327966265,26.087745689873405,4.8034337545735015,8.39976794335502,96,39,81,True
30,20,3,11,45,216,10.160498677284934,1.0160498677284935,2.2082879118704493,17.982327672488946,83.33333333333334,32.84349126298004,-103.25446425119056,1.5904150731478588,6,2194.667714293546,7.665059417375962,112.44341911316033,14.669608282260903,4.483848986758472,8.113752383102376,178,29,9,True
30,20,3,11,75,216,18.434360881714216,1.8434360881714216,8.849667224373684,28.10343410446853,75.0,52.333039420984356,-83.2616747360962,1.8856108619070293,6,3981.821950450271,5.619322281546595,242.25269057888985,43.11065969190418,6.14049078891447,11.38101511176678,132,33,51,True
30,20,3,11,90,216,19.484043406548253,1.9484043406548253,9.458104212317496,29.636612583847064,73.14814814814815,55.74290817910504,-79.2901054566237,1.9151364433478255,6,4208.553375814423,5.368941586887168,261.34774687558087,48.67770353730118,5.512298311199545,12.601509597142185,106,33,77,True
30,20,3,11,95,216,19.851827675905284,1.9851827675905285,9.454932288388925,29.880703781008656,73.14814814814815,56.24570186379567,-79.2901054566237,1.9324107216460127,6,4287.994777995541,5.338962546393293,268.1823733847932,50.23117713495899,5.58952708977053,13.447621929169928,98,33,85,True
30,20,3,12,45,216,11.859684630308081,1.185968463030808,3.6885746546191744,19.703085419171856,84.72222222222221,33.297403984537866,-107.02221360678436,1.7253356481330198,6,2561.6918801465454,6.344172818356294,136.17760384421538,21.464989643755874,5.083788187786461,8.28095730946696,181,25,10,True
30,20,3,12,75,216,21.230721092975067,2.1230721092975067,11.903407537031773,29.90530098093942,76.85185185185185,53.10518389250172,-84.59249540145343,2.084218105712442,7,4585.835756082614,4.003452027564255,238.03238393438573,59.45678436896552,6.764210205773711,12.489550590239846,135,28,53,True
30,20,3,12,90,216,22.389451603679728,2.238945160367973,11.582542648720144,32.982927522904575,75.0,56.59532097038565,-80.228156496438,2.1162889729205627,7,4836.121546394821,3.95262444316673,255.95495981950802,64.7556992827895,6.201857805934084,13.816959137999628,108,28,80,True
30,20,3,12,95,216,22.79323663083605,2.2793236630836047,11.99137530847348,33.2332012692071,75.0,57.13370100659409,-80.228156496438,2.1364208091630794,7,4923.339112260586,3.95262444316673,262.32833700351415,66.3681411617604,6.307328435200884,15.221346040516137,100,28,88,True
30,20,3,13,45,216,12.463621462893617,1.2463621462893617,4.768334760672147,20.82161084086474,85.18518518518519,33.27850893494845,-107.22198150142165,1.7846287085583887,6,2692.142235985021,6.006210588746751,144.97013552981758,24.13670539648309,5.044371181648102,7.621886834843783,182,21,13,True
30,20,3,13,75,216,21.83963636175135,2.183963636175135,11.180598497661828,31.585116955367404,77.31481481481481,53.151907684027385,-84.8776965121282,2.134251831678299,7,4717.361454138291,4.053373770298921,247.38305045437627,61.031393716285066,6.791087717564009,12.698509469164202,136,24,56,True
30,20,3,13,90,216,22.992286532632313,2.2992286532632313,13.040465828090735,32.95311330624788,75.46296296296296,56.6137220912751,-80.40948697791059,2.165340267180092,7,4966.33389104858,4.238453014595286,265.49458471447286,62.639501676727676,6.249399802610277,13.168083685656734,108,24,84,True
30,20,3,13,95,216,23.396071559788634,2.339607155978863,13.876578916536568,33.71853665773823,75.46296296296296,57.14879918247611,-80.40948697791059,2.1858056937379002,7,5053.551456914345,4.238453014595286,271.9671914460738,64.16661704389401,6.344820216455368,14.450596423116526,100,24,92,True
30,20,3,14,45,216,12.341397429256235,1.2341397429256236,3.8054904719142053,19.670770709383294,85.18518518518519,33.27850893494845,-108.046993728474,1.771001855515079,6,2665.741844719347,6.382812512819544,143.17549578369992,22.431411779076928,5.187592573148311,6.589413746329079,182,19,15,True
30,20,3,14,75,216,21.56027279824184,2.1560272798241837,12.128981417021311,31.56772182638112,77.31481481481481,53.151907684027385,-86.10917671045584,2.1037290817303576,7,4657.018924420237,4.354016753223339,243.0744955557476,55.82764360651487,6.836007993507408,11.77668794525575,136,22,58,True
30,20,3,14,90,216,22.712922969122808,2.2712922969122804,11.849535552792867,32.96652350312824,75.46296296296296,56.6137220912751,-81.54802527447762,2.1351087218914677,7,4905.991361330526,4.207846757448286,261.0553745065991,62.04013348264321,6.1843084875716166,11.99427828466044,108,22,86,True
30,20,3,14,95,216,23.11670799627913,2.3116707996279127,12.711155785287612,33.497943325777875,75.46296296296296,57.14879918247611,-81.54802527447762,2.1552884190056356,7,4993.208927196291,4.147366607575094,267.4819405353197,64.49440472582495,6.288572297571717,13.101098314582977,100,22,94,True
30,20,4,10,45,205,7.510969289488813,0.7510969289488812,-0.9234967160242026,15.51999863676909,80.48780487804879,32.98017681369348,-97.54951174785545,1.3946069736169275,6,1539.7487043452065,9.012470068159214,73.700739143938,8.177640379003364,3.119663630425242,5.144902499980472,164,35,6,True
30,20,4,10,75,205,15.002893685660279,1.500289368566028,4.620361990798544,24.018559908246395,72.1951219512195,52.1014948992123,-81.32329893900112,1.6634971310819449,6,3075.593205560357,7.7389343731912055,171.91403949634446,22.214174614515365,4.759238408316323,7.464805489334899,120,39,46,True
30,20,4,10,90,205,15.359027825933792,1.5359027825933793,5.147398163352824,25.28831478883504,70.24390243902438,54.7689196151005,-77.67415934849254,1.664524797200726,6,3148.6007043164273,7.958395342723387,177.2315864883891,22.269764048658068,4.489990486903162,7.861480641052599,94,39,72,True
30,20,4,10,95,205,15.955272037563537,1.595527203756354,4.5935029213606065,26.42210300781254,70.24390243902438,55.617739499712286,-77.67415934849254,1.6903219419357818,6,3270.830767700525,7.9142274589025465,186.2697842157018,23.536066556461034,4.539357563617399,8.016399921671066,88,39,78,True
30,20,4,11,45,205,10.033119884428414,1.0033119884428414,1.6945637340172943,17.95964690985206,82.92682926829268,33.78595711885475,-105.33780382564235,1.5578758463885178,6,2056.789576307825,7.972491639574093,103.90600160298953,13.033064981494343,4.334780146393494,8.104550057178074,168,29,8,True
30,20,4,11,75,205,18.42675687473706,1.842675687473706,8.152696108522818,28.11300666554724,74.63414634146342,53.86385250606315,-85.840082194357,1.846270687475356,6,3777.485159321097,6.052437415690263,225.56209491002778,37.26797642306609,5.943344715694434,10.91714587189842,124,33,48,True
30,20,4,11,90,205,19.311103288027663,1.9311103288027665,7.756256153890076,29.999970329884672,72.6829268292683,57.2158129455518,-81.54249919359901,1.8669397231932805,6,3958.776174045671,5.368941586887168,240.34576631029134,44.765949195144856,5.294637082559977,12.111918358060286,98,33,74,True
30,20,4,11,95,205,19.623567759434017,1.9623567759434017,9.466337568817792,30.813106809148056,72.6829268292683,57.64571372835918,-81.54249919359901,1.8809672936696238,6,4022.8313906839735,5.338962546393293,245.66147893196143,46.012961656364624,5.3329600069675696,12.874224049689792,90,33,82,True
30,20,4,12,45,205,11.823481669077193,1.1823481669077194,3.46151366070211,19.789708211359486,84.39024390243902,34.24976423144121,-109.41860843370333,1.6922422111447257,6,2423.8137421608244,6.637034244955689,127.08857976782623,19.148398980224744,4.956356050819046,8.343105511573013,171,25,9,True
30,20,4,12,75,205,21.373165682699707,2.1373165682699704,10.245796495425719,32.14278252603302,76.58536585365854,54.64125842919417,-87.4412210089592,2.0439152997094743,7,4381.49896495344,4.368787406299254,223.80106636019877,51.227273278966415,6.578704573629821,12.084909095412801,127,28,50,True
30,20,4,12,90,205,22.37241143720034,2.237241143720034,12.335615915843768,33.60785752697076,74.63414634146342,58.079860351575775,-82.68989017625042,2.066622890855881,7,4586.34434462607,3.95262444316673,238.06825356794005,60.23042588311439,5.998165803225982,13.344222044606461,100,28,77,True
30,20,4,12,95,205,22.722808414385455,2.2722808414385454,11.730082273636993,33.073080204036415,74.63414634146342,58.54934649747739,-82.68989017625042,2.083328351409449,7,4658.175724949018,3.95262444316673,243.15679669868518,61.517809292267316,6.062326583063045,14.623908384944977,92,28,85,True
30,20,4,13,45,205,12.45982486828927,1.245982486828927,3.787013735507477,20.413474693353283,84.8780487804878,34.22430992470929,-109.70212351290694,1.7510849692421806,6,2554.2640979993002,6.292849930405535,135.6826244094447,21.56139521997163,4.9237546099641545,7.621013958156871,172,21,12,True
30,20,4,13,75,205,22.01475445370301,2.201475445370301,10.958967115619066,32.159857068097516,77.07317073170732,54.680921711777025,-87.79916952024789,2.0936527288959765,7,4513.024663009117,4.41376761592095,232.92018474110367,52.771284084131366,6.606504577775998,12.265536241999634,128,24,53,True
30,20,4,13,90,205,23.007593606243066,2.3007593606243066,12.119838420723038,33.36836957867902,75.1219512195122,58.089696996535466,-82.9266009448359,2.1152212035422675,7,4716.556689279829,4.33469521033835,247.32538143299206,57.05715613940173,6.048285460172676,12.717005637497268,100,24,81,True
30,20,4,13,95,205,23.357990583428183,2.3357990583428183,12.70585944619183,35.00421246311404,75.1219512195122,58.55613453110005,-82.9266009448359,2.1322056020544142,7,4788.388069602777,4.29862485359894,252.49490925575353,58.738531008203026,6.103528706743818,13.894551862902562,92,24,89,True
30,20,4,14,45,205,12.331042471871346,1.2331042471871345,3.3317939548081634,20.41738294096911,84.8780487804878,34.22430992470929,-110.55374903760612,1.7375958866130925,6,2527.863706733626,6.672530144035724,133.92825603571941,20.071585012685464,5.064605381426744,6.569016620002094,172,19,14,True
30,20,4,14,75,205,21.720400650200308,2.1720400650200307,11.848316015935623,32.12277867328437,77.07317073170732,54.680921711777025,-89.08305313127029,2.0634785674666314,7,4452.682133291063,4.718343489587451,228.71799813305324,48.4742152914033,6.645922481680532,11.351570450138167,128,22,55,True
30,20,4,14,90,205,22.713239802740365,2.2713239802740364,11.415002612505397,34.01006786153927,75.1219512195122,58.089696996535466,-84.10978780205262,2.0854660229201585,7,4656.214159561775,4.635574366290409,243.01724699051252,52.42440909970465,5.979741521003757,11.561348478124527,100,22,83,True
30,20,4,14,95,205,23.06363677992548,2.306363677992548,11.834106595347917,34.14098795761035,75.1219512195122,58.55613453110005,-84.10978780205262,2.102211498976043,7,4728.045539884723,4.600007815558292,248.14919838242747,53.94538625415579,6.044292245883173,12.571880818528646,92,22,91,True
30,20,5,10,45,196,8.585458986012473,0.8585458986012472,0.7662849574580088,17.074769241130184,81.12244897959184,33.72529700567809,-99.44789899038838,1.457322167128501,6,1682.7499612584447,7.646963477910503,81.77148427724472,10.693327425121742,3.587579533111925,6.2264367076768945,159,33,4,True
30,20,5,10,75,196,16.852550159886306,1.6852550159886306,7.0929708353151755,26.80211814341154,72.95918367346938,53.24089702022378,-81.32732910479783,1.7663185181800103,6,3303.099831337716,7.76712954558315,188.68429698850292,24.292667694180533,5.340035298556816,8.407056692749036,116,36,44,True
30,20,5,10,90,196,17.123693346758227,1.7123693346758224,6.769300774134444,28.671270949217725,70.91836734693877,55.8941584118984,-77.42182672437306,1.7605280623079371,6,3356.2438959646124,7.994402500849847,192.68671093396978,24.10270322434806,4.9749695404115855,8.804481616195575,90,36,70,True
30,20,5,10,95,196,17.713309001557082,1.771330900155708,6.957860795567399,28.888681747202405,70.91836734693877,56.725558903557214,-77.42182672437306,1.7867151261831196,6,3471.808564305188,7.951876707146422,201.50193862828178,25.340173904757627,4.942432901779459,8.667948040963743,84,36,76,True
30,20,5,11,45,196,11.325504251127876,1.1325504251127876,3.042534409119181,19.793265295681426,83.6734693877551,34.537839999077434,-107.63771645711363,1.6444647454574808,6,2219.798833221064,6.553589030071589,114.0216946907243,17.398359001079864,4.980517741114629,11.043384295964412,163,27,6,True
30,20,5,11,75,196,20.604088549483116,2.0604088549483115,10.392313285934048,31.142365191359463,75.51020408163265,55.02430042051515,-85.52489805286564,1.9837294576492868,6,4038.4013556986906,5.239134295521092,246.96087641119865,47.137725906801855,6.663559602675453,13.20318552645678,120,30,46,True
30,20,5,11,90,196,21.427698654561684,2.1427698654561684,11.142510629988067,32.673459399570376,73.46938775510205,58.3869425247682,-80.92097667831788,1.9980841111649512,6,4199.82893629409,5.393383032602276,260.6017250263858,48.318786826576826,5.836859667802513,14.537287665588588,94,30,72,True
30,20,5,11,95,196,21.720503866779946,2.1720503866779945,10.80266151678198,33.183245902574846,73.46938775510205,58.78548295250974,-80.92097667831788,2.011722730724272,6,4257.21875788887,5.364516921071837,265.52569223141916,49.496664124300466,5.791217412400855,14.585787782838347,86,30,80,True
30,20,5,12,45,196,13.300158158541135,1.3300158158541135,5.039017455561098,21.21010726583749,85.20408163265306,35.00480396217199,-111.68866422788477,1.804833012619732,6,2606.8309990740627,5.117342927221783,139.19872939264795,27.201368243698933,5.70638110148891,11.280502377267462,166,23,7,True
30,20,5,12,75,196,23.838914088423643,2.383891408842364,12.936298637452968,34.56851938621764,77.55102040816327,55.79674080389515,-86.56085092865972,2.2267846867795504,7,4672.427161331034,3.3482911185625324,244.17167195697087,72.92426593473662,7.382544657664239,14.836051578711277,123,25,48,True
30,20,5,12,90,196,24.782699524869845,2.4782699524869845,14.014368046545215,35.67582586697129,75.51020408163265,59.24852857074662,-81.48694003325018,2.2418679977256835,7,4857.409106874489,3.95262444316673,257.5044210619642,65.14770749524055,6.626551264288195,16.415797994504352,96,25,75,True
30,20,5,12,95,196,25.115179041601614,2.5115179041601614,14.06010821614786,36.402720745618886,75.51020408163265,59.688839282094094,-81.48694003325018,2.258528639207219,7,4922.575092153917,3.95262444316673,262.2722185893257,66.35394340151392,6.5962011502696365,16.885714299961936,88,25,83,True
30,20,5,13,45,196,13.560981861978718,1.3560981861978718,4.365666319139827,22.44229412544868,85.71428571428571,34.97394628894528,-114.91680469982064,1.8260486643516916,6,2657.9524449478286,4.6705585603329025,142.64746736593784,30.5418432342213,5.422067261980337,10.189756715077595,167,20,9,True
30,20,5,13,75,196,24.15626504807143,2.415626504807143,13.059847765562825,34.84048928326434,78.06122448979592,55.830148099799665,-88.54383046156622,2.243538100359664,7,4734.627949422,3.4668559087475197,248.6217108525882,71.71388641370112,7.254827977736301,15.56078010792474,124,22,50,True
30,20,5,13,90,196,25.09334970185478,2.509334970185478,14.14187356553379,36.107976444362684,76.0204081632653,59.25085189359641,-83.19319979962398,2.2578504916189353,7,4918.296541563537,4.238453014595286,261.9580468570186,61.805108126704575,6.55441063130951,15.866129667868515,96,22,78,True
30,20,5,13,95,196,25.425829218586554,2.542582921858655,14.284974613574608,35.4314287442471,76.0204081632653,59.6882074994986,-83.19319979962398,2.2745166413575397,7,4983.4625268429645,4.238453014595286,266.7604832389596,62.93817162072081,6.537259896840424,16.05735370807215,88,22,86,True
30,20,5,14,45,196,13.477326804500786,1.3477326804500784,4.785988839787767,21.666473419335606,85.71428571428571,34.97394628894528,-115.50239010216617,1.8167907828405725,6,2641.556053682154,4.925030971593903,141.53818601132815,28.738537245283904,5.653287287244946,8.725954130413994,167,18,11,True
30,20,5,14,75,196,23.950476631142585,2.3950476631142585,13.600981841523549,35.08611141016885,78.06122448979592,55.830148099799665,-89.48184278059074,2.220019738299348,7,4694.293419703947,3.3513468921494662,245.73223247872696,73.3234249949938,7.372700887270359,14.548354096587763,124,20,52,True
30,20,5,14,90,196,24.88756128492594,2.488756128492594,12.827727131073278,36.021555244378746,76.0204081632653,59.25085189359641,-84.05138128298682,2.2347973846439846,7,4877.962011845484,3.3802265985875497,259.00415414404483,76.62331106804244,6.530170944657234,14.361077076876077,96,20,80,True
30,20,5,14,95,196,25.220040801657706,2.522004080165771,13.479485732926296,37.45268155813479,76.0204081632653,59.6882074994986,-84.05138128298682,2.2512933696466106,7,4943.1279971249105,3.3802265985875497,263.7836359620291,78.03726415035396,6.521338337309004,14.617924738647627,88,20,88,True
30,25,2,10,45,224,7.093342217778171,0.7093342217778171,-0.13664741460842045,14.613227575821849,80.80357142857143,31.619532800649452,-96.14480884035441,1.384330309216935,6,1588.9086567823103,7.867265562955117,76.45101264864616,9.717609255321678,3.0259299095011403,4.930875161520323,180,37,7,True
30,25,2,10,75,224,14.111514643593638,1.411151464359364,5.202864942778265,23.233358122704256,72.32142857142857,49.76808627850297,-79.05565640245977,1.6449068807588587,6,3160.979280164975,7.787351556402484,178.1391790166432,22.875451008781475,4.630198047063691,7.361286014846101,131,41,52,True
30,25,2,10,90,224,14.677635461160222,1.467763546116022,4.8618569147501205,24.202861465104768,70.53571428571429,52.48061215814794,-75.82039966193162,1.657013223665779,6,3287.7903432998896,8.020658583422383,187.5372916225108,23.381782140699144,4.4507697046928865,7.838915178669455,104,41,79,True
30,25,2,10,95,224,15.308772450738404,1.5308772450738406,4.971689205396694,24.988249710023144,70.53571428571429,53.375388649701826,-75.82039966193162,1.6852647325136971,6,3429.1650289654026,7.978428555146852,198.23124807099936,24.845901257475216,4.553196652128565,8.29419242062491,98,41,85,True
30,25,2,11,45,224,9.312238967611291,0.9312238967611292,1.666591479141394,16.286347101274924,83.03571428571429,32.39257512292169,-103.65993273996065,1.529550778916388,6,2085.941528744929,6.904390852570047,105.69398796454834,15.308227796114044,4.097903772827401,7.2746092092311345,184,31,9,True
30,25,2,11,75,224,17.15563943716837,1.715563943716837,7.658807208237724,26.909902438718518,74.55357142857143,51.452563865040254,-83.32833213221065,1.8090723947264293,6,3842.8632339257156,5.252856652403819,230.84909748654914,43.94734384782948,5.683845989170156,10.434068186450405,135,35,54,True
30,25,2,11,90,224,18.205168808165773,1.8205168808165775,7.4919942255054375,28.45277272495583,72.76785714285714,54.78753635153448,-79.54771495526207,1.840398337831637,6,4077.957813029133,5.411206363564003,250.27494050305123,46.251228226715,5.198564863957185,11.537694176626117,108,35,81,True
30,25,2,11,95,224,18.576596660485936,1.8576596660485938,8.593875019277096,28.461570475843377,72.76785714285714,55.29796481116465,-79.54771495526207,1.8575444216171515,6,4161.15765194885,5.382539844983321,257.305842698685,47.803797112343034,5.290306034561083,13.096690135005176,100,35,89,True
30,25,2,12,45,224,10.861418279455037,1.0861418279455037,3.4023234989591464,18.56067108573446,84.375,32.83923531585956,-107.8187937171294,1.644721338386376,6,2432.9576945979284,5.607248334754442,127.68488743002382,22.771398698113043,4.622342611824518,7.760918528586491,187,27,10,True
30,25,2,12,75,224,19.762808212312763,1.9762808212312764,9.515128278173396,29.390332030800217,76.33928571428571,52.22272693226633,-84.96636350678271,1.9830458488245175,7,4426.869039558059,4.25121030922915,226.92995376348512,53.38008173127364,6.248280751568731,11.170389921481265,138,30,56,True
30,25,2,12,90,224,20.91749099825684,2.0917490998256842,10.450938609895218,30.641091408586803,74.55357142857143,55.63731095930538,-80.80549029113095,2.0172832265694316,7,4685.517983609532,3.978706971034523,245.10544611579115,61.60429704931502,5.831472295419152,12.429697979358316,110,30,84,True
30,25,2,12,95,224,21.323633867026324,2.1323633867026324,11.771153949167068,31.941124923746045,74.55357142857143,56.18207744196623,-80.80549029113095,2.0370352287586235,7,4776.493986213896,4.230926381877272,251.6358269988693,59.47534990840892,5.9229792532259165,14.289785140361708,102,30,92,True
30,25,2,13,45,224,11.354464510876808,1.1354464510876807,3.8493045137484514,18.634106215043612,84.82142857142857,32.823348366092326,-108.6187099741511,1.6887016413117686,6,2543.400050436405,5.281650291370205,134.9597521831654,25.55257253659502,4.619316419116863,8.125029273826845,188,23,13,True
30,25,2,13,75,224,20.260655078632755,2.0260655078632754,10.085834116176654,30.014936319545047,76.78571428571429,52.27322303776063,-85.62706970925176,2.019264916192775,7,4538.386737613737,3.7350507609385644,234.69571875345667,62.83601851089195,6.289431140146828,12.2997620861967,139,26,59,True
30,25,2,13,90,224,21.409474679746836,2.1409474679746836,10.712023281987236,32.23061261037778,75.0,55.660866868329535,-81.3447018860013,2.052777829821082,7,4795.722328263291,4.238453014595286,253.02525856248238,59.69754948118561,5.882288224620483,12.94229460614477,110,26,88,True
30,25,2,13,95,224,21.815617548516315,2.1815617548516313,11.59445923798369,32.25316820363337,75.0,56.202390693355525,-81.3447018860013,2.07274927771396,7,4886.6983308676545,4.238453014595286,259.6427531769913,61.25884899110616,5.9652857687251455,14.073763176370594,102,26,96,True
30,25,2,14,45,224,11.147284192726472,1.1147284192726472,3.4655045980005936,19.02613575501294,84.82142857142857,32.823348366092326,-109.98366265843568,1.6677440028539312,6,2496.9916591707297,5.654038038219281,131.88647655246905,23.326068141205187,4.685396850370591,6.948131697614866,188,21,15,True
30,25,2,14,75,224,19.901947356677148,1.990194735667715,10.576126917815118,29.291492057608288,76.78571428571429,52.27322303776063,-87.17227220382973,1.9834717321121864,7,4458.036207895681,4.033073968399427,229.08958509458105,56.80272340392952,6.260037379702349,11.304115929113262,139,24,61,True
30,25,2,14,90,224,21.050766957791236,2.1050766957791236,10.80506550489807,32.91984705634263,75.0,55.660866868329535,-82.7795327738237,2.017196703214437,7,4715.371798545237,3.8881336658374406,247.24048301043186,63.588473097717,5.768398258300929,11.671738321266977,110,24,90,True
30,25,2,14,95,224,21.456909826560718,2.1456909826560717,11.049898854201947,32.081591524841464,75.0,56.202390693355525,-82.7795327738237,2.0368219828051872,7,4806.347801149601,3.939195187462056,253.79442899936237,64.42799021667088,5.858052947121828,12.649732694516876,102,24,98,True
30,25,3,10,45,214,7.669584396570417,0.7669584396570417,-0.23068084102824984,15.468859970814183,80.8411214953271,32.21739369899228,-95.91019631852672,1.417385125106699,6,1641.2910608660693,8.701219588718603,79.40948306808696,9.126247448236311,3.242785941002091,5.234137426530165,172,35,7,True
30,25,3,10,75,214,15.040360325888425,1.5040360325888424,5.6149353631359915,24.207220915255828,72.42990654205607,50.88071813487624,-79.11651188416432,1.6895295312235152,6,3218.637109740123,7.775110180197981,182.38956877299893,23.458133009808314,4.891695332130239,7.6915085231173075,126,39,49,True
30,25,3,10,90,214,15.535092518091224,1.5535092518091222,6.041522450139381,24.822961329772184,70.56074766355141,53.6097992104119,-75.72333145874089,1.6968789643947069,6,3324.509798871522,8.004592776467508,190.29284968597625,23.77295822535947,4.623687823735018,8.035503371458812,100,39,75,True
30,25,3,10,95,214,16.158571531356788,1.615857153135679,6.36771250207797,26.643753638432177,70.56074766355141,54.4934052292121,-75.72333145874089,1.7248472181132062,6,3457.9343077103526,7.96253131315733,200.43550971605498,25.172335509042743,4.704137101479089,8.214336470823048,94,39,81,True
30,25,3,11,45,214,10.085663237517233,1.0085663237517233,2.007187844811784,17.75311133522442,83.17757009345794,33.00838565096376,-103.25446425119056,1.5806399290876727,6,2158.331932828688,7.682975300033655,110.17357261873393,14.339961839816317,4.432362799385256,8.050662711656276,176,29,9,True
30,25,3,11,75,214,18.320229268695623,1.8320229268695623,7.901316175270084,28.671954934235124,74.76635514018692,52.60412187031286,-83.2616747360962,1.8719784978496918,6,3920.5290635008637,5.638690447843572,237.19478343375496,42.065579876701044,6.051467457921626,11.205825140618991,130,33,51,True
30,25,3,11,90,214,19.320959199069,1.9320959199069003,8.799466703369834,30.283231787914563,72.89719626168224,55.984047340288086,-79.2901054566237,1.8990740601781555,6,4134.685268600766,5.400300378302802,255.05987407344372,47.23068277798346,5.420861863363272,12.380329163189513,104,33,77,True
30,25,3,11,95,214,19.67259313408318,1.967259313408318,9.568676755780922,31.009743121822645,72.89719626168224,56.466416969089586,-79.2901054566237,1.9154368580285257,6,4209.9349306938,5.371748989978867,261.4659657587846,48.67427093979185,5.493769024148392,13.202817686462046,96,33,85,True
30,25,3,12,45,214,11.800729433091995,1.1800729433091994,3.6315517602967677,19.54699490489753,84.57943925233646,33.46458092655011,-107.02221360678436,1.715047276684645,6,2525.356098681687,6.358733206227457,133.76201910668888,21.035953981476748,5.037026834692004,8.236386179725018,179,25,10,True
30,25,3,12,75,214,21.142723687538346,2.1142723687538347,11.301914272102854,32.34594957888427,76.63551401869158,53.37907097076756,-84.59249540145343,2.069726776036322,7,4524.542869133206,4.015545524689782,233.72585859995348,58.205256835684814,6.677877775864518,12.322619052981649,133,28,53,True
30,25,3,12,90,214,22.253520743837214,2.2253520743837214,11.658068284207124,32.597880112174686,74.76635514018692,56.841086812430106,-80.228156496438,2.0992385012270645,7,4762.253439181164,3.95262444316673,250.60888134915547,63.403160343858715,6.111595573916386,13.60591551364463,106,28,80,True
30,25,3,12,95,214,22.64149189233106,2.264149189233106,12.145924190906758,33.105610750540905,74.76635514018692,57.35999822354063,-80.228156496438,2.118402786676495,7,4845.279264958847,3.95262444316673,256.6210406082049,64.92421536578047,6.212351495790495,14.980010653991425,98,28,88,True
30,25,3,13,45,214,12.41031053514095,1.241031053514095,4.041305761330638,19.958418828024147,85.04672897196261,33.44455968442668,-107.22198150142165,1.7740385930347191,6,2655.8064545201632,6.0198100482576145,142.50211303332742,23.67219428702298,5.000889467310488,7.585554355082042,180,21,13,True
30,25,3,13,75,214,21.757329753219086,2.1757329753219086,11.481519246976795,31.79712101809153,77.10280373831776,53.42470118959494,-84.8776965121282,2.1195144472384806,7,4656.068567188884,4.065439201155203,243.00689058287182,59.773834648374745,6.70644272247201,12.533517171481208,134,24,56,True
30,25,3,13,90,214,22.861989644088425,2.2861989644088423,12.983328901299007,33.68693159406345,75.23364485981308,56.85819002275892,-80.40948697791059,2.148007264267903,7,4892.465783834923,4.238453014595286,260.06470158674233,61.358401447697766,6.160525307988828,12.972224639762995,106,24,84,True
30,25,3,13,95,214,23.249960792582268,2.3249960792582267,12.947929262529936,33.61477129526075,75.23364485981308,57.37387838162651,-80.40948697791059,2.1674891074377713,7,4975.491609612605,4.238453014595286,266.1710702505817,62.79910838553849,6.251397734769157,14.227384814443939,98,24,92,True
30,25,3,14,45,214,12.286944220815368,1.2286944220815368,3.9624671278439645,19.90402173676543,85.04672897196261,33.44455968442668,-108.046993728474,1.7604926027205927,6,2629.406063254489,6.397292084260828,140.71811231412127,21.996512033635007,5.142570145349766,6.557627890243714,180,19,15,True
30,25,3,14,75,214,21.475355315284254,2.1475355315284257,11.087204661031311,31.407417272134595,77.10280373831776,53.42470118959494,-86.10917671045584,2.0892024622497,7,4595.72603747083,4.367025897209412,238.73032405627023,54.666569348448824,6.749552527536745,11.62169024939458,134,22,58,True
30,25,3,14,90,214,22.580015206153593,2.2580015206153594,11.453742400071533,33.196106985303516,75.23364485981308,56.85819002275892,-81.54802527447762,2.118017714877323,7,4832.123254116869,4.2228254303430575,255.6643755352446,60.54343939916899,6.095008196644112,11.813683870804509,106,22,86,True
30,25,3,14,95,214,22.967986354647437,2.2967986354647434,12.14936587342282,33.0337835840808,75.23364485981308,57.37387838162651,-81.54802527447762,2.1372275609698628,7,4915.1490798945515,4.162998000936874,261.7270324101338,62.869843404016216,6.1945673865501485,12.896286188987489,98,22,94,True
30,25,4,10,45,203,7.405974989558367,0.7405974989558367,-0.041470969905320794,15.634578493344987,80.29556650246306,33.161922655181385,-97.54951174785545,1.3852948353976253,6,1503.4129228803486,9.034915439590069,71.68418176967548,7.934128686535656,3.062543992387772,5.070004246367609,162,35,6,True
30,25,4,10,75,203,14.848770042418469,1.4848770042418469,4.944752609049763,24.691317018971674,71.92118226600985,52.39539971324666,-81.32329893900112,1.6502744283613318,6,3014.300318610949,7.775110180197981,167.49628890814336,21.542625766864482,4.670068359519108,7.316040861382823,118,39,46,True
30,25,4,10,90,203,15.146465995580149,1.514646599558015,4.930221795204352,25.755323002060496,69.95073891625616,55.02011491099166,-77.67415934849254,1.648934637134236,6,3074.7325971027703,8.004592776467508,171.85171640969878,21.469139181561008,4.391133538007807,7.677045474645101,92,39,72,True
30,25,4,10,95,203,15.727935568466922,1.5727935568466922,5.00589514093718,25.403218327283266,69.95073891625616,55.85137070885091,-77.67415934849254,1.6738470983245877,6,3192.770920398785,7.96253131315733,180.47810404095924,22.66592079113538,4.437808459576404,7.8250849322271945,86,39,78,True
30,25,4,11,45,203,9.952974358832352,0.995297435883235,1.3637381464788803,18.373249201021824,82.75862068965517,33.971886480597924,-105.33780382564235,1.5480202660839522,6,2020.4537948429675,7.9912555284248015,101.69020881954283,12.725185480283036,4.281005419001618,8.035089376930888,166,29,8,True
30,25,4,11,75,203,18.306365873752167,1.8306365873752166,6.61861612004796,28.92849254050113,74.38423645320196,54.171367857471886,-85.840082194357,1.8325392308611503,6,3716.19227237169,6.073504861305407,220.65074506127846,36.33005160941831,5.852812474348158,10.740005960154406,122,33,48,True
30,25,4,11,90,203,19.13747816173406,1.913747816173406,7.9756874443173125,29.15800297164861,72.41379310344827,57.49175524947999,-81.54249919359901,1.8507632096433426,6,3884.908066832014,5.400300378302802,234.2755949132747,43.38195628053239,5.201405613970657,11.885918088153153,96,33,74,True
30,25,4,11,95,203,19.432372134887842,1.9432372134887843,8.185720575603945,30.736308757980673,72.41379310344827,57.89898978383522,-81.54249919359901,1.863872823197674,6,3944.7715433822323,5.371748989978867,239.19000259098357,44.52739750818561,5.2356658335535275,12.624409959600298,88,33,82,True
30,25,4,12,45,203,11.760975175842196,1.1760975175842197,2.2584529453568085,19.569514146892423,84.23645320197043,34.43785631914896,-109.41860843370333,1.6818646968715043,6,2387.477960695966,6.652370649375497,124.72805652570878,18.749414772524414,4.90766010655568,8.294125570742631,169,25,9,True
30,25,4,12,75,203,21.28180333992134,2.128180333992134,10.66241276733578,32.0133450074695,76.35467980295566,54.95086894473597,-87.4412210089592,2.029311945249814,7,4320.206078004032,4.382098825554932,219.60206920505266,50.11344516568339,6.491151951778903,11.915853031973365,125,28,50,True
30,25,4,12,90,203,22.22894698232716,2.222894698232716,11.31813314003652,33.11054477943934,74.38423645320196,58.35993726210223,-82.68989017625042,2.0494437590380525,7,4512.476237412413,3.95262444316673,232.88185201854077,58.91828464025853,5.906314584686183,13.129298709024647,98,28,77,True
30,25,4,12,95,203,22.56214718052847,2.256214718052847,11.91647353293995,33.66637462118836,74.38423645320196,58.80788189941921,-82.68989017625042,2.0651743678154544,7,4580.115877647279,3.95262444316673,237.62912712641565,60.11932844700873,5.9660233238072,14.3788467722262,90,28,85,True
30,25,4,13,45,203,12.403587766179518,1.2403587766179518,3.971655584826854,20.628320107829055,84.72906403940887,34.41101247345673,-109.70212351290694,1.7404003813308124,6,2517.9283165344423,6.307194258759472,133.27001546107886,21.1298415735321,4.878575492612587,7.5815238774143054,170,21,12,True
30,25,4,13,75,203,21.929713182560143,2.1929713182560144,11.5076578954463,32.446598913282926,76.84729064039408,54.989056048149756,-87.79916952024789,2.078799467928101,7,4451.731776059709,4.427017951015492,228.65206654452086,51.64922958852504,6.520745564526355,12.098953920299337,126,24,53,True
30,25,4,13,90,203,22.870387103774245,2.2870387103774243,11.4483796116587,33.866114896037665,74.8768472906404,58.368060725347384,-82.9266009448359,2.097755224681578,7,4642.688582066172,4.350225946483445,242.05591590854502,55.64214799100577,5.957914368095897,12.517838915298757,98,24,81,True
30,25,4,13,95,203,23.203587301975553,2.3203587301975555,12.62793508893952,33.83616075738166,74.8768472906404,58.8130583584715,-82.9266009448359,2.113748493915751,7,4710.328222301037,4.238453014595286,246.8792426358012,58.24748836088603,6.008865194884809,13.668044198741109,90,24,89,True
30,25,4,14,45,203,12.273536577678657,1.2273536577678656,3.622806092875208,20.332198007003473,84.72906403940887,34.41101247345673,-110.55374903760612,1.7269936049813885,6,2491.5279252687674,6.687768968034873,131.52621511860752,19.666680435172847,5.017783213490572,6.534542811304022,170,19,14,True
30,25,4,14,75,203,21.63245934158451,2.163245934158451,11.673178862836332,32.570460009940284,76.84729064039408,54.989056048149756,-89.08305313127029,2.048839374805315,7,4391.389246341656,4.732561975566292,224.48163314654343,47.433427032866746,6.558341998146202,11.195311704629134,126,22,55,True
30,25,4,14,90,203,22.57313326279861,2.2573133262798613,11.31481581088705,33.894535451759076,74.8768472906404,58.368060725347384,-84.10978780205262,2.0682457409893553,7,4582.346052348118,4.652245534262183,237.78632297333445,51.112161046127135,5.888958536679673,11.377934464152945,98,22,83,True
30,25,4,14,95,203,22.906333460999925,2.2906333460999924,12.091349336853314,33.85799105137909,74.8768472906404,58.8130583584715,-84.10978780205262,2.0840140301533574,7,4649.9856925829845,4.485287766963988,242.57436189954885,54.08222939143616,5.949055572385735,12.364319556964748,90,22,91,True
30,25,5,10,45,194,8.48667102986385,0.8486671029863848,-0.4158679562265063,16.50247575584934,80.9278350515464,33.92348052508252,-99.44789899038838,1.4474471656687535,6,1646.4141797935868,7.66604473157608,79.70037743124358,10.396544792252705,3.529628472995325,6.150007601721576,157,33,4,True
30,25,5,10,75,194,16.710345074166536,1.6710345074166535,6.763550409186719,26.690921862163833,72.68041237113401,53.56138572299711,-81.32732910479783,1.75209858033362,6,3241.8069443883082,7.803570051196113,184.10824409536696,23.592822629579302,5.24701308596005,8.251053906954565,114,36,44,True
30,25,5,10,90,194,16.91946282861317,1.691946282861317,6.171552880455764,27.376803868853276,70.61855670103093,56.1709482630673,-77.42182672437306,1.7437894788834416,6,3282.375788750955,8.04102013821917,187.13226740233196,23.272204793131607,4.872405488665526,8.610702376025401,88,36,70,True
30,25,5,10,95,194,17.493550087646636,1.7493550087646637,7.049854819313781,28.659429238013676,70.61855670103093,56.98388934520228,-77.42182672437306,1.7690266904637053,6,3393.7487170034474,8.00064264881203,195.53075962840668,24.43938171109791,4.838408837615244,8.473058637367709,82,36,76,True
30,25,5,11,45,194,11.254964184310337,1.1254964184310337,2.237673935012524,19.289715178620636,83.50515463917526,34.73993813817185,-107.63771645711363,1.633915532707977,6,2183.4630517562055,6.56904146678005,111.7419545674541,17.010389587664868,4.925995240042518,10.966069146471975,161,27,6,True
30,25,5,11,75,194,20.50055911726435,2.0500559117264348,9.869083585999777,30.90651222049187,75.25773195876289,55.35824366634817,-85.52489805286564,1.9687988915351944,6,3977.108468749284,5.263862592526814,241.8621650218271,45.947659303493694,6.568446491009956,13.002794013438095,118,30,46,True
30,25,5,11,90,194,21.267839325156878,2.126783932515688,10.43551207986807,33.11988278538851,73.19587628865979,58.689095889809614,-80.92097667831788,1.9805294475702873,6,4125.960829080434,5.425028829421085,254.3214942674356,46.87928898887985,5.739883625702925,14.281600603051935,92,30,72,True
30,25,5,11,95,194,21.542056240139846,2.1542056240139846,10.226753601267434,32.87457129833877,73.19587628865979,59.06373026661733,-80.92097667831788,1.993171905323136,6,4179.15891058713,5.397618946381813,258.83784953470183,47.95407977219448,5.69130498823135,14.318344545397443,84,30,80,True
30,25,5,12,45,194,13.249975348501053,1.3249975348501053,4.805063837549676,21.2724631167213,85.05154639175258,35.20888775889614,-111.68866422788477,1.793614703311364,6,2570.4952176092042,5.129188842685937,136.76503739339378,26.664067474999765,5.657256212567083,11.229202948382778,164,23,7,True
30,25,5,12,75,194,23.768733373101174,2.3768733373101174,13.48613742509183,34.19677928800739,77.31958762886599,56.1320781016177,-86.56085092865972,2.210691728554253,7,4611.134274381628,3.3619445628362365,239.81933891767696,71.33351976374001,7.2898905768109445,14.641432293960246,121,25,48,True
30,25,5,12,90,194,24.65742783330326,2.465742783330326,13.993319011457244,36.75198266896608,75.25773195876289,59.554206309978376,-81.48694003325018,2.222982530929942,7,4783.540999660832,3.95262444316673,252.1446681777201,63.79170897797438,6.530392279863348,16.166157929281177,94,25,75,True
30,25,5,12,95,194,24.971728066248332,2.497172806624833,13.151291031410597,36.27169837947278,75.25773195876289,59.971838126357426,-81.48694003325018,2.2385714924776607,7,4844.515244852177,3.95262444316673,256.5654421799832,64.91014916014392,6.496735454689141,16.6179486985927,86,25,83,True
30,25,5,13,45,194,13.513487956097784,1.3513487956097783,4.316610023496994,21.674231730055325,85.56701030927834,35.17642888601174,-114.91680469982064,1.8147560907000173,6,2621.61666348297,4.681223681357935,140.19322034060355,29.947985800998115,5.376160748572017,10.145272345377386,165,20,9,True
30,25,5,13,75,194,24.08935599212677,2.408935599212677,12.365656030283914,35.21505802847781,77.83505154639175,56.16370710145656,-88.54383046156622,2.2274396780513324,7,4673.335062472594,3.4668559087475197,244.23638508085608,70.44895764620688,7.164606621959839,15.359335528500914,122,22,50,True
30,25,5,13,90,194,24.97128058943237,2.4971280589432374,12.54724423831855,36.63041873483897,75.77319587628865,59.554481802259936,-83.19319979962398,2.238958781005626,7,4844.42843434988,4.238453014595286,256.55912522344073,60.53131280209287,6.460182853818462,15.627835584242701,94,22,78,True
30,25,5,13,95,194,25.285580822377437,2.5285580822377436,13.018494074953974,36.71146307567146,75.77319587628865,59.9692725858745,-83.19319979962398,2.254552896497011,7,4905.402679541223,4.238453014595286,261.0122236369239,61.58195519405729,6.4395938754355955,15.805834895244596,86,22,86,True
30,25,5,14,45,194,13.428970475346885,1.3428970475346884,3.8096367474937702,22.225037326035412,85.56701030927834,35.17642888601174,-115.50239010216617,1.8055554613919,6,2605.2202722172956,4.936298676319673,139.09053722678757,28.177091044759976,5.605471032697248,8.687885928195962,165,18,11,True
30,25,5,14,75,194,23.8814460451265,2.3881446045126498,12.784641642452838,34.450693944521355,77.83505154639175,56.16370710145656,-89.48184278059074,2.2040900711034817,7,4633.0005327545405,3.3614698037468456,241.36830943347528,71.80439614969478,7.28002323992853,14.358397793643594,122,20,52,True
30,25,5,14,90,194,24.7633706424321,2.47633706424321,12.584434565054774,36.78662838810026,75.77319587628865,59.554481802259936,-84.05138128298682,2.2160985621901554,7,4804.093904631827,3.3802265985875497,253.63118901132867,75.03378297694898,6.435193523051561,14.143603964407754,94,20,80,True
30,25,5,14,95,194,25.077670875377162,2.5077670875377165,14.008139466026643,36.6131845561865,75.77319587628865,59.9692725858745,-84.05138128298682,2.2315334586305284,7,4865.06814982317,3.3802265985875497,258.06286655263693,76.34484228378956,6.422781597612213,14.387084474420027,86,20,88,True
35,10,2,10,45,215,6.504691833817037,0.6504691833817037,-1.3121721494457035,13.959440832881235,80.0,32.1670670023599,-96.14480884035441,1.338275769241888,5,1398.5087442706629,9.168205828748656,81.51197787041285,8.890722938921868,2.696275481434845,4.233347866740232,172,37,6,True
35,10,2,10,75,215,14.30484906417273,1.4304849064172729,5.138102159672212,24.11182212427048,72.09302325581395,50.60208186745011,-79.46300234429381,1.6450680312563495,6,3075.542548797137,6.294005511318307,171.91037082974034,27.313349268696932,4.810479271772819,8.732835770790441,126,40,49,True
35,10,2,10,90,215,15.151128136861695,1.5151128136861696,5.502049376295998,25.135781776270985,70.23255813953489,53.827605104754134,-76.10118470925953,1.6688242933303081,6,3257.4925494252643,6.480322707867332,185.2752317567418,28.590432931960528,4.575735845622307,9.089470082802197,101,40,74,True
35,10,2,10,95,215,15.776269835728009,1.577626983572801,5.674298255197879,25.62557376521946,70.23255813953489,54.71770752366974,-76.10118470925953,1.6964202552414434,6,3391.898014681522,6.446070445826013,195.39003969991998,30.311496180815052,4.679294287342072,9.740106534340304,95,40,80,True
35,10,2,11,45,215,8.81647263364317,0.881647263364317,0.3988360481362834,16.36301217417907,82.32558139534883,32.963949493512914,-103.65993273996065,1.4812146100512806,5,1895.5416162332815,7.974847621515102,117.4902495705881,14.732601191477903,3.8008916631246152,6.628016799817549,176,31,8,True
35,10,2,11,75,215,17.522932570036645,1.7522932570036645,7.187556313281869,27.64633224583543,74.4186046511628,52.334192986243806,-83.74618864074779,1.8179325832246214,6,3767.4305025578788,5.244210187648763,224.7534212517168,42.857439578043454,5.802852682563133,10.8811839335949,130,34,51,True
35,10,2,11,90,215,18.87285590304423,1.887285590304423,8.277743258856493,30.075885314961376,72.55813953488372,56.19487227647833,-79.80908569451033,1.8617310401173817,6,4057.664019154509,4.183355150799282,248.57240677292333,59.419388938429115,5.301884659161137,12.007803720124564,105,34,76,True
35,10,2,11,95,215,19.227416919371954,1.9227416919371954,9.087155003067679,29.29860229451948,72.55813953488372,56.68353008744282,-79.80908569451033,1.8779202292340051,6,4133.89463766497,4.472596399743467,254.99292307767948,57.012281075105506,5.399832949353092,13.863080935495054,97,34,84,True
35,10,2,12,45,215,10.430501312029213,1.0430501312029212,2.452582187290267,19.06642575802013,83.72093023255815,33.42341978992116,-107.8187937171294,1.5942663359439906,5,2242.557782086281,6.4586697068255425,144.8970515020152,22.434504020059663,4.344059385727666,6.836507505102064,179,27,9,True
35,10,2,12,75,215,19.599685234496445,1.9599685234496445,9.187480781746157,30.004147564732563,75.81395348837209,53.279540102079075,-85.97370598504139,1.9425807480983512,6,4213.932325416736,4.7785836294157455,261.80814831633177,54.78781342335569,6.217493125982265,11.141700444150302,132,30,53,True
35,10,2,12,90,215,21.033106502287495,2.1033106502287495,9.538719840589918,31.075634435311237,73.95348837209302,57.20406471666003,-81.66657842780594,1.988802358025419,6,4522.117897991811,4.611395183694519,288.7631464159126,62.619475215863794,5.697952645026336,12.15462257417513,106,30,79,True
35,10,2,12,95,215,21.415149971459144,2.141514997145914,10.105466271452629,32.177248327713535,73.95348837209302,57.720664376231746,-81.66657842780594,2.006762875799817,6,4604.257243863716,4.724075460171648,296.13959668503986,62.687312931762456,5.794654286942625,14.07431724940474,98,30,87,True
35,10,2,13,45,215,10.944186688022127,1.0944186688022126,2.937151519432332,18.578751286609318,84.18604651162791,33.403515342795004,-108.6187099741511,1.6371451697964483,5,2353.0001379247574,6.071362407869775,154.02179463227813,25.36857204120004,4.361051976514606,7.152777854274807,180,23,12,True
35,10,2,13,75,215,20.11837220219727,2.011837220219727,9.593244387066827,29.975100169495175,76.27906976744187,53.32605544948887,-86.66711902438746,1.9786034947627253,6,4325.450023472414,4.185077998895667,271.4308544925368,64.85682096347077,6.273958503274883,12.336226990202494,133,26,56,True
35,10,2,13,90,215,21.54568484951428,2.154568484951428,10.629435863298395,32.19800468096953,74.4186046511628,57.21900621015194,-82.23125001779528,2.0242339835177927,6,4632.32224264557,4.944861850361167,298.6785981607027,60.401808422390516,5.762460980185676,12.553648652064036,106,26,83,True
35,10,2,13,95,215,21.927728318685926,2.1927728318685924,11.136956553082891,32.9153484650288,74.4186046511628,57.73237712185136,-82.23125001779528,2.042395481146654,6,4714.461588517474,4.944861850361167,306.16435073571057,61.91565305577722,5.852159276519351,13.767037538552927,98,26,91,True
35,10,2,14,45,215,10.728333705391078,1.0728333705391078,2.3308133067498686,18.93994072153565,84.18604651162791,33.403515342795004,-109.98366265843568,1.616827373134075,5,2306.5917466590818,6.501254229565134,150.1636912188071,23.09764945599604,4.40809216547566,6.126069746303596,180,21,14,True
35,10,2,14,75,215,19.744648808159813,1.9744648808159813,9.734873917941119,30.240914819139896,76.27906976744187,53.32605544948887,-88.24261960709441,1.9432771301010163,7,4245.09949375436,4.087364056052565,214.50049215649258,52.47892999373531,6.223590769184175,11.329417826546711,133,24,58,True
35,10,2,14,90,215,21.17196145547682,2.1171961455476818,10.572908200660914,31.132975698150833,74.4186046511628,57.21900621015194,-83.69216873994172,1.988899239908563,7,4551.971712927516,3.9166860133880377,235.64904615303752,60.165416719017216,5.632500673458882,11.280726438578895,106,24,85,True
35,10,2,14,95,215,21.554004924648467,2.155400492464847,10.641073515490051,31.342368959188384,74.4186046511628,57.73237712185136,-83.69216873994172,2.006743712990114,7,4634.111058799421,3.9998304836727767,241.44708753250242,60.36433006800771,5.728319495534882,12.302051192486278,98,24,93,True
35,10,3,10,45,208,7.187446438183692,0.7187446438183692,-0.4256229383616482,15.517357658206375,80.28846153846155,32.498843761687446,-95.91019631852672,1.380180046601198,5,1494.988859142208,10.087769434034033,88.19858159615315,8.74312028768119,2.97657152024509,4.624162847651989,167,35,6,True
35,10,3,10,75,208,15.430250868817037,1.5430250868817037,5.802424872237106,24.771922451621723,72.59615384615384,51.2827538118196,-79.5474323661547,1.707840324804243,6,3209.4921807139435,6.503247449337413,181.71290513777706,27.941871588523206,5.1762248213811874,9.368864901833788,124,38,46,True
35,10,3,10,90,208,16.246708574846046,1.6246708574846047,5.567704342513392,26.422907932263865,70.67307692307693,54.53207285152228,-76.01474304271801,1.7287877407445067,6,3379.3153835679777,6.448806517534397,194.43434881061629,30.150439198624817,4.892415526868987,9.742358904744927,99,38,71,True
35,10,3,10,95,208,16.873653134570432,1.6873653134570434,6.568509546460648,28.18673293589366,70.67307692307693,55.419178078887406,-76.01474304271801,1.7569109453399907,6,3509.71985199065,6.414885736059469,204.42725169974966,31.86763725979086,4.9654335587016005,9.865927197149153,93,38,77,True
35,10,3,11,45,208,9.673219861080899,0.9673219861080897,0.7767099733993731,17.26056642856179,82.6923076923077,33.309246768300504,-103.25446425119056,1.5412813398261125,5,2012.029731104827,8.830450276023043,126.47795699366586,14.322934056611611,4.201211545365282,7.504949764478661,171,29,8,True
35,10,3,11,75,208,18.852827569589827,1.8852827569589825,8.280164839740602,29.001168997762296,75.0,53.03746162775001,-83.70107460489072,1.9009598817498692,6,3921.388134474684,5.593056052677252,237.26536927984418,42.421418102232565,6.258257871903202,11.75203538666801,128,32,48,True
35,10,3,11,90,208,20.189879102390485,2.0189879102390487,9.621118287237772,31.126562745880086,73.07692307692307,56.93846324662184,-79.55627786052318,1.9426154860416887,6,4199.494853297221,4.438894059582787,260.5731757488932,58.702274091530036,5.662212985855118,13.399620598956007,103,32,73,True
35,10,3,11,95,208,20.537136898913936,2.0537136898913935,9.60509880851113,31.674908514343034,73.07692307692307,57.413658126074985,-79.55627786052318,1.9588280931103936,6,4271.7244749740985,4.370648900451216,266.7764652086836,61.03818249531373,5.732935213138249,14.36397624872248,95,32,81,True
35,10,3,12,45,208,11.437759119989547,1.1437759119989546,2.881097784194349,18.719960669961115,84.13461538461539,33.775925405609776,-107.02221360678436,1.673622231333526,5,2379.0538969578256,7.288744828536283,156.202928453453,21.43070338282394,4.816301731077273,7.759225183313147,174,25,9,True
35,10,3,12,75,208,21.09566325641126,2.109566325641126,11.237809433390053,31.504915737422433,76.4423076923077,53.99332184131373,-85.65388194766001,2.04547436576764,6,4387.897957333542,4.474385432143904,276.88418463969157,61.8820592992639,6.735569726122502,12.410662939247882,130,28,50,True
35,10,3,12,90,208,22.519022750646748,2.251902275064675,11.507362182777404,33.9529959289627,74.51923076923077,57.959307279386096,-81.12709238057208,2.089359171177565,6,4683.956732134524,4.611395183694519,303.374765460074,65.78806486435603,6.10450123930556,13.670772919689293,104,28,76,True
35,10,3,12,95,208,22.894687890254065,2.2894687890254066,12.138343591393896,33.72217886729354,74.51923076923077,58.4634256602785,-81.12709238057208,2.107531996421999,6,4762.095081172845,4.611395183694519,310.54286364720303,67.34249641957706,6.201660551554471,15.049612870370732,96,28,84,True
35,10,3,13,45,208,12.064924292289914,1.2064924292289914,3.985141086952147,20.114184102654708,84.61538461538461,33.75345261841929,-107.22198150142165,1.731398606906408,5,2509.5042527963024,6.886713653235016,167.2886619862276,24.29150831727179,4.8012216643060475,7.167683805232416,175,21,12,True
35,10,3,13,75,208,21.727998343217397,2.1727998343217396,12.385204407279929,32.56176051696103,76.92307692307693,54.036538936538555,-85.96713696785314,2.0952401441783963,6,4519.423655389219,4.522431280632702,288.5225685118549,63.79811004480088,6.7782652898770746,12.637471747600738,131,24,53,True
35,10,3,13,90,208,23.145043638405205,2.3145043638405203,12.12953886836157,34.17483251152218,75.0,57.96979058961675,-81.32919721522943,2.138338723651936,6,4814.169076788283,4.944861850361167,315.36107696061794,63.775508093837715,6.167914747071505,12.957172465244163,104,24,80,True
35,10,3,13,95,208,23.520708778012516,2.3520708778012516,12.76865239654401,34.21507220071134,75.0,58.4706774424265,-81.32919721522943,2.1568149979775337,6,4892.307425826603,4.944861850361167,322.6528470272786,65.25012362149458,6.255959629384377,14.203517128233829,96,24,88,True
35,10,3,14,45,208,11.93799933428186,1.1937999334281861,3.9650859815075084,19.720113624294207,84.61538461538461,33.75345261841929,-108.046993728474,1.7181782018649787,5,2483.103861530627,7.320554821545615,165.02290763415576,22.54240445662203,4.922974209748554,6.192756365896126,175,19,14,True
35,10,3,14,75,208,21.437890027265215,2.1437890027265216,9.777749610503273,32.39903207861259,76.92307692307693,54.036538936538555,-87.2242730036459,2.0650421064283284,7,4459.081125671165,4.393577385907519,229.16213386336594,52.15843804149387,6.80200361854304,11.710206337881907,131,22,55,True
35,10,3,14,90,208,22.854935322453024,2.2854935322453023,11.899088290974364,32.732751913244805,75.0,57.96979058961675,-82.48963047903814,2.1082573743986313,7,4753.826547070229,4.219749756873393,250.00201197991356,59.24569616307096,6.085391671572942,11.744867896509227,104,22,82,True
35,10,3,14,95,208,23.230600462060334,2.3230600462060336,12.153963787798954,33.342467676565356,75.0,58.4706774424265,-82.48963047903814,2.1264737314086326,7,4831.9648961085495,4.1598132531749075,255.65286939902236,61.45777558737754,6.181110876450979,12.79565739546444,96,22,90,True
35,10,4,10,45,197,6.853023867950808,0.6853023867950808,-2.2583529347534816,15.141364492687085,79.69543147208121,33.45239599936641,-97.54951174785545,1.3459898665294932,5,1350.0457019863093,10.517825845562154,78.20662059581787,7.435626121230752,2.7650475182024925,4.367814855217001,157,35,5,True
35,10,4,10,75,197,15.19620751641518,1.5196207516415179,5.271255513780111,26.06219080802637,72.08121827411168,52.78458002790125,-81.8501360586943,1.6649964801273696,6,2993.6528807337904,7.001669840035145,166.0176484686463,23.711150662855733,4.908299392133839,8.819968676476519,116,38,43,True
35,10,4,10,90,197,15.815606932761867,1.5815606932761868,5.0044231461416615,26.308737511950415,70.05076142131979,55.94295456316852,-78.04157905022318,1.6766654920369195,6,3115.674565754088,6.448806517534397,174.8259150514915,27.10980932303324,4.618147720639008,9.204818254414047,91,38,68,True
35,10,4,10,95,197,16.39570186304811,1.639570186304811,5.689956945384675,27.345110520911373,70.05076142131979,56.77106109408438,-78.04157905022318,1.7014846610450427,6,3229.9532670204776,6.414885736059469,183.22820668142822,28.562972782424257,4.653963541133455,9.289193184069344,85,38,74,True
35,10,4,11,45,197,9.477596822075778,0.9477596822075779,0.998220653335666,18.457255390600782,82.23350253807106,34.28339325831118,-105.33780382564235,1.5064215195956958,5,1867.0865739489282,9.219686994854742,115.32715506202389,12.50879288270685,4.014353409969515,7.357046522385484,161,29,7,True
35,10,4,11,75,197,18.809892560885945,1.8809892560885948,7.954637280474357,30.083641397503545,74.61928934010153,54.59563641024637,-86.40019435623375,1.8577640043762644,6,3705.548834494531,6.045234292080061,219.8023525895274,36.35960857257316,6.011861953845526,11.15852682553376,120,32,45,True
35,10,4,11,90,197,19.97895449483925,1.997895449483925,8.915591314589959,31.201591069931688,72.58883248730965,58.45146457363636,-81.90195182493828,1.8899200106741638,6,3935.854035483332,4.954551532905785,238.45526604366992,48.1285267616984,5.399788896785878,12.699215970145879,95,32,70,True
35,10,4,11,95,197,20.263745634537695,2.0263745634537695,9.872029111032761,32.222228611413435,72.58883248730965,58.84379922063352,-81.90195182493828,1.9026054259267895,6,3991.957890003926,4.916377839382176,243.0933680507031,49.44562358560541,5.429091132169348,13.552901652451451,87,32,78,True
35,10,4,12,45,197,11.34066365381689,1.1340663653816891,2.437136688383173,19.68905728718628,83.75634517766497,34.76064369503293,-109.41860843370333,1.6380629549050763,5,2234.110739801927,7.653567266254043,144.20720390198073,18.841828768895294,4.650230889165916,7.690121275609617,164,25,8,True
35,10,4,12,75,197,21.17796272768218,2.117796272768218,10.185315315263045,32.92044554357917,76.14213197969542,55.577684740974,-88.60838412324915,2.001792396441109,6,4172.058657353389,4.904725390460492,258.23311967499865,52.649862962206285,6.496010454717749,11.863343048999148,122,28,47,True
35,10,4,12,90,197,22.43815184934332,2.243815184934332,11.621325462785805,33.97487886930877,74.11167512690355,59.50414827978306,-83.67234773583705,2.035860274158273,6,4420.315914320634,4.611395183694519,279.7335067360437,60.66136073636811,5.852375196702349,13.02792864312963,96,28,73,True
35,10,4,12,95,197,22.752936528947572,2.275293652894757,12.084418205962557,34.41703885401422,74.11167512690355,59.928891991303864,-83.67234773583705,2.0503923508954767,6,4482.328496202672,4.611395183694519,285.21909050014483,61.85093212324418,5.907050399855276,14.2629734530489,88,28,81,True
35,10,4,13,45,197,12.002848201220322,1.2002848201220322,2.9248400592511654,20.222324022745696,84.26395939086294,34.730885087593485,-109.70212351290694,1.6953025331959293,5,2364.5610956404034,7.241693513968832,154.98829012446714,21.402216184032532,4.643002694595084,7.055007792226796,165,21,11,True
35,10,4,13,75,197,21.84560586502064,2.184560586502064,11.10846982138014,32.54365845880643,76.6497461928934,55.61298522002242,-88.99948723509388,2.051199108509435,6,4303.584355409066,4.946310520493532,269.5324197918422,54.491609185294095,6.539698191522371,12.059814905418738,123,24,50,True
35,10,4,13,90,197,23.099128218144127,2.3099128218144127,11.735080885149253,35.158723528394404,74.61928934010153,59.50476430288227,-83.93344187098599,2.0843182782779257,6,4550.528258974393,4.944861850361167,291.305319064265,58.910709313949475,5.918249336560745,12.343832343866737,96,24,77,True
35,10,4,13,95,197,23.41391289774838,2.3413912897748377,11.897297174749205,35.93231456508766,74.61928934010153,59.92661860139951,-83.93344187098599,2.099094887100272,6,4612.540840856431,4.944861850361167,296.8880129832116,60.03969816902514,5.964810198469207,13.467400521757387,88,24,85,True
35,10,4,14,45,197,11.86883606281588,1.186883606281588,2.64113265981373,20.460871132808336,84.26395939086294,34.730885087593485,-110.55374903760612,1.6822431578068076,5,2338.1607043747285,7.6808276296312465,152.78437129689846,19.891654736201076,4.76136531234626,6.0760461437693705,165,19,13,True
35,10,4,14,75,197,21.53929860756859,2.1539298607568593,10.77401350475616,32.88811044418332,76.6497461928934,55.61298522002242,-90.3112813593994,2.021404924462645,7,4243.241825691012,4.776409102627682,214.37492061707536,44.882026646155516,6.556339554876033,11.147548778634336,123,22,52,True
35,10,4,14,90,197,22.79282096069208,2.279282096069208,11.792627824465697,33.71291096353584,74.61928934010153,59.50476430288227,-85.14029246534704,2.054773386192887,7,4490.18572925634,4.665974176587482,231.32602556048946,49.57721941994814,5.832020889737754,11.17038158423219,96,22,79,True
35,10,4,14,95,197,23.107605640296324,2.3107605640296325,11.270180755040862,34.08497801355011,74.61928934010153,59.92661860139951,-85.14029246534704,2.0693405388503137,7,4552.198311138376,4.499356955005665,235.66496119290207,52.37747605926619,5.886879486232706,12.112596332652188,88,22,87,True
35,10,5,10,45,189,7.909759697254637,0.7909759697254637,-0.7587524650980995,15.754813866909023,80.42328042328042,34.042873983062485,-99.44789899038838,1.4062821643586276,5,1494.9445827811264,8.927100486772172,88.19548043971174,9.87952141576051,3.2230448817773496,5.318470021706564,152,33,4,True
35,10,5,10,75,189,17.053212330120253,1.7053212330120253,6.448717567214562,27.974898871314284,73.01587301587301,53.62126823660968,-81.89564482861584,1.7716796023452184,6,3223.057130392728,6.287192596463374,182.71696199545593,29.061772673901633,5.539174552592686,10.208798756732822,112,35,42,True
35,10,5,10,90,189,17.593732176105036,1.7593732176105035,7.182845664154056,27.577214378231,70.8994708994709,56.750663793121184,-77.80679212717071,1.7770332104049773,6,3325.2153812838515,6.478141416699494,190.34595002325338,29.382802532308947,5.1328113438031915,10.567777498008336,87,35,67,True
35,10,5,10,95,189,18.163114748712797,1.8163114748712799,6.803665113236059,29.98116189350196,70.8994708994709,57.553748167918705,-77.80679212717071,1.8021801868346257,6,3432.828687506719,6.445576403337844,198.51142371525393,30.798087136544485,5.07965275367547,10.172035981721683,81,35,73,True
35,10,5,11,45,189,10.751288120337275,1.0751288120337275,1.705986658320156,19.523116738305898,83.06878306878306,34.881531091537454,-107.63771645711363,1.5899400094207907,5,2031.9934547437451,7.580966455961136,128.0397205732298,16.889630275642286,4.658013964529122,10.109062259059582,156,27,6,True
35,10,5,11,75,189,20.99662780292965,2.099662780292965,10.0513003377881,32.098578831479756,75.66137566137566,55.45372870626837,-86.12001196179723,2.001727140986461,6,3968.3626547537033,4.804723016609264,241.13824150985948,50.18775081857536,6.763730302306186,13.61142290996821,116,29,44,True
35,10,5,11,90,189,22.110076304832436,2.211007630483244,11.008569782339558,33.408471914821696,73.54497354497354,59.302306853172546,-81.28432461955308,2.0281944129257394,6,4178.80442161333,4.183355150799282,258.8076434606968,61.86604630286969,5.964679108191713,15.518578382263014,91,29,69,True
35,10,5,11,95,189,22.371655455504772,2.2371655455504773,11.118870215896964,33.98264237988853,73.54497354497354,59.657979223511184,-81.28432461955308,2.04035874097016,6,4228.242881090402,4.183355150799282,263.03470840297007,62.876494804108134,5.905573697873179,15.524988715673924,83,29,77,True
35,10,5,12,45,189,12.799077357654733,1.2799077357654733,4.116434158180224,21.520160791018824,84.65608465608466,35.36248052003377,-111.68866422788477,1.746849979350687,5,2419.0256205967444,5.902729131700714,159.57050354655235,27.033343388497375,5.397794267792567,10.467814857773677,159,23,7,True
35,10,5,12,75,189,23.623727394775457,2.3623727394775456,12.763822664600685,34.758940554621766,77.24867724867724,56.44505043723465,-87.81611363310921,2.182408540293535,6,4464.884477612562,3.863698856548823,283.6713427519112,73.41963058821187,7.330076524600217,14.667034466960692,118,25,46,True
35,10,5,12,90,189,24.83216031984462,2.483216031984462,14.514982333155904,36.99951450545961,75.13227513227513,60.36666808034725,-82.5274163182697,2.209985597160454,6,4693.278300450633,4.611395183694519,304.22600141872726,65.97265888086174,6.483490431993421,16.0479454162643,92,25,72,True
35,10,5,12,95,189,25.125002578249457,2.512500257824946,13.745292173645636,36.00095528264488,75.13227513227513,60.75643700174525,-82.5274163182697,2.224254791235632,6,4748.625487289148,4.611395183694519,309.3019349415392,67.07339592911124,6.444381095415516,16.499400373038444,84,25,80,True
35,10,5,13,45,189,13.069561198256668,1.3069561198256667,4.540166828063285,21.356487566992158,85.18518518518519,35.32805961531359,-114.91680469982064,1.7676817878697093,5,2470.1470664705103,5.376215350917853,163.91505473904377,30.48893023064253,5.139518860495123,9.469769749131515,160,20,9,True
35,10,5,13,75,189,23.952832093669464,2.3952832093669465,12.369571360863366,34.82066991382108,77.77777777777779,56.47541102662274,-89.87619417166704,2.199291374261284,6,4527.085265703528,4.044665226872106,289.2069281470888,71.50330421060423,7.2140661586674595,15.471881056711233,119,22,48,True
35,10,5,13,90,189,25.154316058940115,2.515431605894012,14.395345666103745,37.362281682449705,75.66137566137566,60.36126972786488,-84.2933877379347,2.2260917706391377,6,4754.165735139682,4.944861850361167,309.81208105647227,62.65333399230233,6.428151693570062,15.369150211003946,92,22,75,True
35,10,5,13,95,189,25.447158317344954,2.5447158317344956,13.204626024550835,37.46447874938977,75.66137566137566,60.74831299246987,-84.2933877379347,2.2403657219675788,6,4809.512921978197,4.944861850361167,314.92891806704097,63.68811254940094,6.40246656168266,15.580416248104243,84,22,83,True
35,10,5,14,45,189,12.982807805316588,1.2982807805316587,3.3987810420994378,21.814254367525535,85.18518518518519,35.32805961531359,-115.50239010216617,1.7587198205021688,5,2453.7506752048353,5.670769333187266,162.5170024739099,28.65872211073818,5.344809316348551,8.105569370547265,160,18,11,True
35,10,5,14,75,189,23.73942188352103,2.373942188352103,12.131659083013325,34.278960899472914,77.77777777777779,56.47541102662274,-90.83654011733498,2.1760399321446413,7,4486.750735985474,3.3926878550822064,231.08665082932208,68.11314824709176,7.308368742027454,14.448540442760327,119,20,50,True
35,10,5,14,90,189,24.94090584879168,2.4940905848791677,13.334281466934481,36.96298086938312,75.66137566137566,60.36126972786488,-85.17022534050106,2.2031738910226824,7,4713.831205421628,3.3802265985875497,247.130116406852,73.11051765290439,6.383719200755677,13.818322455388909,92,20,77,True
35,10,5,14,95,189,25.233748107196522,2.5233748107196523,13.606149410319714,37.32110525707833,75.66137566137566,60.74831299246987,-85.17022534050106,2.217300890324028,7,4769.178392260143,3.3802265985875497,251.10804883907062,74.28734184388638,6.365696290055899,14.061057003014753,84,20,85,True
35,15,2,10,45,214,6.4467523212604,0.6446752321260399,-1.3608125566187137,13.794993954094519,79.90654205607477,32.244630274181084,-96.14480884035441,1.3337032703137286,5,1379.6049967497256,9.19484434811447,80.21843577499732,8.724284255170367,2.6647089682807232,4.1761253863167065,171,37,6,True
35,15,2,10,75,214,14.221852650940797,1.4221852650940796,4.725801987864717,22.904984858803456,71.96261682242991,50.72244550622702,-79.46300234429381,1.638342452360133,6,3043.4764673013306,6.294005511318307,169.59390008974287,26.945305304351518,4.762259862391671,8.641785876642436,125,40,49,True
35,15,2,10,90,214,15.041333181972075,1.5041333181972074,4.343828452772137,24.403130335285287,70.09345794392523,53.92880748223089,-76.10118470925953,1.6608892886407272,6,3218.845300942024,6.480322707867332,182.40498461215583,28.147515615342733,4.52415351075593,8.981631613936619,100,40,74,True
35,15,2,10,95,214,15.659145064809046,1.5659145064809046,5.353293725100131,25.44730371495989,70.09345794392523,54.81021910174496,-76.10118470925953,1.6880348382287977,6,3351.0570438691357,6.446070445826013,192.29465265854907,29.831298660886418,4.625988077571311,9.622828418973421,94,40,80,True
35,15,2,11,45,214,8.769335835104414,0.8769335835104414,0.542488841249462,16.119753462437625,82.2429906542056,33.043837004720736,-103.65993273996065,1.47641558089049,5,1876.6378687123445,7.996568610060993,116.05181183145406,14.512701321094385,3.7700631484852556,6.56191729818948,175,31,8,True
35,15,2,11,75,214,17.454973930196594,1.7454973930196596,7.449306109811715,26.864180217639042,74.29906542056075,52.461665385554724,-83.74618864074779,1.8109708375855311,6,3735.3644210620714,5.262619485582944,222.1822903669873,42.21895407328239,5.755006284085742,10.78856990115326,129,34,51,True
35,15,2,11,90,214,18.780452199398447,1.8780452199398445,7.853373398141436,29.848072584162892,72.42990654205607,56.30808275256373,-79.80908569451033,1.8535234769786086,6,4019.0167706712678,4.195358549389585,245.34356422138433,58.47976074823956,5.253445676731507,11.89343531211469,104,34,76,True
35,15,2,11,95,214,19.126419003984036,1.9126419003984036,8.878823650017784,29.619239308429687,72.42990654205607,56.7857401472819,-79.80908569451033,1.8692467826175714,6,4093.053666852584,4.491466696986269,251.54455232062213,56.00499108440593,5.348989758346913,13.726120095057158,96,34,84,True
35,15,2,12,45,214,10.390906703576372,1.039090670357637,2.9372254407023055,18.046198531186334,83.64485981308411,33.504535277457386,-107.8187937171294,1.589256939591034,5,2223.6540345653434,6.4758973897567556,143.35481237094388,22.136671374332646,4.314707542870984,6.77887883981915,178,27,9,True
35,15,2,12,75,214,19.54143104635948,1.954143104635948,8.956427510508691,30.22293289759195,75.70093457943925,53.410487377426435,-85.97370598504139,1.9354081433313985,6,4181.866243920929,4.7943208907562385,259.0685911052904,54.036556377523965,6.171172982096153,11.056917242415174,131,30,53,True
35,15,2,12,90,214,20.95079742761014,2.095079742761014,10.526975253171722,32.030968089247416,73.83177570093457,57.32151292066901,-81.66657842780594,1.9803517843576266,6,4483.47064950857,4.611395183694519,285.320557281762,61.872935611901134,5.650874427361941,12.050745866526096,105,30,79,True
35,15,2,12,95,214,21.324375107716495,2.1324375107716493,9.916857374821111,31.505387910861764,73.83177570093457,57.82749787980039,-81.66657842780594,1.9978326247196165,6,4563.41627305133,4.7433504887192415,292.461748913429,61.65720825584554,5.745272379086274,13.94947435954378,97,30,87,True
35,15,2,13,45,214,10.90699247852252,1.090699247852252,2.0746402650130786,19.40335264651066,84.11214953271028,33.484069608471984,-108.6187099741511,1.6320264147101695,5,2334.0963904038194,6.087308586758846,152.4460762023094,25.043264035260364,4.332684365012523,7.095313213941289,179,23,12,True
35,15,2,13,75,214,20.062541784937416,2.0062541784937418,9.927594310810203,29.72875116115346,76.16822429906543,53.45648473754827,-86.66711902438746,1.9713487630596986,6,4293.383941976607,4.1993057030159475,268.64874355182684,63.97456211841946,6.228286713666723,12.244774203123233,132,26,56,True
35,15,2,13,90,214,21.465771000758547,2.146577100075855,9.758168335762104,32.755159151424024,74.29906542056075,57.33580971786837,-82.23125001779528,2.015688847149347,6,4593.674994162329,4.944861850361167,295.18470359563344,59.69523770903195,5.715877008129062,12.448914146687624,105,26,83,True
35,15,2,13,95,214,21.839348680864898,2.1839348680864896,10.494039837926003,33.19924739355781,74.29906542056075,57.83861238165931,-82.23125001779528,2.0333652997312055,6,4673.620617705088,4.944861850361167,302.43211204882476,61.16088198232181,5.8033353991541485,13.647774889419354,97,26,91,True
35,15,2,14,45,214,10.690130837094134,1.0690130837094134,2.575340773766805,18.823972854994032,84.11214953271028,33.484069608471984,-109.98366265843568,1.6117721443782194,5,2287.6879991381447,6.518366453225068,148.60206672415882,22.797439786564244,4.379090490756264,6.075863342874158,179,21,14,True
35,15,2,14,75,214,19.687072019899784,1.9687072019899783,9.607079597016835,29.464907813269086,76.16822429906543,53.45648473754827,-88.24261960709441,1.9361519257632969,7,4213.033412258554,4.099975317276538,212.33706765692722,51.78984048078974,6.177369274248279,11.24383914085028,132,24,58,True
35,15,2,14,90,214,21.09030123572091,2.109030123572091,10.235490952015859,32.421095383306834,74.29906542056075,57.33580971786837,-83.69216873994172,1.9805032662382756,7,4513.324464444275,3.930972786305418,232.94114073823442,59.25788688991855,5.586049565787603,11.184950571495829,105,24,85,True
35,15,2,14,95,214,21.463878915827262,2.146387891582726,10.692657966627369,32.69647941803001,74.29906542056075,57.83861238165931,-83.69216873994172,1.9978711611509188,7,4593.2700879870345,4.014549458334205,238.5569331583811,59.423089847140105,5.679565849227303,12.193631755120663,97,24,93,True
35,15,3,10,45,207,7.13084594986121,0.713084594986121,-1.296859139407849,14.907470341180884,80.19323671497585,32.58074193181245,-95.91019631852672,1.3753727682261798,5,1476.0851116212705,10.117244412335776,86.87726921841208,8.587048575448486,2.94456726814231,4.565691504248221,166,35,6,True
35,15,3,10,75,207,15.34988453728568,1.534988453728568,5.60867693606294,24.83563156404171,72.46376811594203,51.410864960593024,-79.5474323661547,1.7007682821684695,6,3177.4260992181357,6.527745249220722,179.3477450498707,27.474685086903648,5.126515461438521,9.275260440894245,123,38,46,True
35,15,3,10,90,207,16.138493406206454,1.6138493406206453,6.344610424883869,25.73288612801261,70.53140096618358,54.64087301842832,-76.01474304271801,1.7204530226992338,6,3340.6681350847357,6.448806517534397,191.51031325876238,29.69701645382647,4.839291242699817,9.630941258663293,98,38,71,True
35,15,3,10,95,207,16.757868991199345,1.6757868991199343,5.99555016925373,26.251861894933548,70.53140096618358,55.51902881358947,-76.01474304271801,1.748103126160727,6,3468.8788811782642,6.414885736059469,201.27656734872366,31.37648519868472,4.910788453630953,9.75112200992962,92,38,77,True
35,15,3,11,45,207,9.628627940018788,0.9628627940018788,1.3760865438689258,17.406285829188846,82.6086956521739,33.393489453957606,-103.25446425119056,1.536195805736987,5,1993.1259835838891,8.854628256002162,125.00491243962144,14.117465897553195,4.170027418041416,7.434438045237254,170,29,8,True
35,15,3,11,75,207,18.78899542501873,1.8788995425018729,9.147156702360064,28.981999600063826,74.8792270531401,53.17276085440771,-83.70107460489072,1.8935925281490724,6,3889.322052978877,5.612699852672961,234.63651938164008,41.804572761876464,6.208595548805187,11.65593632390564,127,32,48,True
35,15,3,11,90,207,20.100713066734205,2.0100713066734204,8.971868335272388,31.270353917577843,72.94685990338165,57.059597119227014,-79.55627786052318,1.9339407534403135,6,4160.84760481398,4.457470247051337,257.2794896309912,57.71872281170788,5.612177684403879,13.276306132583363,102,32,73,True
35,15,3,11,95,207,20.43905074474257,2.043905074474257,9.757478650415853,30.90729142385934,72.94685990338165,57.52341102219212,-79.55627786052318,1.9496609592293968,6,4230.883504161712,4.390019574547265,263.2613026569129,59.96813868058038,5.680644354188768,14.226645590305555,94,32,81,True
35,15,3,12,45,207,11.401691543173374,1.1401691543173376,2.8687178860502236,19.443127427060098,84.05797101449275,33.86139769230329,-107.02221360678436,1.6682696898875742,5,2360.1501494368886,7.308286839434601,154.6192813439184,21.156706727712454,4.786600331377155,7.6975710803897055,173,25,9,True
35,15,3,12,75,207,21.042666066848962,2.104266606684896,10.196254781686367,30.939334444765198,76.32850241545893,54.132101843500486,-85.65388194766001,2.0378342003534806,6,4355.831875837735,4.4898563744377205,274.07816021314477,61.04385916965295,6.687208816363134,12.319967728671758,129,28,50,True
35,15,3,12,90,207,22.441108616672864,2.2441108616672865,11.666195788824925,33.04704900072233,74.39613526570048,58.08471025858184,-81.12709238057208,2.0803708869162776,6,4645.309483651283,4.611395183694519,299.85675583538386,65.0251700170158,6.055695305272154,13.557975601481695,103,28,76,True
35,15,3,12,95,207,22.80799087130657,2.280799087130657,12.094830203656866,33.72533907589408,74.39613526570048,58.57785718526481,-81.12709238057208,2.0980335128410044,6,4721.25411036046,4.611395183694519,306.787043016506,66.52803127809942,6.150404333743221,14.920543460898726,95,28,84,True
35,15,3,13,45,207,12.031886498914805,1.2031886498914803,3.6750437182519198,20.942526500350176,84.54106280193237,33.83830807611919,-107.22198150142165,1.725889082630162,5,2490.6005052753644,6.904893108916471,165.66514070745475,23.992426543653078,4.772653511003267,7.113690637134358,174,21,12,True
35,15,3,13,75,207,21.678055912528563,2.1678055912528564,10.954582216746122,32.77658362987931,76.81159420289855,54.17471791415323,-85.96713696785314,2.087469228592993,6,4487.357573893412,4.537813376774968,285.6659818297206,62.95234248543378,6.730825244173809,12.547806730585506,130,24,53,True
35,15,3,13,90,207,23.070153759927738,2.3070153759927736,11.947094745574631,33.23020116895366,74.8792270531401,58.094452151593366,-81.32919721522943,2.129200353393361,6,4775.521828305042,4.944861850361167,311.7820375204878,63.05171852227087,6.119787043077189,12.853154709341295,103,24,80,True
35,15,3,13,95,207,23.43703601456144,2.343703601456144,12.276738724103648,33.957903234743,74.8792270531401,58.58441748520096,-81.32919721522943,2.147157909112202,6,4851.466455014218,4.944861850361167,318.8323395608623,64.47750194225854,6.205465270318665,14.084946200862191,95,24,88,True
35,15,3,14,45,207,11.904348376858403,1.1904348376858402,3.3656355646525853,20.53492261648958,84.54106280193237,33.83830807611919,-108.046993728474,1.7127107465509157,5,2464.2001140096895,7.339921557923904,163.40747957898586,22.262837319096043,4.893793454734896,6.145611216386586,174,19,14,True
35,15,3,14,75,207,21.38654610712733,2.138654610712733,10.97217137440058,31.509464826170852,76.81159420289855,54.17471791415323,-87.2242730036459,2.0573831906071782,7,4427.015044175358,4.40713946065094,226.94005126443182,51.49373040963684,6.753667081631406,11.625996066711583,130,22,55,True
35,15,3,14,90,207,22.77864395452651,2.2778643954526507,11.621678151155292,33.57627156236968,74.8792270531401,58.094452151593366,-82.48963047903814,2.0992475593143674,7,4715.179298586987,4.235159488052403,247.22669137476584,58.37482438907075,6.03718034265946,11.649385483866515,103,22,82,True
35,15,3,14,95,207,23.145526209160213,2.314552620916021,12.174178267741066,33.73984914796461,74.8792270531401,58.58441748520096,-82.48963047903814,2.1169524948569287,7,4791.123925296164,4.04406790787552,252.69268769549805,62.484778557599874,6.1304544329611845,12.687505312109215,95,22,90,True
35,15,4,10,45,197,6.853023867950808,0.6853023867950808,-1.7127491792030434,14.810600771423443,79.69543147208121,33.45239599936641,-97.54951174785545,1.3459898665294932,5,1350.0457019863093,10.517825845562154,78.20662059581787,7.435626121230752,2.7650475182024925,4.367814855217001,157,35,5,True
35,15,4,10,75,197,15.19620751641518,1.5196207516415179,4.555885535271217,25.198447266876826,72.08121827411168,52.78458002790125,-81.8501360586943,1.6649964801273696,6,2993.6528807337904,7.001669840035145,166.0176484686463,23.711150662855733,4.908299392133839,8.819968676476519,116,38,43,True
35,15,4,10,90,197,15.815606932761867,1.5815606932761868,4.795286976177518,26.140250704525837,70.05076142131979,55.94295456316852,-78.04157905022318,1.6766654920369195,6,3115.674565754088,6.448806517534397,174.8259150514915,27.10980932303324,4.618147720639008,9.204818254414047,91,38,68,True
35,15,4,10,95,197,16.39570186304811,1.639570186304811,5.442119787787043,27.273210872954408,70.05076142131979,56.77106109408438,-78.04157905022318,1.7014846610450427,6,3229.9532670204776,6.414885736059469,183.22820668142822,28.562972782424257,4.653963541133455,9.289193184069344,85,38,74,True
35,15,4,11,45,197,9.477596822075778,0.9477596822075779,1.0204156487561056,18.00394906584397,82.23350253807106,34.28339325831118,-105.33780382564235,1.5064215195956958,5,1867.0865739489282,9.219686994854742,115.32715506202389,12.50879288270685,4.014353409969515,7.357046522385484,161,29,7,True
35,15,4,11,75,197,18.809892560885945,1.8809892560885948,8.26910447568531,29.028115561484444,74.61928934010153,54.59563641024637,-86.40019435623375,1.8577640043762644,6,3705.548834494531,6.045234292080061,219.8023525895274,36.35960857257316,6.011861953845526,11.15852682553376,120,32,45,True
35,15,4,11,90,197,19.97895449483925,1.997895449483925,8.913356231529185,31.802825924850744,72.58883248730965,58.45146457363636,-81.90195182493828,1.8899200106741638,6,3935.854035483332,4.954551532905785,238.45526604366992,48.1285267616984,5.399788896785878,12.699215970145879,95,32,70,True
35,15,4,11,95,197,20.263745634537695,2.0263745634537695,8.649974935984767,30.979296020123048,72.58883248730965,58.84379922063352,-81.90195182493828,1.9026054259267895,6,3991.957890003926,4.916377839382176,243.0933680507031,49.44562358560541,5.429091132169348,13.552901652451451,87,32,78,True
35,15,4,12,45,197,11.34066365381689,1.1340663653816891,2.5799144260371363,19.278425573037836,83.75634517766497,34.76064369503293,-109.41860843370333,1.6380629549050763,5,2234.110739801927,7.653567266254043,144.20720390198073,18.841828768895294,4.650230889165916,7.690121275609617,164,25,8,True
35,15,4,12,75,197,21.17796272768218,2.117796272768218,10.513736870237024,32.584315925666615,76.14213197969542,55.577684740974,-88.60838412324915,2.001792396441109,6,4172.058657353389,4.904725390460492,258.23311967499865,52.649862962206285,6.496010454717749,11.863343048999148,122,28,47,True
35,15,4,12,90,197,22.43815184934332,2.243815184934332,11.193249217908159,34.36910011467379,74.11167512690355,59.50414827978306,-83.67234773583705,2.035860274158273,6,4420.315914320634,4.611395183694519,279.7335067360437,60.66136073636811,5.852375196702349,13.02792864312963,96,28,73,True
35,15,4,12,95,197,22.752936528947572,2.275293652894757,10.51196309765048,33.9886178684832,74.11167512690355,59.928891991303864,-83.67234773583705,2.0503923508954767,6,4482.328496202672,4.611395183694519,285.21909050014483,61.85093212324418,5.907050399855276,14.2629734530489,88,28,81,True
35,15,4,13,45,197,12.002848201220322,1.2002848201220322,3.2496426592976415,19.84832067940583,84.26395939086294,34.730885087593485,-109.70212351290694,1.6953025331959293,5,2364.5610956404034,7.241693513968832,154.98829012446714,21.402216184032532,4.643002694595084,7.055007792226796,165,21,11,True
35,15,4,13,75,197,21.84560586502064,2.184560586502064,10.541345818417268,32.524933412015145,76.6497461928934,55.61298522002242,-88.99948723509388,2.051199108509435,6,4303.584355409066,4.946310520493532,269.5324197918422,54.491609185294095,6.539698191522371,12.059814905418738,123,24,50,True
35,15,4,13,90,197,23.099128218144127,2.3099128218144127,12.108740349141767,34.28982268962432,74.61928934010153,59.50476430288227,-83.93344187098599,2.0843182782779257,6,4550.528258974393,4.944861850361167,291.305319064265,58.910709313949475,5.918249336560745,12.343832343866737,96,24,77,True
35,15,4,13,95,197,23.41391289774838,2.3413912897748377,12.255635563694247,34.6328223127496,74.61928934010153,59.92661860139951,-83.93344187098599,2.099094887100272,6,4612.540840856431,4.944861850361167,296.8880129832116,60.03969816902514,5.964810198469207,13.467400521757387,88,24,85,True
35,15,4,14,45,197,11.86883606281588,1.186883606281588,2.747612658764635,20.01394773131066,84.26395939086294,34.730885087593485,-110.55374903760612,1.6822431578068076,5,2338.1607043747285,7.6808276296312465,152.78437129689846,19.891654736201076,4.76136531234626,6.0760461437693705,165,19,13,True
35,15,4,14,75,197,21.53929860756859,2.1539298607568593,11.411909122592727,32.49115020242362,76.6497461928934,55.61298522002242,-90.3112813593994,2.021404924462645,7,4243.241825691012,4.776409102627682,214.37492061707536,44.882026646155516,6.556339554876033,11.147548778634336,123,22,52,True
35,15,4,14,90,197,22.79282096069208,2.279282096069208,11.082100342960114,34.600575847716705,74.61928934010153,59.50476430288227,-85.14029246534704,2.054773386192887,7,4490.18572925634,4.665974176587482,231.32602556048946,49.57721941994814,5.832020889737754,11.17038158423219,96,22,79,True
35,15,4,14,95,197,23.107605640296324,2.3107605640296325,10.905196968456858,34.800135647369984,74.61928934010153,59.92661860139951,-85.14029246534704,2.0693405388503137,7,4552.198311138376,4.499356955005665,235.66496119290207,52.37747605926619,5.886879486232706,12.112596332652188,88,22,87,True
35,15,5,10,45,189,7.909759697254637,0.7909759697254637,-0.4293467434580989,16.556472283846222,80.42328042328042,34.042873983062485,-99.44789899038838,1.4062821643586276,5,1494.9445827811264,8.927100486772172,88.19548043971174,9.87952141576051,3.2230448817773496,5.318470021706564,152,33,4,True
35,15,5,10,75,189,17.053212330120253,1.7053212330120253,5.772605353190336,26.829960241574813,73.01587301587301,53.62126823660968,-81.89564482861584,1.7716796023452184,6,3223.057130392728,6.287192596463374,182.71696199545593,29.061772673901633,5.539174552592686,10.208798756732822,112,35,42,True
35,15,5,10,90,189,17.593732176105036,1.7593732176105035,6.619718262796035,28.15404138578772,70.8994708994709,56.750663793121184,-77.80679212717071,1.7770332104049773,6,3325.2153812838515,6.478141416699494,190.34595002325338,29.382802532308947,5.1328113438031915,10.567777498008336,87,35,67,True
35,15,5,10,95,189,18.163114748712797,1.8163114748712799,7.477168967482973,29.407697991911363,70.8994708994709,57.553748167918705,-77.80679212717071,1.8021801868346257,6,3432.828687506719,6.445576403337844,198.51142371525393,30.798087136544485,5.07965275367547,10.172035981721683,81,35,73,True
35,15,5,11,45,189,10.751288120337275,1.0751288120337275,1.3589573342346963,19.523061526681033,83.06878306878306,34.881531091537454,-107.63771645711363,1.5899400094207907,5,2031.9934547437451,7.580966455961136,128.0397205732298,16.889630275642286,4.658013964529122,10.109062259059582,156,27,6,True
35,15,5,11,75,189,20.99662780292965,2.099662780292965,10.271535726078731,30.83814422174981,75.66137566137566,55.45372870626837,-86.12001196179723,2.001727140986461,6,3968.3626547537033,4.804723016609264,241.13824150985948,50.18775081857536,6.763730302306186,13.61142290996821,116,29,44,True
35,15,5,11,90,189,22.110076304832436,2.211007630483244,11.164201316644968,33.6218698620966,73.54497354497354,59.302306853172546,-81.28432461955308,2.0281944129257394,6,4178.80442161333,4.183355150799282,258.8076434606968,61.86604630286969,5.964679108191713,15.518578382263014,91,29,69,True
35,15,5,11,95,189,22.371655455504772,2.2371655455504773,11.130915824282544,33.14769175564575,73.54497354497354,59.657979223511184,-81.28432461955308,2.04035874097016,6,4228.242881090402,4.183355150799282,263.03470840297007,62.876494804108134,5.905573697873179,15.524988715673924,83,29,77,True
35,15,5,12,45,189,12.799077357654733,1.2799077357654733,3.243122960205929,21.348202991116775,84.65608465608466,35.36248052003377,-111.68866422788477,1.746849979350687,5,2419.0256205967444,5.902729131700714,159.57050354655235,27.033343388497375,5.397794267792567,10.467814857773677,159,23,7,True
35,15,5,12,75,189,23.623727394775457,2.3623727394775456,11.6420675184727,35.07254316154922,77.24867724867724,56.44505043723465,-87.81611363310921,2.182408540293535,6,4464.884477612562,3.863698856548823,283.6713427519112,73.41963058821187,7.330076524600217,14.667034466960692,118,25,46,True
35,15,5,12,90,189,24.83216031984462,2.483216031984462,13.500183814194965,35.883642538209195,75.13227513227513,60.36666808034725,-82.5274163182697,2.209985597160454,6,4693.278300450633,4.611395183694519,304.22600141872726,65.97265888086174,6.483490431993421,16.0479454162643,92,25,72,True
35,15,5,12,95,189,25.125002578249457,2.512500257824946,13.110860023789641,36.88029888364131,75.13227513227513,60.75643700174525,-82.5274163182697,2.224254791235632,6,4748.625487289148,4.611395183694519,309.3019349415392,67.07339592911124,6.444381095415516,16.499400373038444,84,25,80,True
35,15,5,13,45,189,13.069561198256668,1.3069561198256667,3.8120295381609512,22.17576776215096,85.18518518518519,35.32805961531359,-114.91680469982064,1.7676817878697093,5,2470.1470664705103,5.376215350917853,163.91505473904377,30.48893023064253,5.139518860495123,9.469769749131515,160,20,9,True
35,15,5,13,75,189,23.952832093669464,2.3952832093669465,13.081244869853485,35.03844375546632,77.77777777777779,56.47541102662274,-89.87619417166704,2.199291374261284,6,4527.085265703528,4.044665226872106,289.2069281470888,71.50330421060423,7.2140661586674595,15.471881056711233,119,22,48,True
35,15,5,13,90,189,25.154316058940115,2.515431605894012,13.813331652199178,36.374212765713914,75.66137566137566,60.36126972786488,-84.2933877379347,2.2260917706391377,6,4754.165735139682,4.944861850361167,309.81208105647227,62.65333399230233,6.428151693570062,15.369150211003946,92,22,75,True
35,15,5,13,95,189,25.447158317344954,2.5447158317344956,13.58026005545506,37.48541274409609,75.66137566137566,60.74831299246987,-84.2933877379347,2.2403657219675788,6,4809.512921978197,4.944861850361167,314.92891806704097,63.68811254940094,6.40246656168266,15.580416248104243,84,22,83,True
35,15,5,14,45,189,12.982807805316588,1.2982807805316587,3.6196769845594443,21.702487484495858,85.18518518518519,35.32805961531359,-115.50239010216617,1.7587198205021688,5,2453.7506752048353,5.670769333187266,162.5170024739099,28.65872211073818,5.344809316348551,8.105569370547265,160,18,11,True
35,15,5,14,75,189,23.73942188352103,2.373942188352103,12.293985937861377,34.35478758881639,77.77777777777779,56.47541102662274,-90.83654011733498,2.1760399321446413,7,4486.750735985474,3.3926878550822064,231.08665082932208,68.11314824709176,7.308368742027454,14.448540442760327,119,20,50,True
35,15,5,14,90,189,24.94090584879168,2.4940905848791677,13.367643744533266,37.317521520167425,75.66137566137566,60.36126972786488,-85.17022534050106,2.2031738910226824,7,4713.831205421628,3.3802265985875497,247.130116406852,73.11051765290439,6.383719200755677,13.818322455388909,92,20,77,True
35,15,5,14,95,189,25.233748107196522,2.5233748107196523,13.846045516690065,36.98403372425899,75.66137566137566,60.74831299246987,-85.17022534050106,2.217300890324028,7,4769.178392260143,3.3802265985875497,251.10804883907062,74.28734184388638,6.365696290055899,14.061057003014753,84,20,85,True
35,20,2,10,45,214,6.4467523212604,0.6446752321260399,-1.3348261908264174,14.232389101888595,79.90654205607477,32.244630274181084,-96.14480884035441,1.3337032703137286,5,1379.6049967497256,9.19484434811447,80.21843577499732,8.724284255170367,2.6647089682807232,4.1761253863167065,171,37,6,True
35,20,2,10,75,214,14.221852650940797,1.4221852650940796,4.45962672173713,24.00381957670482,71.96261682242991,50.72244550622702,-79.46300234429381,1.638342452360133,6,3043.4764673013306,6.294005511318307,169.59390008974287,26.945305304351518,4.762259862391671,8.641785876642436,125,40,49,True
35,20,2,10,90,214,15.041333181972075,1.5041333181972074,5.330197739262102,25.363099368747562,70.09345794392523,53.92880748223089,-76.10118470925953,1.6608892886407272,6,3218.845300942024,6.480322707867332,182.40498461215583,28.147515615342733,4.52415351075593,8.981631613936619,100,40,74,True
35,20,2,10,95,214,15.659145064809046,1.5659145064809046,5.934509283772341,25.972535251269925,70.09345794392523,54.81021910174496,-76.10118470925953,1.6880348382287977,6,3351.0570438691357,6.446070445826013,192.29465265854907,29.831298660886418,4.625988077571311,9.622828418973421,94,40,80,True
35,20,2,11,45,214,8.769335835104414,0.8769335835104414,0.5435361289022882,16.682243316056496,82.2429906542056,33.043837004720736,-103.65993273996065,1.47641558089049,5,1876.6378687123445,7.996568610060993,116.05181183145406,14.512701321094385,3.7700631484852556,6.56191729818948,175,31,8,True
35,20,2,11,75,214,17.454973930196594,1.7454973930196596,6.764707284517125,26.716781820541126,74.29906542056075,52.461665385554724,-83.74618864074779,1.8109708375855311,6,3735.3644210620714,5.262619485582944,222.1822903669873,42.21895407328239,5.755006284085742,10.78856990115326,129,34,51,True
35,20,2,11,90,214,18.780452199398447,1.8780452199398445,8.241542445466353,29.8822842282629,72.42990654205607,56.30808275256373,-79.80908569451033,1.8535234769786086,6,4019.0167706712678,4.195358549389585,245.34356422138433,58.47976074823956,5.253445676731507,11.89343531211469,104,34,76,True
35,20,2,11,95,214,19.126419003984036,1.9126419003984036,9.138896819832187,30.01664179867438,72.42990654205607,56.7857401472819,-79.80908569451033,1.8692467826175714,6,4093.053666852584,4.491466696986269,251.54455232062213,56.00499108440593,5.348989758346913,13.726120095057158,96,34,84,True
35,20,2,12,45,214,10.390906703576372,1.039090670357637,1.621915980385869,18.354593873928494,83.64485981308411,33.504535277457386,-107.8187937171294,1.589256939591034,5,2223.6540345653434,6.4758973897567556,143.35481237094388,22.136671374332646,4.314707542870984,6.77887883981915,178,27,9,True
35,20,2,12,75,214,19.54143104635948,1.954143104635948,9.608328485491077,30.305590876549104,75.70093457943925,53.410487377426435,-85.97370598504139,1.9354081433313985,6,4181.866243920929,4.7943208907562385,259.0685911052904,54.036556377523965,6.171172982096153,11.056917242415174,131,30,53,True
35,20,2,12,90,214,20.95079742761014,2.095079742761014,10.477514981609039,32.13775965370242,73.83177570093457,57.32151292066901,-81.66657842780594,1.9803517843576266,6,4483.47064950857,4.611395183694519,285.320557281762,61.872935611901134,5.650874427361941,12.050745866526096,105,30,79,True
35,20,2,12,95,214,21.324375107716495,2.1324375107716493,10.043605388165153,32.73286816205904,73.83177570093457,57.82749787980039,-81.66657842780594,1.9978326247196165,6,4563.41627305133,4.7433504887192415,292.461748913429,61.65720825584554,5.745272379086274,13.94947435954378,97,30,87,True
35,20,2,13,45,214,10.90699247852252,1.090699247852252,2.4883741375528476,18.81584037326636,84.11214953271028,33.484069608471984,-108.6187099741511,1.6320264147101695,5,2334.0963904038194,6.087308586758846,152.4460762023094,25.043264035260364,4.332684365012523,7.095313213941289,179,23,12,True
35,20,2,13,75,214,20.062541784937416,2.0062541784937418,10.17084253348652,30.52343890515319,76.16822429906543,53.45648473754827,-86.66711902438746,1.9713487630596986,6,4293.383941976607,4.1993057030159475,268.64874355182684,63.97456211841946,6.228286713666723,12.244774203123233,132,26,56,True
35,20,2,13,90,214,21.465771000758547,2.146577100075855,11.613573660808814,31.885052515449683,74.29906542056075,57.33580971786837,-82.23125001779528,2.015688847149347,6,4593.674994162329,4.944861850361167,295.18470359563344,59.69523770903195,5.715877008129062,12.448914146687624,105,26,83,True
35,20,2,13,95,214,21.839348680864898,2.1839348680864896,10.99796833213115,32.45511522278654,74.29906542056075,57.83861238165931,-82.23125001779528,2.0333652997312055,6,4673.620617705088,4.944861850361167,302.43211204882476,61.16088198232181,5.8033353991541485,13.647774889419354,97,26,91,True
35,20,2,14,45,214,10.690130837094134,1.0690130837094134,1.7139244986576108,18.982758832035444,84.11214953271028,33.484069608471984,-109.98366265843568,1.6117721443782194,5,2287.6879991381447,6.518366453225068,148.60206672415882,22.797439786564244,4.379090490756264,6.075863342874158,179,21,14,True
35,20,2,14,75,214,19.687072019899784,1.9687072019899783,8.531874529063641,30.193677854733426,76.16822429906543,53.45648473754827,-88.24261960709441,1.9361519257632969,7,4213.033412258554,4.099975317276538,212.33706765692722,51.78984048078974,6.177369274248279,11.24383914085028,132,24,58,True
35,20,2,14,90,214,21.09030123572091,2.109030123572091,10.763132037305791,31.902935603058193,74.29906542056075,57.33580971786837,-83.69216873994172,1.9805032662382756,7,4513.324464444275,3.930972786305418,232.94114073823442,59.25788688991855,5.586049565787603,11.184950571495829,105,24,85,True
35,20,2,14,95,214,21.463878915827262,2.146387891582726,11.112866062047685,32.699972708060436,74.29906542056075,57.83861238165931,-83.69216873994172,1.9978711611509188,7,4593.2700879870345,4.014549458334205,238.5569331583811,59.423089847140105,5.679565849227303,12.193631755120663,97,24,93,True
35,20,3,10,45,207,7.13084594986121,0.713084594986121,-0.8112977239107909,15.164574715177949,80.19323671497585,32.58074193181245,-95.91019631852672,1.3753727682261798,5,1476.0851116212705,10.117244412335776,86.87726921841208,8.587048575448486,2.94456726814231,4.565691504248221,166,35,6,True
35,20,3,10,75,207,15.34988453728568,1.534988453728568,5.6934142430327315,24.475387818350487,72.46376811594203,51.410864960593024,-79.5474323661547,1.7007682821684695,6,3177.4260992181357,6.527745249220722,179.3477450498707,27.474685086903648,5.126515461438521,9.275260440894245,123,38,46,True
35,20,3,10,90,207,16.138493406206454,1.6138493406206453,5.759264430785549,26.674340801031942,70.53140096618358,54.64087301842832,-76.01474304271801,1.7204530226992338,6,3340.6681350847357,6.448806517534397,191.51031325876238,29.69701645382647,4.839291242699817,9.630941258663293,98,38,71,True
35,20,3,10,95,207,16.757868991199345,1.6757868991199343,6.220891127209373,26.901266355690833,70.53140096618358,55.51902881358947,-76.01474304271801,1.748103126160727,6,3468.8788811782642,6.414885736059469,201.27656734872366,31.37648519868472,4.910788453630953,9.75112200992962,92,38,77,True
35,20,3,11,45,207,9.628627940018788,0.9628627940018788,1.443934663036962,17.23689349585999,82.6086956521739,33.393489453957606,-103.25446425119056,1.536195805736987,5,1993.1259835838891,8.854628256002162,125.00491243962144,14.117465897553195,4.170027418041416,7.434438045237254,170,29,8,True
35,20,3,11,75,207,18.78899542501873,1.8788995425018729,8.900037076198112,28.840305895704972,74.8792270531401,53.17276085440771,-83.70107460489072,1.8935925281490724,6,3889.322052978877,5.612699852672961,234.63651938164008,41.804572761876464,6.208595548805187,11.65593632390564,127,32,48,True
35,20,3,11,90,207,20.100713066734205,2.0100713066734204,9.703989192023066,31.14323427067081,72.94685990338165,57.059597119227014,-79.55627786052318,1.9339407534403135,6,4160.84760481398,4.457470247051337,257.2794896309912,57.71872281170788,5.612177684403879,13.276306132583363,102,32,73,True
35,20,3,11,95,207,20.43905074474257,2.043905074474257,8.801646411788077,31.265273034133124,72.94685990338165,57.52341102219212,-79.55627786052318,1.9496609592293968,6,4230.883504161712,4.390019574547265,263.2613026569129,59.96813868058038,5.680644354188768,14.226645590305555,94,32,81,True
35,20,3,12,45,207,11.401691543173374,1.1401691543173376,3.0023502120917835,19.319280140948305,84.05797101449275,33.86139769230329,-107.02221360678436,1.6682696898875742,5,2360.1501494368886,7.308286839434601,154.6192813439184,21.156706727712454,4.786600331377155,7.6975710803897055,173,25,9,True
35,20,3,12,75,207,21.042666066848962,2.104266606684896,10.151644510400878,32.55906355178253,76.32850241545893,54.132101843500486,-85.65388194766001,2.0378342003534806,6,4355.831875837735,4.4898563744377205,274.07816021314477,61.04385916965295,6.687208816363134,12.319967728671758,129,28,50,True
35,20,3,12,90,207,22.441108616672864,2.2441108616672865,11.650890365155817,32.908587196728895,74.39613526570048,58.08471025858184,-81.12709238057208,2.0803708869162776,6,4645.309483651283,4.611395183694519,299.85675583538386,65.0251700170158,6.055695305272154,13.557975601481695,103,28,76,True
35,20,3,12,95,207,22.80799087130657,2.280799087130657,11.706081537548283,34.03860726253785,74.39613526570048,58.57785718526481,-81.12709238057208,2.0980335128410044,6,4721.25411036046,4.611395183694519,306.787043016506,66.52803127809942,6.150404333743221,14.920543460898726,95,28,84,True
35,20,3,13,45,207,12.031886498914805,1.2031886498914803,3.81345393480733,20.13415884151819,84.54106280193237,33.83830807611919,-107.22198150142165,1.725889082630162,5,2490.6005052753644,6.904893108916471,165.66514070745475,23.992426543653078,4.772653511003267,7.113690637134358,174,21,12,True
35,20,3,13,75,207,21.678055912528563,2.1678055912528564,10.3379686757666,31.24246950588747,76.81159420289855,54.17471791415323,-85.96713696785314,2.087469228592993,6,4487.357573893412,4.537813376774968,285.6659818297206,62.95234248543378,6.730825244173809,12.547806730585506,130,24,53,True
35,20,3,13,90,207,23.070153759927738,2.3070153759927736,12.862809951003058,34.778916818493855,74.8792270531401,58.094452151593366,-81.32919721522943,2.129200353393361,6,4775.521828305042,4.944861850361167,311.7820375204878,63.05171852227087,6.119787043077189,12.853154709341295,103,24,80,True
35,20,3,13,95,207,23.43703601456144,2.343703601456144,13.54557995239703,34.518809530920656,74.8792270531401,58.58441748520096,-81.32919721522943,2.147157909112202,6,4851.466455014218,4.944861850361167,318.8323395608623,64.47750194225854,6.205465270318665,14.084946200862191,95,24,88,True
35,20,3,14,45,207,11.904348376858403,1.1904348376858402,2.8937395911156263,20.47767022721207,84.54106280193237,33.83830807611919,-108.046993728474,1.7127107465509157,5,2464.2001140096895,7.339921557923904,163.40747957898586,22.262837319096043,4.893793454734896,6.145611216386586,174,19,14,True
35,20,3,14,75,207,21.38654610712733,2.138654610712733,10.873870323943985,31.651103984792265,76.81159420289855,54.17471791415323,-87.2242730036459,2.0573831906071782,7,4427.015044175358,4.40713946065094,226.94005126443182,51.49373040963684,6.753667081631406,11.625996066711583,130,22,55,True
35,20,3,14,90,207,22.77864395452651,2.2778643954526507,11.419274966644196,33.88160339324857,74.8792270531401,58.094452151593366,-82.48963047903814,2.0992475593143674,7,4715.179298586987,4.235159488052403,247.22669137476584,58.37482438907075,6.03718034265946,11.649385483866515,103,22,82,True
35,20,3,14,95,207,23.145526209160213,2.314552620916021,11.266425384500273,34.31580151783813,74.8792270531401,58.58441748520096,-82.48963047903814,2.1169524948569287,7,4791.123925296164,4.04406790787552,252.69268769549805,62.484778557599874,6.1304544329611845,12.687505312109215,95,22,90,True
35,20,4,10,45,197,6.853023867950808,0.6853023867950808,-1.3031445266924562,14.79313825290808,79.69543147208121,33.45239599936641,-97.54951174785545,1.3459898665294932,5,1350.0457019863093,10.517825845562154,78.20662059581787,7.435626121230752,2.7650475182024925,4.367814855217001,157,35,5,True
35,20,4,10,75,197,15.19620751641518,1.5196207516415179,5.578159710659067,25.261403044071326,72.08121827411168,52.78458002790125,-81.8501360586943,1.6649964801273696,6,2993.6528807337904,7.001669840035145,166.0176484686463,23.711150662855733,4.908299392133839,8.819968676476519,116,38,43,True
35,20,4,10,90,197,15.815606932761867,1.5815606932761868,5.486063743113898,26.72793798978309,70.05076142131979,55.94295456316852,-78.04157905022318,1.6766654920369195,6,3115.674565754088,6.448806517534397,174.8259150514915,27.10980932303324,4.618147720639008,9.204818254414047,91,38,68,True
35,20,4,10,95,197,16.39570186304811,1.639570186304811,6.613743877552471,26.973646173207595,70.05076142131979,56.77106109408438,-78.04157905022318,1.7014846610450427,6,3229.9532670204776,6.414885736059469,183.22820668142822,28.562972782424257,4.653963541133455,9.289193184069344,85,38,74,True
35,20,4,11,45,197,9.477596822075778,0.9477596822075779,0.5141952274516245,18.0592677440464,82.23350253807106,34.28339325831118,-105.33780382564235,1.5064215195956958,5,1867.0865739489282,9.219686994854742,115.32715506202389,12.50879288270685,4.014353409969515,7.357046522385484,161,29,7,True
35,20,4,11,75,197,18.809892560885945,1.8809892560885948,7.912518795312872,29.92552305074351,74.61928934010153,54.59563641024637,-86.40019435623375,1.8577640043762644,6,3705.548834494531,6.045234292080061,219.8023525895274,36.35960857257316,6.011861953845526,11.15852682553376,120,32,45,True
35,20,4,11,90,197,19.97895449483925,1.997895449483925,8.418087107419664,30.2787720328499,72.58883248730965,58.45146457363636,-81.90195182493828,1.8899200106741638,6,3935.854035483332,4.954551532905785,238.45526604366992,48.1285267616984,5.399788896785878,12.699215970145879,95,32,70,True
35,20,4,11,95,197,20.263745634537695,2.0263745634537695,9.014614918901662,32.006140944987585,72.58883248730965,58.84379922063352,-81.90195182493828,1.9026054259267895,6,3991.957890003926,4.916377839382176,243.0933680507031,49.44562358560541,5.429091132169348,13.552901652451451,87,32,78,True
35,20,4,12,45,197,11.34066365381689,1.1340663653816891,2.308330587885225,19.570877673496494,83.75634517766497,34.76064369503293,-109.41860843370333,1.6380629549050763,5,2234.110739801927,7.653567266254043,144.20720390198073,18.841828768895294,4.650230889165916,7.690121275609617,164,25,8,True
35,20,4,12,75,197,21.17796272768218,2.117796272768218,10.209083366831118,32.66539640566243,76.14213197969542,55.577684740974,-88.60838412324915,2.001792396441109,6,4172.058657353389,4.904725390460492,258.23311967499865,52.649862962206285,6.496010454717749,11.863343048999148,122,28,47,True
35,20,4,12,90,197,22.43815184934332,2.243815184934332,11.116543600254257,33.80648869968579,74.11167512690355,59.50414827978306,-83.67234773583705,2.035860274158273,6,4420.315914320634,4.611395183694519,279.7335067360437,60.66136073636811,5.852375196702349,13.02792864312963,96,28,73,True
35,20,4,12,95,197,22.752936528947572,2.275293652894757,11.746920063457331,33.41922453152224,74.11167512690355,59.928891991303864,-83.67234773583705,2.0503923508954767,6,4482.328496202672,4.611395183694519,285.21909050014483,61.85093212324418,5.907050399855276,14.2629734530489,88,28,81,True
35,20,4,13,45,197,12.002848201220322,1.2002848201220322,3.4279610684156934,20.331320848769394,84.26395939086294,34.730885087593485,-109.70212351290694,1.6953025331959293,5,2364.5610956404034,7.241693513968832,154.98829012446714,21.402216184032532,4.643002694595084,7.055007792226796,165,21,11,True
35,20,4,13,75,197,21.84560586502064,2.184560586502064,11.218640358485922,32.52361834618015,76.6497461928934,55.61298522002242,-88.99948723509388,2.051199108509435,6,4303.584355409066,4.946310520493532,269.5324197918422,54.491609185294095,6.539698191522371,12.059814905418738,123,24,50,True
35,20,4,13,90,197,23.099128218144127,2.3099128218144127,11.460223424321446,35.3417395219417,74.61928934010153,59.50476430288227,-83.93344187098599,2.0843182782779257,6,4550.528258974393,4.944861850361167,291.305319064265,58.910709313949475,5.918249336560745,12.343832343866737,96,24,77,True
35,20,4,13,95,197,23.41391289774838,2.3413912897748377,12.733482509029345,34.20534962075038,74.61928934010153,59.92661860139951,-83.93344187098599,2.099094887100272,6,4612.540840856431,4.944861850361167,296.8880129832116,60.03969816902514,5.964810198469207,13.467400521757387,88,24,85,True
35,20,4,14,45,197,11.86883606281588,1.186883606281588,2.5944648244268067,20.26428334107962,84.26395939086294,34.730885087593485,-110.55374903760612,1.6822431578068076,5,2338.1607043747285,7.6808276296312465,152.78437129689846,19.891654736201076,4.76136531234626,6.0760461437693705,165,19,13,True
35,20,4,14,75,197,21.53929860756859,2.1539298607568593,10.014764448795342,32.09167527072918,76.6497461928934,55.61298522002242,-90.3112813593994,2.021404924462645,7,4243.241825691012,4.776409102627682,214.37492061707536,44.882026646155516,6.556339554876033,11.147548778634336,123,22,52,True
35,20,4,14,90,197,22.79282096069208,2.279282096069208,11.601201199465466,34.34292798215185,74.61928934010153,59.50476430288227,-85.14029246534704,2.054773386192887,7,4490.18572925634,4.665974176587482,231.32602556048946,49.57721941994814,5.832020889737754,11.17038158423219,96,22,79,True
35,20,4,14,95,197,23.107605640296324,2.3107605640296325,11.147250990328475,34.42123333098238,74.61928934010153,59.92661860139951,-85.14029246534704,2.0693405388503137,7,4552.198311138376,4.499356955005665,235.66496119290207,52.37747605926619,5.886879486232706,12.112596332652188,88,22,87,True
35,20,5,10,45,189,7.909759697254637,0.7909759697254637,-1.2085795913085007,15.926012894795683,80.42328042328042,34.042873983062485,-99.44789899038838,1.4062821643586276,5,1494.9445827811264,8.927100486772172,88.19548043971174,9.87952141576051,3.2230448817773496,5.318470021706564,152,33,4,True
35,20,5,10,75,189,17.053212330120253,1.7053212330120253,7.094275265308773,27.896876056760593,73.01587301587301,53.62126823660968,-81.89564482861584,1.7716796023452184,6,3223.057130392728,6.287192596463374,182.71696199545593,29.061772673901633,5.539174552592686,10.208798756732822,112,35,42,True
35,20,5,10,90,189,17.593732176105036,1.7593732176105035,6.439368888389805,28.892059065509947,70.8994708994709,56.750663793121184,-77.80679212717071,1.7770332104049773,6,3325.2153812838515,6.478141416699494,190.34595002325338,29.382802532308947,5.1328113438031915,10.567777498008336,87,35,67,True
35,20,5,10,95,189,18.163114748712797,1.8163114748712799,5.949409590435749,29.083091954703345,70.8994708994709,57.553748167918705,-77.80679212717071,1.8021801868346257,6,3432.828687506719,6.445576403337844,198.51142371525393,30.798087136544485,5.07965275367547,10.172035981721683,81,35,73,True
35,20,5,11,45,189,10.751288120337275,1.0751288120337275,1.8256148961585588,18.84060580942826,83.06878306878306,34.881531091537454,-107.63771645711363,1.5899400094207907,5,2031.9934547437451,7.580966455961136,128.0397205732298,16.889630275642286,4.658013964529122,10.109062259059582,156,27,6,True
35,20,5,11,75,189,20.99662780292965,2.099662780292965,9.638911979436163,31.874433580280023,75.66137566137566,55.45372870626837,-86.12001196179723,2.001727140986461,6,3968.3626547537033,4.804723016609264,241.13824150985948,50.18775081857536,6.763730302306186,13.61142290996821,116,29,44,True
35,20,5,11,90,189,22.110076304832436,2.211007630483244,11.488928988410898,33.06731596566987,73.54497354497354,59.302306853172546,-81.28432461955308,2.0281944129257394,6,4178.80442161333,4.183355150799282,258.8076434606968,61.86604630286969,5.964679108191713,15.518578382263014,91,29,69,True
35,20,5,11,95,189,22.371655455504772,2.2371655455504773,10.837547270817737,34.48833713705575,73.54497354497354,59.657979223511184,-81.28432461955308,2.04035874097016,6,4228.242881090402,4.183355150799282,263.03470840297007,62.876494804108134,5.905573697873179,15.524988715673924,83,29,77,True
35,20,5,12,45,189,12.799077357654733,1.2799077357654733,3.5033020329046276,21.43014802247373,84.65608465608466,35.36248052003377,-111.68866422788477,1.746849979350687,5,2419.0256205967444,5.902729131700714,159.57050354655235,27.033343388497375,5.397794267792567,10.467814857773677,159,23,7,True
35,20,5,12,75,189,23.623727394775457,2.3623727394775456,12.608579419720147,34.48903214005863,77.24867724867724,56.44505043723465,-87.81611363310921,2.182408540293535,6,4464.884477612562,3.863698856548823,283.6713427519112,73.41963058821187,7.330076524600217,14.667034466960692,118,25,46,True
35,20,5,12,90,189,24.83216031984462,2.483216031984462,13.198594067833815,36.542606892168386,75.13227513227513,60.36666808034725,-82.5274163182697,2.209985597160454,6,4693.278300450633,4.611395183694519,304.22600141872726,65.97265888086174,6.483490431993421,16.0479454162643,92,25,72,True
35,20,5,12,95,189,25.125002578249457,2.512500257824946,13.636776257025705,35.863619538247285,75.13227513227513,60.75643700174525,-82.5274163182697,2.224254791235632,6,4748.625487289148,4.611395183694519,309.3019349415392,67.07339592911124,6.444381095415516,16.499400373038444,84,25,80,True
35,20,5,13,45,189,13.069561198256668,1.3069561198256667,4.48294408625402,21.77592852264556,85.18518518518519,35.32805961531359,-114.91680469982064,1.7676817878697093,5,2470.1470664705103,5.376215350917853,163.91505473904377,30.48893023064253,5.139518860495123,9.469769749131515,160,20,9,True
35,20,5,13,75,189,23.952832093669464,2.3952832093669465,13.162109435903366,34.06867926164364,77.77777777777779,56.47541102662274,-89.87619417166704,2.199291374261284,6,4527.085265703528,4.044665226872106,289.2069281470888,71.50330421060423,7.2140661586674595,15.471881056711233,119,22,48,True
35,20,5,13,90,189,25.154316058940115,2.515431605894012,14.172299711755896,36.15125715709945,75.66137566137566,60.36126972786488,-84.2933877379347,2.2260917706391377,6,4754.165735139682,4.944861850361167,309.81208105647227,62.65333399230233,6.428151693570062,15.369150211003946,92,22,75,True
35,20,5,13,95,189,25.447158317344954,2.5447158317344956,13.478182759696157,36.705950450233914,75.66137566137566,60.74831299246987,-84.2933877379347,2.2403657219675788,6,4809.512921978197,4.944861850361167,314.92891806704097,63.68811254940094,6.40246656168266,15.580416248104243,84,22,83,True
35,20,5,14,45,189,12.982807805316588,1.2982807805316587,3.9777837324991836,21.552219659111913,85.18518518518519,35.32805961531359,-115.50239010216617,1.7587198205021688,5,2453.7506752048353,5.670769333187266,162.5170024739099,28.65872211073818,5.344809316348551,8.105569370547265,160,18,11,True
35,20,5,14,75,189,23.73942188352103,2.373942188352103,12.419495793657033,36.246824287736466,77.77777777777779,56.47541102662274,-90.83654011733498,2.1760399321446413,7,4486.750735985474,3.3926878550822064,231.08665082932208,68.11314824709176,7.308368742027454,14.448540442760327,119,20,50,True
35,20,5,14,90,189,24.94090584879168,2.4940905848791677,12.50963327570964,37.20220616741912,75.66137566137566,60.36126972786488,-85.17022534050106,2.2031738910226824,7,4713.831205421628,3.3802265985875497,247.130116406852,73.11051765290439,6.383719200755677,13.818322455388909,92,20,77,True
35,20,5,14,95,189,25.233748107196522,2.5233748107196523,12.476533414720302,36.51906958995945,75.66137566137566,60.74831299246987,-85.17022534050106,2.217300890324028,7,4769.178392260143,3.3802265985875497,251.10804883907062,74.28734184388638,6.365696290055899,14.061057003014753,84,20,85,True
35,25,2,10,45,211,6.305769277589122,0.6305769277589122,-1.8643965360859474,14.491385366056328,79.62085308056872,32.52823867682467,-96.14480884035441,1.3218297854303436,5,1330.5173175713048,9.221204006208843,76.88477059192043,8.337823405723611,2.5837324782911235,4.063494941050389,168,37,6,True
35,25,2,10,75,211,14.029846175652237,1.4029846175652236,4.025451702766376,23.668446375269454,71.56398104265402,51.17932240874338,-79.46300234429381,1.6208964037201394,6,2960.297543062622,6.3236952287337695,163.63909279344054,25.877131467356776,4.638369388412299,8.405603845848631,122,40,49,True
35,25,2,10,90,211,14.779028904561628,1.4779028904561629,3.956977966737304,24.43304495104563,69.66824644549763,54.34592462758581,-76.10118470925953,1.6402608724933307,6,3118.3750988625034,6.518329705040555,175.02276053644002,26.850860336367578,4.408700758451109,8.778289414442051,97,40,74,True
35,25,2,10,95,211,15.378622442127561,1.537862244212756,5.022484166580224,24.26642380574025,69.66824644549763,55.20656569171105,-76.10118470925953,1.6662366171773966,6,3244.8893352889154,6.485831723387281,184.33734837872692,28.421543487479685,4.5061019453558355,9.400419166575706,91,40,80,True
35,25,2,11,45,211,8.66137530584798,0.8661375305847979,1.0963848671249086,16.5722618614691,81.99052132701422,33.33310770897357,-103.65993273996065,1.4639538611414369,5,1827.5501895339237,8.018054463561352,112.34269930020395,14.011216787158748,3.6907844698267085,6.447331642650008,172,31,8,True
35,25,2,11,75,211,17.308936003902193,1.7308936003902196,7.285995861443823,27.22310655853076,73.93364928909952,52.93734533374675,-83.74618864074779,1.7929121760319287,6,3652.185496823363,5.280727577815434,215.56859099128155,40.82175946680048,5.632412055935162,10.548330519583926,126,34,51,True
35,25,2,11,90,211,18.57131075161966,1.8571310751619658,7.037625625028161,29.448164929374883,72.03791469194313,56.758438319525375,-79.80908569451033,1.832186498034544,6,3918.546568591748,4.2118606128447045,237.03192415402862,56.27724797709687,5.149675637605068,11.696950649945896,101,34,76,True
35,25,2,11,95,211,18.895194115034897,1.88951941150349,7.554392269285773,30.44792283490033,72.03791469194313,57.20803956742416,-79.80908569451033,1.846699817292242,6,3986.8859582723635,4.510073246850044,242.67254955869961,53.80678678072216,5.238910869836229,13.486346616868312,93,34,84,True
35,25,2,12,45,211,10.306001684298211,1.030600168429821,2.214792268791886,17.892966712314877,83.41232227488152,33.79672804253665,-107.8187937171294,1.5762489558153758,5,2174.5663553869226,6.492936675155903,139.37669950470175,21.46589539953509,4.2409764050445915,6.688423100231912,175,27,9,True
35,25,2,12,75,211,19.425058387119535,1.9425058387119534,8.886600702609227,29.119399160102745,75.35545023696683,53.89509453398977,-85.97370598504139,1.9168025164298832,6,4098.687319682222,4.809794023169722,252.0190515824948,52.397056998380705,6.060125222706271,10.836990915752418,128,30,53,True
35,25,2,12,90,211,20.77251396885806,2.077251396885806,10.087387273749306,31.981979328543073,73.45971563981043,57.782766705717314,-81.66657842780594,1.9583830575423358,6,4383.000447429051,4.611395183694519,276.4548199028849,59.9503640200702,5.552837684509231,11.883141284468868,102,30,79,True
35,25,2,12,95,211,21.12440077948393,2.112440077948393,9.823033331355074,32.221693776633195,73.45971563981043,58.26178681566608,-81.66657842780594,1.974618086098919,6,4457.24856447111,4.762350892032654,282.9949838153006,59.423379383645845,5.641210837963035,13.743418103592681,94,30,87,True
35,25,2,13,45,211,10.829425171684356,1.0829425171684357,2.627966596755988,19.18004621433291,83.88625592417061,33.77426469122337,-108.6187099741511,1.6187344572721083,5,2285.008711225399,6.103079102227489,148.3811965288062,24.312514067636837,4.2627105239316325,7.00756367251797,176,23,12,True
35,25,2,13,75,211,19.953578283118002,1.9953578283118,9.216766158824555,30.684170486404224,75.82938388625593,53.93892554988538,-86.66711902438746,1.9525301001439597,6,4210.205017737899,4.213297554848117,261.4890796065017,62.06280857273277,6.118708330524026,12.007547074236928,129,26,56,True
35,25,2,13,90,211,21.294809441150754,2.129480944115075,10.513321891830477,31.88777646476873,73.93364928909952,57.794381686291985,-82.23125001779528,1.9934742882498402,6,4493.204792082809,4.944861850361167,286.1859563186106,57.875419977144134,5.619519575058246,12.28252251280307,102,26,83,True
35,25,2,13,95,211,21.646696251776625,2.1646696251776625,10.930813574128907,31.62087023483567,73.93364928909952,58.270331154510316,-82.23125001779528,2.009890988277007,6,4567.452909124868,4.944861850361167,292.82436414673583,59.21790598160964,5.701099782974277,13.45372735448531,94,26,91,True
35,25,2,14,45,211,10.609480189382579,1.0609480189382579,1.894664704626697,18.620536975075076,83.88625592417061,33.77426469122337,-109.98366265843568,1.5986451468309815,5,2238.600319959724,6.535290359115181,144.5737139880011,22.122003161857226,4.306823210614933,5.9985762763465456,176,21,14,True
35,25,2,14,75,211,19.572770085402105,1.9572770085402105,8.884724795319736,29.28637886643854,75.82938388625593,53.93892554988538,-88.24261960709441,1.9176692548491725,7,4129.854488019844,4.112369821541237,206.7659400365041,50.27902377685775,6.066247723057042,11.021849340976457,129,24,58,True
35,25,2,14,90,211,20.91400124343486,2.091400124343486,9.873788536397297,32.23988622274032,73.93364928909952,57.794381686291985,-83.69216873994172,1.9586764815533593,7,4412.854262364755,3.94504098850744,225.96155988305574,57.277366836319146,5.490119287981396,11.033607192998103,102,24,85,True
35,25,2,14,95,211,21.26588805406073,2.1265888054060733,9.596529464881078,32.3772710844774,73.93364928909952,58.270331154510316,-83.69216873994172,1.9748066139746598,7,4487.102379406814,4.029047240026123,231.11115118046234,57.36124135863046,5.5776578883467725,12.018146445338978,94,24,93,True
35,25,3,10,45,205,7.023167464177622,0.7023167464177622,-0.766503050224886,14.984168852372786,80.0,32.7565084098537,-95.91019631852672,1.3661324725503128,5,1439.7493301564125,10.146411780636472,84.35282615060649,8.313562269529253,2.887349635766454,4.493420816028335,164,35,6,True
35,25,3,10,75,205,15.20064981594502,1.520064981594502,5.490710968606092,25.097898891554486,72.1951219512195,51.69146525094288,-79.5474323661547,1.6872503875721951,6,3116.133212268729,6.551854451578654,174.85934058662002,26.68852641323375,5.033699540906394,9.096339681802496,121,38,46,True
35,25,3,10,90,205,15.93560989205405,1.5935609892054048,5.66331856642365,26.066761901559314,70.24390243902438,54.88680106581165,-76.01474304271801,1.7045225264717778,6,3266.80002787108,6.486443656132666,185.9690216864575,28.67041348777175,4.739116727755507,9.41798403792298,96,38,71,True
35,25,3,10,95,205,16.540580653056217,1.6540580653056216,6.472198577235547,27.356660686328212,70.24390243902438,55.74804416307169,-76.01474304271801,1.7312686335784364,6,3390.819033876525,6.454262056066802,195.30801649037332,30.26031710422882,4.807520749563085,9.531693450677876,90,38,77,True
35,25,3,11,45,205,9.545318059117227,0.9545318059117227,1.3595104196866676,17.40201518272678,82.4390243902439,33.573674054212375,-103.25446425119056,1.5264206616768008,5,1956.7902021190314,8.878545183594158,122.18931696847663,13.76231290620213,4.1155663690817885,7.3646600493829455,168,29,8,True
35,25,3,11,75,205,18.673313005021804,1.8673313005021803,8.840335444139868,28.60821049430119,74.63414634146342,53.46722251950188,-83.70107460489072,1.8795101597926833,6,3828.0291660294697,5.632022316217892,229.6451134364116,40.774894086468514,6.11639227586494,11.472247244508514,125,32,48,True
35,25,3,11,90,205,19.93648535414792,1.993648535414792,9.12312544446491,31.19166540337077,72.6829268292683,57.32973864288337,-79.55627786052318,1.9173603731287359,6,4086.9794976003236,4.475781682780154,251.0333705406686,56.08704542191567,5.51801365611586,13.040610020169062,100,32,73,True
35,25,3,11,95,205,20.257676374926692,2.0257676374926694,9.160628106794926,31.96838871025867,72.6829268292683,57.771645752008524,-79.55627786052318,1.9321397040605999,6,4152.823656859972,4.409127551165823,256.5978746887137,58.19697246473769,5.582021899182967,13.964163822300634,92,32,81,True
35,25,3,12,45,205,11.335679843766004,1.1335679843766002,2.874658090718072,19.452312375358265,83.90243902439025,34.04388033137159,-107.02221360678436,1.6579813184391994,5,2323.8143679720306,7.327615671059777,151.59143288207426,20.68768883182296,4.7371738783759625,7.647342677144889,171,25,9,True
35,25,3,12,75,205,20.948970677504036,2.0948970677504035,10.729466782871825,30.598479025871384,76.09756097560975,54.43320002771583,-85.65388194766001,2.0232303643635388,6,4294.538988888327,4.505072600990138,268.7487446244469,59.65469781005982,6.597517406490883,12.146607872107369,127,28,50,True
35,25,3,12,90,205,22.299714031403056,2.2299714031403055,11.249958760187294,33.325022272942796,74.14634146341463,58.3630083724207,-81.12709238057208,2.0631912021641394,6,4571.441376437627,4.611395183694519,293.1828451876381,63.57790506099031,5.9639272628344315,13.34238135553208,101,28,76,True
35,25,3,12,95,205,22.64972811248155,2.264972811248155,11.741906647190122,33.67324639303094,74.14634146341463,58.83506683703317,-81.12709238057208,2.079878944935737,6,4643.194263058718,4.611395183694519,299.6647313642213,64.98352872115775,6.0538153919992235,14.673851519098584,93,28,84,True
35,25,3,13,45,205,11.97202304297808,1.197202304297808,3.3241183118304596,20.444093011712752,84.39024390243902,34.01946897026589,-107.22198150142165,1.7152989671064922,5,2454.2647238105064,6.922872774752567,162.5607671683852,23.48169213238147,4.726667542452556,7.07249629418091,172,21,12,True
35,25,3,13,75,205,21.59055944850734,2.1590559448507336,10.798932771797473,31.93216272336194,76.58536585365854,54.474441155420095,-85.96713696785314,2.072615469472728,6,4426.064686944004,4.552940534001699,280.24009933698613,61.551451692402345,6.64279442573841,12.376416043140583,128,24,53,True
35,25,3,13,90,205,22.93489620044578,2.293489620044578,12.363714911722601,33.25738873300351,74.63414634146342,58.3710586685184,-81.32919721522943,2.111733802978751,6,4701.653721091385,4.944861850361167,304.9917336345023,61.67851455996208,6.029287688910012,12.654341209112706,101,24,80,True
35,25,3,13,95,205,23.28491028152428,2.328491028152428,11.992716496665125,33.889876475318864,74.63414634146342,58.840031783688936,-81.32919721522943,2.1287001969860606,6,4773.406607712477,4.944861850361167,311.586675446247,63.01221042676634,6.110303678812767,13.858320136374786,93,24,88,True
35,25,3,14,45,205,11.843240646560151,1.1843240646560151,3.1856915758858517,20.088233115436353,84.39024390243902,34.01946897026589,-108.046993728474,1.7022014937564292,5,2427.864332544831,7.359075674565944,160.3186384330332,21.785159648122406,4.8462464921960295,6.109540780246915,172,19,14,True
35,25,3,14,75,205,21.296205645004637,2.1296205645004638,10.848642665842396,31.748940121172293,76.58536585365854,54.474441155420095,-87.2242730036459,2.0427435140491865,7,4365.7221572259505,4.42046847232923,222.71717153227502,50.38316027507398,6.663955544702938,11.465031883061751,128,22,55,True
35,25,3,14,90,205,22.640542396943083,2.264054239694308,11.624753189815516,32.822365567694696,74.63414634146342,58.3710586685184,-82.48963047903814,2.0820267217970923,7,4641.311191373332,4.250333592898643,241.95810653499126,56.92685085689489,5.9464644171668235,11.46688594325449,101,22,82,True
35,25,3,14,95,205,22.990556478021578,2.2990556478021578,11.865689257084087,34.986667825250116,74.63414634146342,58.840031783688936,-82.48963047903814,2.0987544389203063,7,4713.064077994423,4.059436412734575,247.07516781015505,60.864401529993856,6.034937424183411,12.480792911690132,93,22,90,True
35,25,4,10,45,195,6.736973951392058,0.6736973951392058,-1.3092217298192639,15.419328126942656,79.48717948717949,33.649615422165596,-97.54951174785545,1.336677728310191,5,1313.7099205214513,10.548408260372163,75.75171793330779,7.181341114553634,2.7053868705196233,4.289611613575833,155,35,5,True
35,25,4,10,75,195,15.03774355786863,1.503774355786863,4.416786302085333,25.139766457431204,71.7948717948718,53.100839121518355,-81.8501360586943,1.6513811560727618,6,2932.359993784383,7.027803843899724,161.6565095566572,23.00242197240299,4.814205585014097,8.639386169244725,114,38,43,True
35,25,4,10,90,195,15.599007479694517,1.5599007479694516,4.591408733931124,26.158168777261302,69.74358974358974,56.22249722429117,-78.04157905022318,1.6606227385147887,6,3041.806458540431,6.486443656132678,169.47357602810052,26.127348823552932,4.515684896063543,8.98658541675736,89,38,68,True
35,25,4,10,95,195,16.163555998557626,1.6163555998557626,5.652262932984788,26.71291495274053,69.74358974358974,57.03196017413165,-78.04157905022318,1.6845315409845159,6,3151.8934197187373,6.454262056066802,177.47283736662553,27.496999010104755,4.548817574839845,9.06469674664141,83,38,74,True
35,25,4,11,45,195,9.38846560248241,0.9388465602482412,0.08304183180468255,17.882991387907968,82.05128205128204,34.48483703988471,-105.33780382564235,1.49656593929113,5,1830.75079248407,9.244790073827183,112.58339282133937,12.178036701998556,3.957604041573079,7.280664513112442,159,29,7,True
35,25,4,11,75,195,18.688492038692942,1.8688492038692943,8.188127954165203,29.281300497294044,74.35897435897436,54.925970105909045,-86.40019435623375,1.8435758680170589,6,3644.2559475451235,6.066251534914526,214.94229495314508,35.43247320293876,5.91853902712034,10.973955429018169,118,32,45,True
35,25,4,11,90,195,19.805056042408587,1.9805056042408589,8.490495032986038,30.739375749615206,72.3076923076923,58.75667607671165,-81.90195182493828,1.873217992213262,6,3861.985928269675,4.975147241782727,232.40495972644388,46.71318222999306,5.304219713965562,12.460877089091072,93,32,70,True
35,25,4,11,95,195,20.07127201385736,2.007127201385736,8.356926993230688,31.57901319817969,72.3076923076923,59.124847101055686,-81.90195182493828,1.8849556300965284,6,3913.898042702185,4.938047362053112,236.65023490373477,47.92384875088394,5.329361844434113,13.287884469746443,85,32,78,True
35,25,4,12,45,195,11.270640811984968,1.1270640811984969,2.6104778514283278,19.3651291271049,83.58974358974359,34.964235755923774,-109.41860843370333,1.6276854406318542,5,2197.7749583370687,7.673968525388227,141.25275615652134,18.40674166035563,4.598852331134947,7.635095184446241,162,25,8,True
35,25,4,12,75,195,21.0808501046358,2.10808501046358,10.037777288553006,32.359043280781755,75.8974358974359,55.914593406734404,-88.60838412324915,1.9870747826334463,6,4110.765770403981,4.921509344972828,253.03763446412356,51.41464065746289,6.405456759348983,11.689055340205137,120,28,47,True
35,25,4,12,90,195,22.28947593388194,2.228947593388194,10.829425211930335,33.9643518959149,73.84615384615385,59.81762181690741,-83.67234773583705,2.018549964381092,6,4346.447807106978,4.611395183694519,273.25930797956255,59.25740412484773,5.75942366940059,12.810218314629168,94,28,73,True
35,25,4,12,95,195,22.585993071286826,2.2585993071286827,11.09799421974313,33.80371172847831,73.84615384615385,60.21915544047655,-83.67234773583705,2.032099745481286,6,4404.268648900931,4.611395183694519,278.3214865570641,60.35515835666914,5.809569996116388,14.014583463168197,86,28,81,True
35,25,4,13,45,195,11.939616995772026,1.1939616995772027,3.4592693453019834,20.059009897532654,84.1025641025641,34.932872823632074,-109.70212351290694,1.6846179452845613,5,2328.225314175545,7.260696202146293,151.95786330329173,20.928828182946468,4.595297578337045,7.010324994365609,163,21,11,True
35,25,4,13,75,195,21.755340863895686,2.1755340863895687,10.387917767402321,32.30576372314368,76.41025641025641,55.948106585731395,-88.99948723509388,2.0362276282738487,6,4242.291468459659,4.962957215512837,264.24118320481233,53.24268812531109,6.450910739626685,11.888055550754398,121,24,50,True
35,25,4,13,90,195,22.957231547490952,2.2957231547490955,11.142921634765052,35.09359883861697,74.35897435897436,59.81608445041404,-83.93344187098599,2.0667166869295808,6,4476.660151760736,4.944861850361167,284.7157570972995,57.57810141379465,5.826651690348628,12.143456589863694,94,24,77,True
35,25,4,13,95,195,23.253748684895847,2.3253748684895847,11.883384834590165,34.768230462312175,74.35897435897436,60.21484887657925,-83.93344187098599,2.080494470970138,6,4534.48099355469,4.944861850361167,289.8682082141149,58.62008221583445,5.868835654292349,13.239486392744588,86,24,85,True
35,25,4,14,45,195,11.80423037389677,1.180423037389677,2.374817617702752,20.294285477142893,84.1025641025641,34.932872823632074,-110.55374903760612,1.6716408761751038,5,2301.82492290987,7.701026929099382,149.76936682462366,19.447973394132624,4.711999474003451,6.0370077936247,163,19,13,True
35,25,4,14,75,195,21.44589199354669,2.144589199354669,9.810218445279338,32.985883189009684,76.41025641025641,55.948106585731395,-90.3112813593994,2.006650908750976,7,4181.948938741605,4.790980237799556,210.24822266385647,43.88417656266959,6.465887653657665,10.986524383815507,121,22,52,True
35,25,4,14,90,195,22.647782677141965,2.2647782677141968,9.949332188582964,33.80263495788385,74.35897435897436,59.81608445041404,-85.14029246534704,2.0374212947037194,7,4416.317622042683,4.682865116875111,226.20071463360736,48.30391416111334,5.7402393276332075,10.986617483093731,94,22,79,True
35,25,4,14,95,195,22.944299814546852,2.294429981454685,12.54001787285103,34.64483718341034,74.35897435897436,60.21484887657925,-85.14029246534704,2.051003780767527,7,4474.138463836636,4.5166441022354125,230.20860790970136,50.968950109610084,5.7905768166632,11.9048928550069,86,22,87,True
35,25,5,10,45,187,7.800047065862397,0.7800047065862397,-1.709597195152549,16.03610199869644,80.21390374331551,34.254540426404255,-99.44789899038838,1.3964071628988803,5,1458.6088013162682,8.953115926516714,85.66058287076856,9.567683873841622,3.1624114820726965,5.238621461706347,150,33,4,True
35,25,5,10,75,187,16.907830178841284,1.6907830178841283,7.241800361167903,27.63607415568952,72.72727272727273,53.95913330663772,-81.89564482861584,1.75700456907271,6,3161.76424344332,6.316817922424732,178.19679087626943,28.20989825330726,5.440732527369291,10.01465800068317,110,35,42,True
35,25,5,10,90,187,17.38688381855719,1.738688381855719,5.692658706927104,29.11060719112713,70.58823529411765,57.050915462610476,-77.80679212717071,1.7597717804182662,6,3251.3472740701945,6.516122756716346,184.8176974700702,28.36313930390178,5.02632727637964,10.33301925478995,85,35,67,True
35,25,5,10,95,187,17.93994032195176,1.793994032195176,6.46204004191045,29.589773038534723,70.58823529411765,57.83441217575279,-77.80679212717071,1.7839392349570442,6,3354.768840204979,6.485331567536605,192.57518463103503,29.693961307237064,4.971831611436084,9.940731816043174,79,35,73,True
35,25,5,11,45,187,10.671966167266774,1.0671966167266775,1.9229314519253413,19.388724862632635,82.88770053475936,35.09719096713886,-107.63771645711363,1.5793907966712875,5,1995.6576732788867,7.601651110621152,125.20186355361704,16.470351208132,4.600293716435939,10.022848804453766,154,27,6,True
35,25,5,11,75,187,20.893421218204786,2.089342121820479,9.861368700689795,32.05139197980735,75.40106951871658,55.80560509253171,-86.12001196179723,1.986255080152231,6,3907.069767804295,4.82147285314902,236.0900267901387,48.96637064666715,6.665492042174989,13.401189249835896,114,29,44,True
35,25,5,11,90,187,21.951531093046377,2.1951531093046377,9.876554815910811,33.73659730358642,73.2620320855615,59.62885069618486,-81.28432461955308,2.0100191724819285,6,4104.9363143996725,4.183355150799282,252.5458175666956,60.36920329808565,5.865131178506032,15.244258769261846,89,29,69,True
35,25,5,11,95,187,22.193492159297648,2.2193492159297645,10.490382388155089,34.01000667958893,73.2620320855615,59.95911872092201,-81.28432461955308,2.0211521232939735,6,4150.18303378866,4.183355150799282,256.3737270372429,61.28423664633386,5.803062298155724,15.238373617490579,81,29,77,True
35,25,5,12,45,187,12.741656893753401,1.2741656893753401,3.4671861786925025,21.00963018119193,84.49197860962568,35.580133555319904,-111.68866422788477,1.735631670042319,5,2382.689839131886,5.918495788577852,156.50818705726047,26.443912887343227,5.345764170476619,10.408775547750958,157,23,7,True
35,25,5,12,75,187,23.54861813188852,2.354861813188852,12.822602299735438,35.142991240817054,77.00534759358288,56.803364422825354,-87.81611363310921,2.1661767131652825,6,4403.5915906631535,3.8818906295404942,278.2619791034446,71.68207599305366,7.234097151604389,14.465688857690377,116,25,46,True
35,25,5,12,90,187,24.702728306080086,2.4702728306080086,12.192529486927505,36.57891868032595,74.8663101604278,60.70141971568324,-82.5274163182697,2.190941479148222,6,4619.410193236976,4.611395183694519,297.50928170816076,64.51611060360365,6.386181790697805,15.795364751603163,90,25,72,True
35,25,5,12,95,187,24.97628684485245,2.4976286844852447,13.717569540991512,37.42996623506282,74.8663101604278,61.066815763900614,-82.5274163182697,2.2041299904236746,6,4670.565639987408,4.611395183694519,302.15374569406066,65.52328170928601,6.343712503953244,16.228176483696753,82,25,80,True
35,25,5,13,45,187,13.015033609655893,1.3015033609655893,4.235467854311175,22.23661878409902,85.02673796791443,35.543910796230385,-114.91680469982064,1.756389214218035,5,2433.811285005652,5.390351506493849,160.82271676778203,29.835293036833708,5.0908928009858805,9.418493049563892,158,20,9,True
35,25,5,13,75,187,23.881242667134334,2.3881242667134335,11.997856512320556,34.571794279952904,77.54010695187165,56.83167264802852,-89.87619417166704,2.183053988325817,6,4465.79237875412,4.044665226872106,283.75180758251787,70.1545842897742,7.120513526615242,15.262404936681424,117,22,48,True
35,25,5,13,90,187,25.02832956110173,2.5028329561101734,13.152029065703145,36.56700364828157,75.40106951871658,60.69357066575192,-84.2933877379347,2.2070413034461396,6,4680.297627926024,4.944861850361167,303.040907377781,61.283998734089465,6.332629930218597,15.130351208441219,90,22,75,True
35,25,5,13,95,187,25.301888099874095,2.5301888099874095,13.62820748800618,37.31706076445033,75.40106951871658,61.05637525263442,-84.2933877379347,2.2202342116824845,6,4731.453074676456,4.944861850361167,307.72306533557145,62.23087209465634,6.303442477203569,15.327541386771227,82,22,83,True
35,25,5,14,45,187,12.927352372941053,1.2927352372941052,3.7456924167844345,22.09706695500558,85.02673796791443,35.543910796230385,-115.50239010216617,1.7474844990534963,5,2417.414893739977,5.685712820686595,159.4343028059701,28.04121626155525,5.294223050413828,8.061592742044787,158,18,11,True
35,25,5,14,75,187,23.66554999484528,2.366554999484528,11.346793842947893,34.876830828329766,77.54010695187165,56.83167264802852,-90.83654011733498,2.159974211793654,7,4425.457849036067,3.4030624385299206,226.83236697535997,66.65536441739478,7.21250669192789,14.251160911769393,117,20,50,True
35,25,5,14,90,187,24.812636888812676,2.4812636888812674,12.091747391669925,36.63981770068075,75.40106951871658,60.69357066575192,-85.17022534050106,2.1843195506558666,7,4639.963098207971,3.3802265985875497,241.86239347734974,71.55212422102517,6.287697303976706,13.601782388474007,90,20,77,True
35,25,5,14,95,187,25.086195427585036,2.5086195427585034,13.180027436086878,37.491810938068426,75.40106951871658,61.05637525263442,-85.17022534050106,2.1973766363323604,7,4691.118544958402,3.3802265985875497,245.5053897602829,72.62986151960018,6.266044351604272,13.830911709154977,82,20,85,True
40,10,2,10,45,203,8.02279947507651,0.802279947507651,0.4754266989271583,16.28213002267512,80.78817733990148,32.40653057044418,-94.51391590031575,1.4418365214689934,5,1628.6282934405315,7.657210044716893,97.69571772643073,12.758657155269768,3.3744466078705706,5.318144072802723,164,33,6,True
40,10,2,10,75,203,16.512909283189327,1.6512909283189325,7.189756364378433,26.5448810426386,73.39901477832512,50.58642624638952,-77.50475789304825,1.8009354368385886,6,3352.1205844874335,6.262874910636174,192.37501732796667,30.716726754554564,5.672186036568123,10.008578410848992,120,35,48,True
40,10,2,10,90,203,17.9365608905252,1.79365608905252,7.402301292166224,28.300798553301554,72.41379310344827,53.84098004317976,-76.312539385193,1.852022927712582,6,3641.121860776616,6.34680886678923,214.69495790197973,33.82722914903079,5.45376806587566,10.92226207346955,97,35,71,True
40,10,2,10,95,203,18.537501793615426,1.8537501793615427,8.748003831147214,29.351664891633963,72.41379310344827,54.67085081411388,-76.312539385193,1.8805688363044368,6,3763.1128641039313,6.313949883072341,224.4065250493576,35.54138521925714,5.452517760446421,11.07646925830318,91,35,77,True
40,10,2,11,45,203,10.674730865823799,1.0674730865823798,2.5397356393273913,18.12095785577957,83.2512315270936,33.234050588749874,-101.45835834519113,1.628183065071636,5,2166.9703657622313,6.250511833369352,138.76454563069123,22.200509227080353,4.718511822437708,8.62602170508437,168,28,7,True
40,10,2,11,75,203,20.190735513337383,2.0190735513337383,9.557129898889553,29.752426462291876,75.86206896551724,52.38653051335246,-80.99604877242429,2.0327334988401007,6,4098.719309207489,4.187796213972377,252.02174699928938,60.18004079530689,6.88799244345482,12.786654854007246,124,30,49,True
40,10,2,11,90,203,22.147803455493477,2.2147803455493476,10.947460433049185,33.469768916739966,74.8768472906404,56.27010375434321,-79.5500327293136,2.108194932690438,6,4496.004101465176,4.0572225492708816,286.435035390115,70.5987980475929,6.290112696935499,14.84225779565882,101,30,72,True
40,10,2,11,95,203,22.462168758850716,2.2462168758850716,12.670597612329852,32.43276841254064,74.8768472906404,56.68994688974796,-79.5500327293136,2.1239246205980566,6,4559.820258046695,4.065137531095855,292.13888048329386,71.86445187859138,6.2917844213599885,16.100837668362416,93,30,80,True
40,10,2,12,45,203,12.559965190093324,1.2559965190093325,4.320883905082169,20.562994455058234,84.72906403940887,33.710180531004376,-104.78961670141312,1.7848822867736573,5,2549.672933588945,4.623633842031269,170.7577634741281,36.931506539693956,5.392647677618265,8.707355631507365,171,24,8,True
40,10,2,12,75,203,22.615327753891933,2.261532775389193,12.370746453215185,32.91742814276955,77.33990147783251,53.36700546430676,-82.34148530121952,2.2120551905026997,6,4590.911534040062,3.8340911264680706,294.93556425116117,76.92450557972343,7.410810814730841,13.08751757211784,126,26,51,True
40,10,2,12,90,203,24.66082946934085,2.466082946934085,14.075566718254825,35.411059598106945,76.35467980295566,57.3038837772806,-80.74903340004795,2.291591410727963,6,5006.148382276193,3.8852368009113776,333.40975717984935,85.81452669799687,6.775985869805265,15.009165906636357,102,26,75,True
40,10,2,12,95,203,25.00430180403525,2.500430180403525,14.99250366281778,36.42983583426902,76.35467980295566,57.75372173820295,-80.74903340004795,2.3095805022086653,6,5075.873266219156,3.865214723091473,340.07650418731464,87.98385822025301,6.767870055497258,16.37644424653018,94,26,83,True
40,10,2,13,45,203,12.762514184545374,1.2762514184545375,4.4824973103511505,20.460030681540754,85.22167487684729,33.687698070478824,-107.90604622433756,1.8003228951219397,5,2590.790379462711,4.926625286042423,174.33599899934472,35.38649458347369,5.125639529711887,7.872215766745912,172,21,10,True
40,10,2,13,75,203,22.8724547888228,2.28724547888228,13.43172360066632,33.55359708426046,77.83251231527095,53.41473363907244,-84.36487984094259,2.2230229584961885,6,4643.108322131028,3.0374156309213576,299.6569305972279,98.65522767008714,7.3311070451103735,13.507511323444652,127,23,53,True
40,10,2,13,90,203,24.911486783080004,2.4911486783080004,13.74604643782492,35.30784034166957,76.84729064039408,57.31856852021706,-82.6524440891196,2.301793586666874,6,5057.031816965241,2.985656497718072,338.2690940171309,113.29806167443203,6.678312317181087,14.130509687385226,102,23,78,True
40,10,2,13,95,203,25.254959117774405,2.5254959117774405,14.596492846944619,35.884255367168336,76.84729064039408,57.76552290446682,-82.6524440891196,2.319742338035916,6,5126.756700908204,2.997974516573192,344.97942579246035,115.07083328606342,6.683459742847114,15.566186049202866,94,23,86,True
40,10,2,14,45,203,12.237961276238883,1.2237961276238882,3.876838202225483,20.233943521037876,85.22167487684729,33.687698070478824,-111.45552090387814,1.7429888081300213,5,2484.3061390764933,5.402747447215071,165.12584468868147,30.56330992739594,5.120975639500075,6.962766317279761,172,20,11,True
40,10,2,14,75,203,22.22998001621888,2.222998001621888,11.560417160669898,32.4840260525476,77.83251231527095,53.41473363907244,-87.26315492624475,2.149189597095151,7,4512.685943292433,3.0661339981387123,232.8965093025496,75.95770747264429,7.172906828862581,12.579468767112886,127,22,54,True
40,10,2,14,90,203,24.269012010476082,2.4269012010476083,13.423782614203857,34.91918933183396,76.84729064039408,57.31856852021706,-85.42738831972802,2.2270242537982763,7,4926.609438126645,2.9843729159436174,262.568604904555,87.98116465332365,6.449318469821271,13.186457473585568,102,22,79,True
40,10,2,14,95,203,24.612484345170483,2.4612484345170484,14.239693783476774,36.48333814835659,76.84729064039408,57.76552290446682,-85.42738831972802,2.2443899745370035,7,4996.334322069608,2.959010505296403,267.71346751549044,90.47398346045198,6.462814489982093,14.460904373474667,94,22,87,True
40,10,3,10,45,198,8.278156755482703,0.8278156755482703,0.6048214991091966,16.596293461280275,80.8080808080808,32.65173598561181,-94.34744000295562,1.4571777847848528,5,1639.075037585575,8.07378314968291,98.4496898941269,12.193749580454538,3.426782920989154,5.108168120469267,160,32,6,True
40,10,3,10,75,198,16.936028892007208,1.6936028892007207,6.5388513477004215,26.815236237455302,73.23232323232324,51.29483204718643,-77.06447030612462,1.8210067143456514,6,3353.3337206174274,6.262874910636174,192.46670174669106,30.731366104698484,5.767488211100772,9.947067698396708,118,34,46,True
40,10,3,10,90,198,18.334384844103628,1.833438484410363,7.743239863605932,29.01402810299082,72.22222222222221,54.56552730561767,-75.8665855558329,1.8699981019997076,6,3630.208199132518,6.34680886678923,213.8345583704381,33.69166503333104,5.539006686441624,10.864320947145098,95,34,69,True
40,10,3,10,95,198,18.930293967809337,1.8930293967809337,7.843957193337336,28.836364596397598,72.22222222222221,55.39063224613327,-75.8665855558329,1.8982750150784145,6,3748.198205626249,6.313949883072341,223.2098941342679,35.35186345597899,5.528411080506912,10.950461835807225,89,34,75,True
40,10,3,11,45,198,11.047581363168055,1.1047581363168055,2.9687680275811132,19.511887392944992,83.33333333333334,33.49188662814408,-101.17394496171208,1.6551636214649252,5,2187.421109907275,6.6296444588716525,140.41474670339701,21.17983061904578,4.8156473171013205,8.07089253276589,164,27,7,True
40,10,3,11,75,198,20.757254774431736,2.0757254774431737,10.71368615471707,30.50822155670771,75.75757575757575,53.11932556790848,-80.37421645518312,2.065312729888632,6,4109.936445337484,4.219241224214863,252.96764181658617,59.955719138495006,7.033241381332801,12.475748922237495,122,29,47,True
40,10,3,11,90,198,22.702497170813523,2.2702497170813523,12.32007539963136,32.98291540141032,74.74747474747475,57.03582506091941,-78.92415338389986,2.139092216284212,6,4495.094439821078,4.089972256917925,286.35408449962495,70.01369850743497,6.408009262954643,14.961509101059605,99,29,70,True
40,10,3,11,95,198,23.004593937217237,2.3004593937217237,12.644605073341323,33.860022598152284,74.74747474747475,57.43998154570274,-78.92415338389986,2.154249847296605,6,4554.909599569013,4.099112689613795,291.69822832535004,71.16130987675601,6.401476529167509,16.094435643899686,91,29,78,True
40,10,3,12,45,198,13.030947867343373,1.3030947867343374,4.511563048888351,20.78085694970126,84.84848484848484,33.97474878260592,-104.2543372581269,1.8249465507753926,5,2580.127677733988,5.0787216119531795,173.40543432319384,34.14352027389535,5.520463970888133,8.198297725966066,167,23,8,True
40,10,3,12,75,198,23.29359934429321,2.329359934429321,13.349438057487623,33.88869596851354,77.27272727272727,54.111065320432374,-81.48578497457994,2.257787933771064,6,4612.1326701700555,3.8340911264680706,296.85111569060615,77.42411588533699,7.601312021860435,13.054155625662746,124,25,49,True
40,10,3,12,90,198,25.329508690061086,2.5329508690061084,14.593994130366477,36.644208949842096,76.26262626262627,58.081776979035745,-79.8958638979213,2.335579674871239,6,5015.242720632095,3.8852368009113776,334.2759300748669,86.0374662353796,6.924022200398177,15.103245536774475,100,25,73,True
40,10,3,12,95,198,25.661447513845825,2.5661447513845825,15.05383452206477,36.901370732931,76.26262626262627,58.51703450956143,-79.8958638979213,2.3530822151602067,6,5080.966607741473,3.865214723091473,340.5658438571736,88.11045912212155,6.94265937464395,16.653990042705164,92,25,81,True
40,10,3,13,45,198,13.28913698791795,1.3289136987917949,5.884082084622006,21.36357803013477,85.35353535353535,33.95016870022415,-107.11480643896988,1.8470605644231228,5,2631.249123607754,5.278705185814835,177.8838266340838,33.698382533675286,5.264758897630859,7.486063885794719,168,20,10,True
40,10,3,13,75,198,23.60774473869203,2.360774473869203,12.592462110836154,33.65322150789912,77.77777777777779,54.155201630541825,-83.30835438278221,2.2752004539183446,6,4674.333458261022,3.0721924137537693,302.49708158041545,98.46293488200119,7.537153428254037,13.529135180497743,125,22,51,True
40,10,3,13,90,198,25.637020986470418,2.563702098647042,14.47642800608185,37.28230168158346,76.76767676767676,58.09173044414318,-81.60462765627437,2.3522597764340762,6,5076.130155321142,2.985656497718072,340.10117701579946,113.9116898664457,6.8389513485469795,14.25119899868195,100,22,76,True
40,10,3,13,95,198,25.96895981025516,2.5968959810255163,15.20473866210086,37.01658048338657,76.76767676767676,58.52412443828383,-81.60462765627437,2.3697683442149358,6,5141.854042430522,3.683108089106539,346.4402742898634,94.06193516680203,6.870912160451547,15.867735234250032,92,22,84,True
40,10,3,14,45,198,12.801863046573418,1.2801863046573418,4.042437794386594,21.972894454615695,85.35353535353535,33.95016870022415,-110.44171127987393,1.791420402187226,5,2534.7688832215367,5.762718297609408,169.46753916685878,29.407569555700874,5.295554224382079,6.648709642624026,168,19,11,True
40,10,3,14,75,198,22.999571108194072,2.299957110819407,12.699226839527212,33.8724230578485,77.77777777777779,54.155201630541825,-86.04513572002303,2.202834641619247,7,4553.915079422426,3.086457078766423,235.78555213961826,76.39359502574247,7.429110121164617,12.646109139465146,125,21,52,True
40,10,3,14,90,198,25.028847355972456,2.5028847355972457,14.165329199934458,36.49236457999683,76.76767676767676,58.09173044414318,-84.22241850059167,2.2791471276188235,7,4955.711776482546,3.0057165886427732,264.7108420279092,88.06912901506759,6.643261079477756,13.349600875419995,100,21,77,True
40,10,3,14,95,198,25.360786179757206,2.5360786179757207,14.550141773702666,36.66736605252443,76.76767676767676,58.52412443828383,-84.22241850059167,2.296111496251169,7,5021.435663591927,2.980923273140351,269.57605837321404,90.43374608203865,6.6841731440031555,14.803985554950062,92,21,85,True
40,10,4,10,45,187,7.990010055773672,0.7990010055773671,-0.5135814578138873,16.395333701639387,80.21390374331551,33.65998014264408,-96.07743624234962,1.4203062060529439,5,1494.1318804296766,8.298357947075184,88.13856335277268,10.621205293251752,3.2173812726426383,4.8622331668758285,150,32,5,True
40,10,4,10,75,187,16.77804503014585,1.677804503014585,7.067374339875397,26.557052757569178,72.72727272727273,52.86371459720036,-79.45040714866614,1.7743131929928815,6,3137.494420637274,6.262874910636174,176.41875780578,28.1689735661445,5.492193417920124,9.387204000466452,110,34,43,True
40,10,4,10,90,187,18.003034124698544,1.8003034124698545,6.980350456708657,29.573424442591925,71.65775401069519,56.02077183020004,-78.11728384770149,1.813138093664425,6,3366.567381318628,6.34680886678923,193.46794866860577,30.482712293568525,5.263765297218018,10.335919192018313,87,34,66,True
40,10,4,10,95,187,18.54776267730522,1.8547762677305217,8.19642174189167,29.40560869241017,71.65775401069519,56.78095272077801,-78.11728384770149,1.837741698465879,6,3468.4316206560757,6.313949883072341,201.24216970132682,31.872627028740883,5.212033084635502,10.384766862881692,81,34,72,True
40,10,4,11,45,187,10.922341993322867,1.0922341993322866,2.144267085768247,19.248187925692967,82.88770053475936,34.52181004737094,-103.38758139347252,1.6173607619329637,5,2042.4779527513763,6.958206851125967,128.86244481258714,18.519490375848026,4.636838122266163,7.9516282455872185,154,27,6,True
40,10,4,11,75,187,20.824048905654173,2.0824048905654173,9.0679593338365,30.837131255255013,75.40106951871658,54.74903101818077,-83.16339626535125,2.017927232054465,6,3894.0971453573306,4.373816919769948,235.027228088482,53.735040217651324,6.781269029100691,11.877103228183804,114,29,44,True
40,10,4,11,90,187,22.628094235332554,2.2628094235332554,11.538697961016885,33.93372989783923,74.33155080213903,58.5986699968313,-81.53669807400755,2.0811730898374305,6,4231.453622007188,4.17368386553271,263.3102358659628,63.08820800742537,6.140966306430534,14.25516191940351,91,29,67,True
40,10,4,11,95,187,22.861727350795935,2.2861727350795937,11.727391000103564,33.90088065485648,74.33155080213903,58.912982173749654,-81.53669807400755,2.0923361084596297,6,4275.14301459884,4.188193945263066,267.07159771645433,63.767724514887334,6.089275476413907,15.281053312028545,83,29,75,True
40,10,4,12,45,187,13.022377115390853,1.3022377115390853,4.055059447824322,21.53988390571843,84.49197860962568,35.0156775897248,-106.80319098615273,1.7862300671411708,5,2435.1845205780896,5.4208933927985585,160.93919685614787,29.688685092008857,5.364556293920963,8.144782389241362,157,23,7,True
40,10,4,12,75,187,23.50959021491927,2.350959021491927,13.358854487229973,35.17875283475586,77.00534759358288,55.76880230835674,-84.52125958635969,2.209629165519328,6,4396.293370189904,3.8340911264680706,277.62087822368727,72.40852370648506,7.35517533615339,12.508608312371454,116,25,46,True
40,10,4,12,90,187,25.409635843947623,2.5409635843947624,13.446085867886413,37.1905108589522,75.93582887700535,59.677896791393486,-82.7257653679927,2.276399836571524,6,4751.601902818205,3.8852368009113776,309.5759570215348,79.68007431333817,6.666929832165368,14.457502015938632,92,25,70,True
40,10,4,12,95,187,25.674866431932085,2.5674866431932086,14.456027924452275,36.99009106487292,75.93582887700535,60.02717932627445,-82.7257653679927,2.289723139637978,6,4801.2000227713,3.865214723091473,314.1580158326824,81.27828292587398,6.63895926705434,15.86076795379484,84,25,78,True
40,10,4,13,45,187,13.295753831293345,1.3295753831293344,4.277630644499739,22.507124547999123,85.02673796791443,34.98300486815475,-109.85685027088388,1.8082940794319247,5,2486.3059664518555,5.348287227731778,165.29711858333914,30.906552237180808,5.1110397423678915,7.404355353824857,158,20,9,True
40,10,4,13,75,187,23.842214750165077,2.3842214750165076,12.462858566393525,35.46825069522669,77.54010695187165,55.80424544469419,-86.50289121904254,2.227180055142973,6,4458.49415828087,3.303851157676516,283.10526582421875,85.68947337909643,7.288632999075297,12.939799677319945,117,22,48,True
40,10,4,13,90,187,25.735237098969264,2.5735237098969264,14.49706101058619,37.43604352510441,76.47058823529412,59.677315021351355,-84.57651614877251,2.293204812057121,6,4812.4893375072525,3.7123416848746786,315.2051423090818,84.90736280912205,6.583655665181313,13.630015505552256,92,22,73,True
40,10,4,13,95,187,26.000467686953737,2.6000467686953734,15.068828361121206,37.545334789773555,76.47058823529412,60.02415502102334,-84.57651614877251,2.306532743382066,6,4862.087457460349,3.7303036429761627,319.8239346044347,85.7367027498245,6.570671247685275,15.10359362261665,84,22,81,True
40,10,4,14,45,187,12.779816716928547,1.2779816716928547,3.599507377447355,21.71634088496402,85.02673796791443,34.98300486815475,-113.30257314182022,1.7533007982195183,5,2389.8257260656383,5.839604228295206,157.10790615723323,26.903861976807075,5.1352133760970045,6.555722812435517,158,19,10,True
40,10,4,14,75,187,23.198266200226065,2.3198266200226065,10.967042532740372,34.50153714717356,77.54010695187165,55.80424544469419,-89.36999547710434,2.155729257976863,7,4338.075779442274,3.309711682910974,220.8229523392894,66.71969449165738,7.17354757384912,12.04878529600917,117,21,49,True
40,10,4,14,90,187,25.091288549030253,2.5091288549030253,12.754549059992938,37.354635036684265,76.47058823529412,59.677315021351355,-87.31329748601333,2.221325724761006,7,4692.070958668657,3.1994737838337914,245.57342992997766,76.75431852912938,6.3840426704711,12.727024294511393,92,21,74,True
40,10,4,14,95,187,25.35651913701472,2.535651913701472,13.1129072274009,38.06700676622718,76.47058823529412,60.02415502102334,-87.31329748601333,2.2342359003171923,7,4741.669078621752,3.1645389532511703,249.12756809028278,78.72475952123617,6.381375840876025,14.040509439146634,84,21,82,True
40,10,5,10,45,181,8.6185665272403,0.8618566527240301,-0.16588479504092918,16.997003218509345,80.66298342541437,34.19907386065335,-98.08869263499696,1.4543877585317744,5,1559.9605414304945,7.4483748451142375,92.78158136158726,12.456620845612697,3.497728859533733,5.672755977235018,146,31,4,True
40,10,5,10,75,181,17.478342387124176,1.7478342387124177,7.160175863184004,27.685445301936394,72.92817679558011,53.740832105374295,-80.2083646089782,1.804939196648569,6,3163.579972069476,6.285785901174304,178.33008188344976,28.370371610992084,5.723404323370741,10.46157507450728,106,33,42,True
40,10,5,10,90,181,18.63419612498152,1.8634196124981521,7.526333161061373,29.421484808548406,71.8232044198895,56.855728029290695,-78.79323814090462,1.8393249088924264,6,3372.789498621655,6.375221108447565,193.93940202184046,30.420811878172927,5.423730088935685,11.473090958106614,83,33,65,True
40,10,5,10,95,181,19.160156590693816,1.9160156590693818,8.042005285986047,30.159899413710747,71.8232044198895,57.58802683155166,-78.79323814090462,1.8630153174833914,6,3467.9883429155807,6.343680098058373,201.20808063135982,31.717879451856994,5.335112083371959,10.908612907408559,77,33,71,True
40,10,5,11,45,181,11.703373556641958,1.1703373556641958,2.886049870574795,20.799795666510708,83.42541436464089,35.06588291126671,-105.88792352830258,1.6668404803770334,5,2118.3106137521945,5.307694546139027,134.864878286246,25.409314178478994,5.059569125104108,10.647713087585464,150,26,5,True
40,10,5,11,75,181,21.713738656295764,2.1713738656295765,9.764792396239804,32.025462740578284,75.69060773480662,55.64918267338429,-83.94889385145717,2.06400955187195,6,3930.186696789533,3.5823872699695154,237.98880476240817,66.43301989079292,7.102355812287512,13.888767149195887,110,28,43,True
40,10,5,11,90,181,23.46784386359235,2.346784386359235,11.172100053801378,35.383773700641804,74.58563535911603,59.479084060152104,-82.21731758283303,2.123131556864717,6,4247.679739310215,3.6335913829589526,264.7045438375535,72.8492876438946,6.342511019726797,16.97589922928685,87,28,66,True
40,10,5,11,95,181,23.672396336233945,2.3672396336233947,12.858545712043334,35.44128219226959,74.58563535911603,59.75333589384195,-82.21731758283303,2.13292109434391,6,4284.703736858344,3.6155325374529035,267.89774183723415,74.09634377843678,6.2541322205275165,16.903842813685042,79,28,74,True
40,10,5,12,45,181,13.928293820877945,1.3928293820877946,5.236931935029197,22.35557572283826,85.0828729281768,35.56197935996944,-109.46383851319953,1.8529863025224886,5,2521.021181578908,4.427205025256648,168.28062090023786,38.010577766382646,5.868434396374579,10.797562831350772,153,22,6,True
40,10,5,12,75,181,24.54357415260831,2.454357415260831,12.216569380272526,35.28905547869996,77.34806629834254,56.678801322096646,-85.18646984076645,2.27192617242975,6,4442.386921622105,3.84805270215963,281.68060395215815,73.20081759640959,7.727580598483921,14.909690367653026,112,24,45,True
40,10,5,12,90,181,26.39686198962007,2.639686198962007,14.886179165666176,37.53510835824778,76.24309392265194,60.57045335462943,-83.27652425157275,2.3342580464248956,6,4777.832020121233,3.9025485554798096,311.995469268171,79.94659511156597,6.908096989060147,17.485895999044374,88,24,69,True
40,10,5,12,95,181,26.634059364811076,2.6634059364811074,15.225331235342914,37.91758006023255,76.24309392265194,60.8815600568727,-83.27652425157275,2.3462474452619206,6,4820.764745030805,3.883330378864388,315.973702409263,81.3666805505392,6.841557462026119,17.982511302403537,80,24,77,True
40,10,5,13,45,181,14.266003466589355,1.4266003466589354,4.319449266356961,22.677474074533432,85.6353591160221,35.524938943841164,-112.4699580324118,1.883020973445038,5,2582.1466274526733,4.552374752845977,173.58149160990212,38.12987748897108,5.609146818570716,9.75368839382918,154,19,8,True
40,10,5,13,75,181,24.942495633773873,2.4942495633773873,14.669112217704729,36.42499617996587,77.90055248618785,56.70879604376464,-87.0337133114436,2.2967939485581708,6,4514.591709713071,3.1128131856811105,288.09132666923364,92.55014981125402,7.690991801728673,16.12551523676932,113,21,47,True
40,10,5,13,90,181,26.788527374642435,2.6788527374642435,15.540895639958155,39.046466971378585,76.79558011049724,60.563433572764225,-84.99032885247496,2.358340391216642,6,4848.723454810281,3.0322156867810484,318.576471700474,105.06392176826631,6.84636532943231,16.7084525612229,88,21,72,True
40,10,5,13,95,181,27.02572474983344,2.7025724749833437,15.032319511464815,38.39416809327667,76.79558011049724,60.87230209729353,-84.99032885247496,2.3703677330300446,6,4891.656179719853,3.047637288706443,322.5917659672536,105.8497896592466,6.79501463750459,17.419784467629654,80,21,80,True
40,10,5,14,45,181,13.788234182687605,1.3788234182687604,3.990964237366845,22.718234986108573,85.6353591160221,35.524938943841164,-115.79596727803553,1.8289349347460928,5,2495.6703870664564,3.983383402412261,166.09999118242075,41.69821842452669,5.7284612143513,8.842143232356024,154,18,9,True
40,10,5,14,75,181,24.332471441295446,2.4332471441295445,13.469926275508863,35.681021399671074,77.90055248618785,56.70879604376464,-89.79407278240849,2.226188208866191,7,4404.177330874476,2.7185452971384074,225.36284481035364,82.89832251372631,7.622048961184329,15.388923999473084,113,20,48,True
40,10,5,14,90,181,26.178503182164,2.6178503182164,13.300095307381108,38.41171601421854,76.79558011049724,60.563433572764225,-87.61924263434629,2.2875811222431968,7,4738.309075971684,2.5259338322973153,248.88612111222596,98.53232017794629,6.6687379668631825,15.787475650006284,88,20,73,True
40,10,5,14,95,181,26.41570055735501,2.641570055735501,14.162952777245637,39.08966188634714,76.79558011049724,60.87230209729353,-87.61924263434629,2.2992475976110347,7,4781.2418008812565,2.516944200054675,251.97860333912226,100.11290807863304,6.627473073351123,16.451224228334507,80,20,81,True
40,15,2,10,45,202,7.968933395641554,0.7968933395641553,-0.141930885251202,15.352708032789891,80.6930693069307,32.4893697302571,-94.51391590031575,1.436708054721228,5,1609.724545919594,7.679484947493462,96.33565404245505,12.544546242505291,3.3419607474076796,5.25641552907231,163,33,6,True
40,15,2,10,75,202,16.43591338114667,1.643591338114667,6.260330787213046,26.279565604481128,73.26732673267327,50.71156371092049,-77.50475789304825,1.7932737610893934,6,3320.054502991627,6.262874910636174,189.95768693982825,30.33074900110573,5.619958446926352,9.912837257483375,119,35,48,True
40,15,2,10,90,202,17.834032734125618,1.7834032734125618,6.935083910221271,28.684076469869463,72.27722772277228,53.94504669769989,-76.312539385193,1.842979467191405,6,3602.474612293375,6.34680886678923,211.65433878556223,33.348150736518946,5.398784276260771,10.806332040778358,96,35,71,True
40,15,2,10,95,202,18.427088580651212,1.8427088580651212,7.869699374277764,28.674502852930015,72.27722772277228,54.76557601960516,-76.312539385193,1.871012044509841,6,3722.271893291545,6.313949883072341,221.1359454133768,35.02339256861079,5.396562470469931,10.956256611481496,90,35,77,True
40,15,2,11,45,202,10.633993159610366,1.0633993159610367,2.535711794141078,18.77906325507135,83.16831683168317,33.31935001177257,-101.45835834519113,1.6227030574782393,5,2148.066618241294,6.267555372056474,137.24509749976937,21.89770801414353,4.687079681308213,8.550771882105971,167,28,7,True
40,15,2,11,75,202,20.131946671840012,2.0131946671840013,9.405272814676717,30.305117787997986,75.74257425742574,52.519343905624,-80.99604877242429,2.0246539710561744,6,4066.6532277116826,4.202566548179269,249.32595014554977,59.32706770665378,6.835350839657901,12.686619236616643,123,30,49,True
40,15,2,11,90,202,22.066123034564033,2.2066123034564034,12.091948254529086,33.39568733868962,74.75247524752476,56.38681140514522,-79.5500327293136,2.098668988326286,6,4457.356852981935,4.073941402259854,283.0045706919639,69.4670204473188,6.237933393006232,14.714675077285804,100,30,72,True
40,15,2,11,95,202,22.371184590268854,2.2371184590268856,11.89769164471059,32.528605426152296,74.75247524752476,56.79490699622054,-79.5500327293136,2.1138579578728836,6,4518.979287234309,4.082878693351367,288.4828977856741,70.65673987704919,6.2378228653820935,15.956627194252578,92,30,80,True
40,15,2,12,45,202,12.528560327069341,1.2528560327069342,4.162778276160311,21.23330917939365,84.65346534653465,33.79676785854862,-104.78961670141312,1.7790630240802496,5,2530.769186068007,4.635970461786716,169.12190539784046,36.480367334493415,5.36269205007895,8.642797683597813,170,24,8,True
40,15,2,12,75,202,22.568541844278492,2.256854184427849,12.333468524345164,33.226893234415606,77.22772277227723,53.50354984872021,-82.34148530121952,2.2035893640044324,6,4558.845452544256,3.8340911264680706,292.05138435046456,76.17225953090468,7.3594572793230215,12.9961053543189,125,26,51,True
40,15,2,12,90,202,24.591589771252238,2.459158977125224,13.602697413301396,34.26217488432526,76.23762376237624,57.42503075970944,-80.74903340004795,2.281620381030572,6,4967.501133792952,3.8852368009113776,329.7401770413117,84.87003339512358,6.724916964407417,14.893295796518641,101,26,75,True
40,15,2,12,95,202,24.925902452508762,2.4925902452508764,14.254670185439927,35.97963933014993,76.23762376237624,57.86354479616281,-80.74903340004795,2.2990434899031924,6,5035.03229540677,3.865214723091473,336.16425504973824,86.97168957818407,6.715130073679483,16.244677780662247,93,26,83,True
40,15,2,13,45,202,12.732112039315707,1.2732112039315706,4.083172437302871,21.41297289394787,85.14851485148515,33.77365127134825,-107.90604622433756,1.7944833250569354,5,2571.886631941773,4.9394602251355195,172.687484306008,34.960800661426546,5.096634102588264,7.814776006098132,171,21,10,True
40,15,2,13,75,202,22.82694178532288,2.282694178532288,12.191018815201113,32.90945006891357,77.72277227722772,53.550712315144196,-84.36487984094259,2.214576557693637,6,4611.042240635222,3.047772587787673,296.75255429699286,97.36702649209158,7.280710273911678,13.414226194420502,126,23,53,True
40,15,2,13,90,202,24.843487962782177,2.484348796278218,13.764639210871103,35.53808465145775,76.73267326732673,57.439028649487874,-82.6524440891196,2.2918449167674635,6,5018.384568482,3.6841342120313656,334.5754050424307,90.81520536081443,6.628377265764474,14.022520388751358,101,23,78,True
40,15,2,13,95,202,25.1778006440387,2.51778006440387,14.064487269375855,36.06966689141948,76.73267326732673,57.874713563125425,-82.6524440891196,2.30922895473102,6,5085.915730095818,3.700215889256934,341.0416332128267,92.1680365199755,6.631772573212736,15.442182085842747,93,23,86,True
40,15,2,14,45,202,12.204962334433445,1.2204962334433445,3.6620562991977863,20.537089247105676,85.14851485148515,33.77365127134825,-111.45552090387814,1.737335208270145,5,2465.402391555556,5.416990860891858,163.5100483258193,30.184663870542114,5.09112317098038,6.9097847726791155,171,20,11,True
40,15,2,14,75,202,22.181286444537754,2.2181286444537753,11.221012883062048,32.758930842509265,77.72277227722772,53.550712315144196,-87.26315492624475,2.1410237269819516,7,4480.6198617966265,3.07568457118126,230.65966002516313,74.99457590235758,7.1222353592058,12.490082030315977,126,22,54,True
40,15,2,14,90,202,24.197832621997048,2.419783262199705,12.117582180443309,35.133094769048135,76.73267326732673,57.439028649487874,-85.42738831972802,2.2173987472857206,7,4887.962189643404,2.995273814287451,259.7351926069283,86.71500794618238,6.3997993581198775,13.083015074711517,101,22,79,True
40,15,2,14,95,202,24.53214530325357,2.453214530325357,13.229944513404448,35.149456211466855,76.73267326732673,57.874713563125425,-85.42738831972802,2.2342180982466604,7,4955.493351257222,2.9704580889589263,264.6947360787226,89.10906269392667,6.4114868600083765,14.342698237662455,93,22,87,True
40,15,3,10,45,197,8.224219746521005,0.8224219746521004,-0.5658278319598601,15.986827351042582,80.71065989847716,32.73820132186762,-94.34744000295562,1.4519050710789048,5,1620.171290064638,8.097470080578383,97.08658311264311,11.989742740205156,3.3941627603852482,5.049254697819567,159,32,6,True
40,15,3,10,75,197,16.859226594525996,1.6859226594525996,6.9593444511771985,25.8513803751406,73.09644670050761,51.42836503712657,-77.06447030612462,1.813155879801822,6,3321.267639121621,6.262874910636174,190.04892618530965,30.345317269957217,5.714404097919285,9.85194937435398,117,34,46,True
40,15,3,10,90,197,18.231273861163842,1.8231273861163841,7.8633891501961966,28.377961040506623,72.08121827411168,54.67762786070483,-75.8665855558329,1.8607360897448828,6,3591.560950649277,6.34680886678923,210.79882589065738,33.21335655682,5.482967974940716,10.748659230732708,94,34,69,True
40,15,3,10,95,197,18.819072257938394,1.8819072257938396,8.298147950268651,28.97385446762334,72.08121827411168,55.493094650596284,-75.8665855558329,1.8884872659627876,6,3707.3572348138637,6.313949883072341,219.94640793757932,34.83499426044769,5.4714254138469265,10.831143841484767,88,34,75,True
40,15,3,11,45,197,11.00770234713877,1.1007702347138768,2.8299209353329235,19.138617456486003,83.24873096446701,33.580838695870945,-101.17394496171208,1.6495016811878649,5,2168.5173623863375,6.6478661626636075,138.88914215764126,20.892289158539917,4.784158310028543,8.001143679188038,163,27,7,True
40,15,3,11,75,197,20.699849562648108,2.0699849562648107,10.37650201278558,30.858185773582726,75.63451776649747,53.26062250798971,-80.37421645518312,2.0570010673436103,6,4077.8703638416773,4.234234601016558,250.26759357888344,59.10574570402854,6.979587385878474,12.378412044409243,121,29,47,True
40,15,3,11,90,197,22.62155934689257,2.262155934689257,12.54664807265861,33.78222512285147,74.61928934010153,57.160917418590664,-78.92415338389986,2.1292987001484716,6,4456.447191337837,4.106962671966831,282.92404192338216,68.88887592150658,6.354769344849051,14.83287528309338,98,29,70,True
40,15,3,11,95,197,22.91405395307933,2.2914053953079327,11.980502279052123,33.923873090951176,74.61928934010153,57.55289998606545,-78.92415338389986,2.143900424702554,6,4514.068628756628,4.1171522993602725,288.04465954491036,69.96210939043159,6.346451446784999,15.950127099019557,90,29,78,True
40,15,3,12,45,197,13.001136701589092,1.3001136701589093,5.378124661445633,21.00651672713982,84.77157360406092,34.06499429914287,-104.2543372581269,1.818902438521296,5,2561.223930213051,5.0923644042192775,171.76020453968857,33.728969670233475,5.490483168128117,8.138231492945673,166,23,8,True
40,15,3,12,75,197,23.249068978041873,2.3249068978041874,12.716723142677445,33.33672807325435,77.15736040609137,54.25609810875228,-81.48578497457994,2.2490431006812437,6,4580.066588674249,3.8340911264680706,293.9587297433445,76.66972955182122,7.548782627505293,12.963395960213658,123,25,49,True
40,15,3,12,90,197,25.261905949994183,2.5261905949994183,14.8359022889281,36.8413642785547,76.14213197969542,58.211340502341045,-79.8958638979213,2.325287754332364,6,4976.595472148854,3.8852368009113776,330.60204440354744,85.09186475480635,6.871824715842969,14.98686056486437,99,25,73,True
40,15,3,12,95,197,25.58439409608674,2.558439409608674,14.373302824162934,36.9882767964702,76.14213197969542,58.63487493420927,-79.8958638979213,2.3422060973813736,6,5040.125636929088,3.865214723091473,336.65104007128707,87.0976295469627,6.888449880862645,16.520124742309847,91,25,81,True
40,15,3,13,45,197,13.260636426836632,1.3260636426836632,4.1899350896803895,21.295370221248852,85.27918781725889,34.03973073105323,-107.11480643896988,1.8409750064646875,5,2612.3453760868165,5.2925622649310675,176.2228300958252,33.29631684514918,5.2357110978370685,7.432281573678017,167,20,10,True
40,15,3,13,75,197,23.564809019112772,2.356480901911277,13.561417034076834,33.60777434640527,77.66497461928934,54.299574964755784,-83.30835438278221,2.2664525367994734,6,4642.267376765216,3.083700868222791,299.5806035874061,97.14969654630004,7.48556926928473,13.436324867510997,124,22,51,True
40,15,3,13,90,197,25.570979222527416,2.557097922252742,13.938626636859441,36.59315517877656,76.6497461928934,58.220501847857776,-81.60462765627437,2.3419643115829722,6,5037.482906837901,3.6841342120313656,336.39842716236876,91.31003590037093,6.787893370914859,14.142697125791866,99,22,76,True
40,15,3,13,95,197,25.893467368619977,2.589346736861998,15.550102179878213,35.79939105397423,76.6497461928934,58.6412314159388,-81.60462765627437,2.358888480939127,6,5101.013071618136,3.700215889256934,342.49489344984346,92.56078664064714,6.817765127777014,15.741700207543142,91,22,84,True
40,15,3,14,45,197,12.770889013708626,1.2770889013708624,3.8170176355549845,21.02293577257897,85.27918781725889,34.03973073105323,-110.44171127987393,1.7855181633026884,5,2515.8651357005992,5.778027986896235,167.83626170147525,29.047325849252477,5.2656844377893055,6.599125031870699,167,19,11,True
40,15,3,14,75,197,22.95354821282548,2.295354821282548,11.168843057026658,33.583609194160644,77.66497461928934,54.299574964755784,-86.04513572002303,2.1943649637768936,7,4521.84899792662,3.096134878242464,233.5373257825644,75.42866669785815,7.3769758076960565,12.55706242708719,124,21,52,True
40,15,3,14,90,197,24.959718416240133,2.495971841624013,13.51720202486364,35.110874036683825,76.6497461928934,58.220501847857776,-84.22241850059167,2.269171665138882,7,4917.064527999306,3.016774255752548,261.86761037857224,86.80384681725155,6.592441916976304,13.24549366227802,99,21,77,True
40,15,3,14,95,197,25.282206562332686,2.5282206562332687,13.967290363458083,36.94484200038467,76.6497461928934,58.6412314159388,-84.22241850059167,2.2855697995464213,7,4980.594692779539,2.9925413661819404,266.5483559712658,89.07090106872734,6.631195931790611,14.683579921489407,91,21,85,True
40,15,4,10,45,187,7.990010055773672,0.7990010055773671,-0.6952789117477366,16.189660748918172,80.21390374331551,33.65998014264408,-96.07743624234962,1.4203062060529439,5,1494.1318804296766,8.298357947075184,88.13856335277268,10.621205293251752,3.2173812726426383,4.8622331668758285,150,32,5,True
40,15,4,10,75,187,16.77804503014585,1.677804503014585,6.945921757765807,26.673546333991975,72.72727272727273,52.86371459720036,-79.45040714866614,1.7743131929928815,6,3137.494420637274,6.262874910636174,176.41875780578,28.1689735661445,5.492193417920124,9.387204000466452,110,34,43,True
40,15,4,10,90,187,18.003034124698544,1.8003034124698545,6.540721883975283,28.86788027645107,71.65775401069519,56.02077183020004,-78.11728384770149,1.813138093664425,6,3366.567381318628,6.34680886678923,193.46794866860577,30.482712293568525,5.263765297218018,10.335919192018313,87,34,66,True
40,15,4,10,95,187,18.54776267730522,1.8547762677305217,8.059216077478583,30.11698538895915,71.65775401069519,56.78095272077801,-78.11728384770149,1.837741698465879,6,3468.4316206560757,6.313949883072341,201.24216970132682,31.872627028740883,5.212033084635502,10.384766862881692,81,34,72,True
40,15,4,11,45,187,10.922341993322867,1.0922341993322866,2.7575431918907904,19.32137912286974,82.88770053475936,34.52181004737094,-103.38758139347252,1.6173607619329637,5,2042.4779527513763,6.958206851125967,128.86244481258714,18.519490375848026,4.636838122266163,7.9516282455872185,154,27,6,True
40,15,4,11,75,187,20.824048905654173,2.0824048905654173,9.54796205127472,31.38065273358856,75.40106951871658,54.74903101818077,-83.16339626535125,2.017927232054465,6,3894.0971453573306,4.373816919769948,235.027228088482,53.735040217651324,6.781269029100691,11.877103228183804,114,29,44,True
40,15,4,11,90,187,22.628094235332554,2.2628094235332554,11.650708496197497,33.87899697503587,74.33155080213903,58.5986699968313,-81.53669807400755,2.0811730898374305,6,4231.453622007188,4.17368386553271,263.3102358659628,63.08820800742537,6.140966306430534,14.25516191940351,91,29,67,True
40,15,4,11,95,187,22.861727350795935,2.2861727350795937,11.614067971364321,35.050237750122164,74.33155080213903,58.912982173749654,-81.53669807400755,2.0923361084596297,6,4275.14301459884,4.188193945263066,267.07159771645433,63.767724514887334,6.089275476413907,15.281053312028545,83,29,75,True
40,15,4,12,45,187,13.022377115390853,1.3022377115390853,3.6145430363480724,21.033538928882546,84.49197860962568,35.0156775897248,-106.80319098615273,1.7862300671411708,5,2435.1845205780896,5.4208933927985585,160.93919685614787,29.688685092008857,5.364556293920963,8.144782389241362,157,23,7,True
40,15,4,12,75,187,23.50959021491927,2.350959021491927,12.538065676885797,33.96852431411748,77.00534759358288,55.76880230835674,-84.52125958635969,2.209629165519328,6,4396.293370189904,3.8340911264680706,277.62087822368727,72.40852370648506,7.35517533615339,12.508608312371454,116,25,46,True
40,15,4,12,90,187,25.409635843947623,2.5409635843947624,13.757355359240558,37.11005572567666,75.93582887700535,59.677896791393486,-82.7257653679927,2.276399836571524,6,4751.601902818205,3.8852368009113776,309.5759570215348,79.68007431333817,6.666929832165368,14.457502015938632,92,25,70,True
40,15,4,12,95,187,25.674866431932085,2.5674866431932086,13.601641587040584,36.67532307256456,75.93582887700535,60.02717932627445,-82.7257653679927,2.289723139637978,6,4801.2000227713,3.865214723091473,314.1580158326824,81.27828292587398,6.63895926705434,15.86076795379484,84,25,78,True
40,15,4,13,45,187,13.295753831293345,1.3295753831293344,3.9614114493073562,21.94780157155478,85.02673796791443,34.98300486815475,-109.85685027088388,1.8082940794319247,5,2486.3059664518555,5.348287227731778,165.29711858333914,30.906552237180808,5.1110397423678915,7.404355353824857,158,20,9,True
40,15,4,13,75,187,23.842214750165077,2.3842214750165076,12.963187188330679,34.966130308923105,77.54010695187165,55.80424544469419,-86.50289121904254,2.227180055142973,6,4458.49415828087,3.303851157676516,283.10526582421875,85.68947337909643,7.288632999075297,12.939799677319945,117,22,48,True
40,15,4,13,90,187,25.735237098969264,2.5735237098969264,14.5626738375712,36.59126195427435,76.47058823529412,59.677315021351355,-84.57651614877251,2.293204812057121,6,4812.4893375072525,3.7123416848746786,315.2051423090818,84.90736280912205,6.583655665181313,13.630015505552256,92,22,73,True
40,15,4,13,95,187,26.000467686953737,2.6000467686953734,14.12740504519752,38.136210221922276,76.47058823529412,60.02415502102334,-84.57651614877251,2.306532743382066,6,4862.087457460349,3.7303036429761627,319.8239346044347,85.7367027498245,6.570671247685275,15.10359362261665,84,22,81,True
40,15,4,14,45,187,12.779816716928547,1.2779816716928547,3.4879763065660097,21.8576189200112,85.02673796791443,34.98300486815475,-113.30257314182022,1.7533007982195183,5,2389.8257260656383,5.839604228295206,157.10790615723323,26.903861976807075,5.1352133760970045,6.555722812435517,158,19,10,True
40,15,4,14,75,187,23.198266200226065,2.3198266200226065,12.405894939812706,33.8307179377963,77.54010695187165,55.80424544469419,-89.36999547710434,2.155729257976863,7,4338.075779442274,3.309711682910974,220.8229523392894,66.71969449165738,7.17354757384912,12.04878529600917,117,21,49,True
40,15,4,14,90,187,25.091288549030253,2.5091288549030253,12.300494441338207,36.85790770726067,76.47058823529412,59.677315021351355,-87.31329748601333,2.221325724761006,7,4692.070958668657,3.1994737838337914,245.57342992997766,76.75431852912938,6.3840426704711,12.727024294511393,92,21,74,True
40,15,4,14,95,187,25.35651913701472,2.535651913701472,13.552331404140679,37.811367408437036,76.47058823529412,60.02415502102334,-87.31329748601333,2.2342359003171923,7,4741.669078621752,3.1645389532511703,249.12756809028278,78.72475952123617,6.381375840876025,14.040509439146634,84,21,82,True
40,15,5,10,45,181,8.6185665272403,0.8618566527240301,0.021227577843552434,16.379418077758093,80.66298342541437,34.19907386065335,-98.08869263499696,1.4543877585317744,5,1559.9605414304945,7.4483748451142375,92.78158136158726,12.456620845612697,3.497728859533733,5.672755977235018,146,31,4,True
40,15,5,10,75,181,17.478342387124176,1.7478342387124177,6.20369748841261,27.745276164439726,72.92817679558011,53.740832105374295,-80.2083646089782,1.804939196648569,6,3163.579972069476,6.285785901174304,178.33008188344976,28.370371610992084,5.723404323370741,10.46157507450728,106,33,42,True
40,15,5,10,90,181,18.63419612498152,1.8634196124981521,8.241152050562661,30.252899255700484,71.8232044198895,56.855728029290695,-78.79323814090462,1.8393249088924264,6,3372.789498621655,6.375221108447565,193.93940202184046,30.420811878172927,5.423730088935685,11.473090958106614,83,33,65,True
40,15,5,10,95,181,19.160156590693816,1.9160156590693818,8.10659209559367,29.96745558632006,71.8232044198895,57.58802683155166,-78.79323814090462,1.8630153174833914,6,3467.9883429155807,6.343680098058373,201.20808063135982,31.717879451856994,5.335112083371959,10.908612907408559,77,33,71,True
40,15,5,11,45,181,11.703373556641958,1.1703373556641958,2.7525629881629623,20.224570412410536,83.42541436464089,35.06588291126671,-105.88792352830258,1.6668404803770334,5,2118.3106137521945,5.307694546139027,134.864878286246,25.409314178478994,5.059569125104108,10.647713087585464,150,26,5,True
40,15,5,11,75,181,21.713738656295764,2.1713738656295765,10.838491296821392,32.75504129842551,75.69060773480662,55.64918267338429,-83.94889385145717,2.06400955187195,6,3930.186696789533,3.5823872699695154,237.98880476240817,66.43301989079292,7.102355812287512,13.888767149195887,110,28,43,True
40,15,5,11,90,181,23.46784386359235,2.346784386359235,11.747333339162763,34.617155172014684,74.58563535911603,59.479084060152104,-82.21731758283303,2.123131556864717,6,4247.679739310215,3.6335913829589526,264.7045438375535,72.8492876438946,6.342511019726797,16.97589922928685,87,28,66,True
40,15,5,11,95,181,23.672396336233945,2.3672396336233947,11.304402411431871,34.86918619334227,74.58563535911603,59.75333589384195,-82.21731758283303,2.13292109434391,6,4284.703736858344,3.6155325374529035,267.89774183723415,74.09634377843678,6.2541322205275165,16.903842813685042,79,28,74,True
40,15,5,12,45,181,13.928293820877945,1.3928293820877946,4.688797646217761,23.08410776567267,85.0828729281768,35.56197935996944,-109.46383851319953,1.8529863025224886,5,2521.021181578908,4.427205025256648,168.28062090023786,38.010577766382646,5.868434396374579,10.797562831350772,153,22,6,True
40,15,5,12,75,181,24.54357415260831,2.454357415260831,12.849878161623941,35.447064407211535,77.34806629834254,56.678801322096646,-85.18646984076645,2.27192617242975,6,4442.386921622105,3.84805270215963,281.68060395215815,73.20081759640959,7.727580598483921,14.909690367653026,112,24,45,True
40,15,5,12,90,181,26.39686198962007,2.639686198962007,14.707129420257882,37.87569047325213,76.24309392265194,60.57045335462943,-83.27652425157275,2.3342580464248956,6,4777.832020121233,3.9025485554798096,311.995469268171,79.94659511156597,6.908096989060147,17.485895999044374,88,24,69,True
40,15,5,12,95,181,26.634059364811076,2.6634059364811074,15.852643979282927,38.60713848015197,76.24309392265194,60.8815600568727,-83.27652425157275,2.3462474452619206,6,4820.764745030805,3.883330378864388,315.973702409263,81.3666805505392,6.841557462026119,17.982511302403537,80,24,77,True
40,15,5,13,45,181,14.266003466589355,1.4266003466589354,4.485866171823525,23.12913545129154,85.6353591160221,35.524938943841164,-112.4699580324118,1.883020973445038,5,2582.1466274526733,4.552374752845977,173.58149160990212,38.12987748897108,5.609146818570716,9.75368839382918,154,19,8,True
40,15,5,13,75,181,24.942495633773873,2.4942495633773873,13.725832813380817,35.57792586412278,77.90055248618785,56.70879604376464,-87.0337133114436,2.2967939485581708,6,4514.591709713071,3.1128131856811105,288.09132666923364,92.55014981125402,7.690991801728673,16.12551523676932,113,21,47,True
40,15,5,13,90,181,26.788527374642435,2.6788527374642435,15.632303323466356,38.19476154858903,76.79558011049724,60.563433572764225,-84.99032885247496,2.358340391216642,6,4848.723454810281,3.0322156867810484,318.576471700474,105.06392176826631,6.84636532943231,16.7084525612229,88,21,72,True
40,15,5,13,95,181,27.02572474983344,2.7025724749833437,15.40681765228504,39.061133174543336,76.79558011049724,60.87230209729353,-84.99032885247496,2.3703677330300446,6,4891.656179719853,3.047637288706443,322.5917659672536,105.8497896592466,6.79501463750459,17.419784467629654,80,21,80,True
40,15,5,14,45,181,13.788234182687605,1.3788234182687604,3.722966809990656,22.154714709013568,85.6353591160221,35.524938943841164,-115.79596727803553,1.8289349347460928,5,2495.6703870664564,3.983383402412261,166.09999118242075,41.69821842452669,5.7284612143513,8.842143232356024,154,18,9,True
40,15,5,14,75,181,24.332471441295446,2.4332471441295445,12.985365708007448,35.805494768733894,77.90055248618785,56.70879604376464,-89.79407278240849,2.226188208866191,7,4404.177330874476,2.7185452971384074,225.36284481035364,82.89832251372631,7.622048961184329,15.388923999473084,113,20,48,True
40,15,5,14,90,181,26.178503182164,2.6178503182164,14.837745503305296,38.088253258417794,76.79558011049724,60.563433572764225,-87.61924263434629,2.2875811222431968,7,4738.309075971684,2.5259338322973153,248.88612111222596,98.53232017794629,6.6687379668631825,15.787475650006284,88,20,73,True
40,15,5,14,95,181,26.41570055735501,2.641570055735501,14.185503069279068,37.6687929579667,76.79558011049724,60.87230209729353,-87.61924263434629,2.2992475976110347,7,4781.2418008812565,2.516944200054675,251.97860333912226,100.11290807863304,6.627473073351123,16.451224228334507,80,20,81,True
40,20,2,10,45,202,7.968933395641554,0.7968933395641553,0.3735831366287822,15.670321483379379,80.6930693069307,32.4893697302571,-94.51391590031575,1.436708054721228,5,1609.724545919594,7.679484947493462,96.33565404245505,12.544546242505291,3.3419607474076796,5.25641552907231,163,33,6,True
40,20,2,10,75,202,16.43591338114667,1.643591338114667,6.451028326914356,26.62982132452955,73.26732673267327,50.71156371092049,-77.50475789304825,1.7932737610893934,6,3320.054502991627,6.262874910636174,189.95768693982825,30.33074900110573,5.619958446926352,9.912837257483375,119,35,48,True
40,20,2,10,90,202,17.834032734125618,1.7834032734125618,7.957583649753809,27.729354923991785,72.27722772277228,53.94504669769989,-76.312539385193,1.842979467191405,6,3602.474612293375,6.34680886678923,211.65433878556223,33.348150736518946,5.398784276260771,10.806332040778358,96,35,71,True
40,20,2,10,95,202,18.427088580651212,1.8427088580651212,7.988484109250663,29.320711346520397,72.27722772277228,54.76557601960516,-76.312539385193,1.871012044509841,6,3722.271893291545,6.313949883072341,221.1359454133768,35.02339256861079,5.396562470469931,10.956256611481496,90,35,77,True
40,20,2,11,45,202,10.633993159610366,1.0633993159610367,2.8170825427231097,18.402632427635243,83.16831683168317,33.31935001177257,-101.45835834519113,1.6227030574782393,5,2148.066618241294,6.267555372056474,137.24509749976937,21.89770801414353,4.687079681308213,8.550771882105971,167,28,7,True
40,20,2,11,75,202,20.131946671840012,2.0131946671840013,10.412229837642272,30.30209849965981,75.74257425742574,52.519343905624,-80.99604877242429,2.0246539710561744,6,4066.6532277116826,4.202566548179269,249.32595014554977,59.32706770665378,6.835350839657901,12.686619236616643,123,30,49,True
40,20,2,11,90,202,22.066123034564033,2.2066123034564034,12.134079669591681,32.30135827345091,74.75247524752476,56.38681140514522,-79.5500327293136,2.098668988326286,6,4457.356852981935,4.073941402259854,283.0045706919639,69.4670204473188,6.237933393006232,14.714675077285804,100,30,72,True
40,20,2,11,95,202,22.371184590268854,2.2371184590268856,10.696403412882974,33.15454708237563,74.75247524752476,56.79490699622054,-79.5500327293136,2.1138579578728836,6,4518.979287234309,4.082878693351367,288.4828977856741,70.65673987704919,6.2378228653820935,15.956627194252578,92,30,80,True
40,20,2,12,45,202,12.528560327069341,1.2528560327069342,4.345471966125995,20.643335626710353,84.65346534653465,33.79676785854862,-104.78961670141312,1.7790630240802496,5,2530.769186068007,4.635970461786716,169.12190539784046,36.480367334493415,5.36269205007895,8.642797683597813,170,24,8,True
40,20,2,12,75,202,22.568541844278492,2.256854184427849,12.787535875893711,32.205087649334274,77.22772277227723,53.50354984872021,-82.34148530121952,2.2035893640044324,6,4558.845452544256,3.8340911264680706,292.05138435046456,76.17225953090468,7.3594572793230215,12.9961053543189,125,26,51,True
40,20,2,12,90,202,24.591589771252238,2.459158977125224,13.509369736375538,35.89833867092696,76.23762376237624,57.42503075970944,-80.74903340004795,2.281620381030572,6,4967.501133792952,3.8852368009113776,329.7401770413117,84.87003339512358,6.724916964407417,14.893295796518641,101,26,75,True
40,20,2,12,95,202,24.925902452508762,2.4925902452508764,14.119341743125094,36.091097524276265,76.23762376237624,57.86354479616281,-80.74903340004795,2.2990434899031924,6,5035.03229540677,3.865214723091473,336.16425504973824,86.97168957818407,6.715130073679483,16.244677780662247,93,26,83,True
40,20,2,13,45,202,12.732112039315707,1.2732112039315706,4.931648647059243,20.00448781507362,85.14851485148515,33.77365127134825,-107.90604622433756,1.7944833250569354,5,2571.886631941773,4.9394602251355195,172.687484306008,34.960800661426546,5.096634102588264,7.814776006098132,171,21,10,True
40,20,2,13,75,202,22.82694178532288,2.282694178532288,12.339767697620854,33.23401196451748,77.72277227722772,53.550712315144196,-84.36487984094259,2.214576557693637,6,4611.042240635222,3.047772587787673,296.75255429699286,97.36702649209158,7.280710273911678,13.414226194420502,126,23,53,True
40,20,2,13,90,202,24.843487962782177,2.484348796278218,13.926752972039054,36.05702127528132,76.73267326732673,57.439028649487874,-82.6524440891196,2.2918449167674635,6,5018.384568482,3.6841342120313656,334.5754050424307,90.81520536081443,6.628377265764474,14.022520388751358,101,23,78,True
40,20,2,13,95,202,25.1778006440387,2.51778006440387,14.647115611045281,35.12943505193225,76.73267326732673,57.874713563125425,-82.6524440891196,2.30922895473102,6,5085.915730095818,3.700215889256934,341.0416332128267,92.1680365199755,6.631772573212736,15.442182085842747,93,23,86,True
40,20,2,14,45,202,12.204962334433445,1.2204962334433445,4.20906559428193,20.70264923332109,85.14851485148515,33.77365127134825,-111.45552090387814,1.737335208270145,5,2465.402391555556,5.416990860891858,163.5100483258193,30.184663870542114,5.09112317098038,6.9097847726791155,171,20,11,True
40,20,2,14,75,202,22.181286444537754,2.2181286444537753,11.195421162014231,32.62594154383209,77.72277227722772,53.550712315144196,-87.26315492624475,2.1410237269819516,7,4480.6198617966265,3.07568457118126,230.65966002516313,74.99457590235758,7.1222353592058,12.490082030315977,126,22,54,True
40,20,2,14,90,202,24.197832621997048,2.419783262199705,12.704332992543678,35.24392578161911,76.73267326732673,57.439028649487874,-85.42738831972802,2.2173987472857206,7,4887.962189643404,2.995273814287451,259.7351926069283,86.71500794618238,6.3997993581198775,13.083015074711517,101,22,79,True
40,20,2,14,95,202,24.53214530325357,2.453214530325357,13.861767737006598,34.944516609628955,76.73267326732673,57.874713563125425,-85.42738831972802,2.2342180982466604,7,4955.493351257222,2.9704580889589263,264.6947360787226,89.10906269392667,6.4114868600083765,14.342698237662455,93,22,87,True
40,20,3,10,45,197,8.224219746521005,0.8224219746521004,-0.23642335491884614,16.881837219534706,80.71065989847716,32.73820132186762,-94.34744000295562,1.4519050710789048,5,1620.171290064638,8.097470080578383,97.08658311264311,11.989742740205156,3.3941627603852482,5.049254697819567,159,32,6,True
40,20,3,10,75,197,16.859226594525996,1.6859226594525996,7.3328878538457065,27.651884151218052,73.09644670050761,51.42836503712657,-77.06447030612462,1.813155879801822,6,3321.267639121621,6.262874910636174,190.04892618530965,30.345317269957217,5.714404097919285,9.85194937435398,117,34,46,True
40,20,3,10,90,197,18.231273861163842,1.8231273861163841,8.426569132810133,29.090055879144195,72.08121827411168,54.67762786070483,-75.8665855558329,1.8607360897448828,6,3591.560950649277,6.34680886678923,210.79882589065738,33.21335655682,5.482967974940716,10.748659230732708,94,34,69,True
40,20,3,10,95,197,18.819072257938394,1.8819072257938396,8.906904309067148,29.075064378750504,72.08121827411168,55.493094650596284,-75.8665855558329,1.8884872659627876,6,3707.3572348138637,6.313949883072341,219.94640793757932,34.83499426044769,5.4714254138469265,10.831143841484767,88,34,75,True
40,20,3,11,45,197,11.00770234713877,1.1007702347138768,2.6374437770473604,19.282130870404576,83.24873096446701,33.580838695870945,-101.17394496171208,1.6495016811878649,5,2168.5173623863375,6.6478661626636075,138.88914215764126,20.892289158539917,4.784158310028543,8.001143679188038,163,27,7,True
40,20,3,11,75,197,20.699849562648108,2.0699849562648107,10.761578844186745,30.856340489762925,75.63451776649747,53.26062250798971,-80.37421645518312,2.0570010673436103,6,4077.8703638416773,4.234234601016558,250.26759357888344,59.10574570402854,6.979587385878474,12.378412044409243,121,29,47,True
40,20,3,11,90,197,22.62155934689257,2.262155934689257,10.641650416670403,32.72722559271243,74.61928934010153,57.160917418590664,-78.92415338389986,2.1292987001484716,6,4456.447191337837,4.106962671966831,282.92404192338216,68.88887592150658,6.354769344849051,14.83287528309338,98,29,70,True
40,20,3,11,95,197,22.91405395307933,2.2914053953079327,12.199410373283744,34.02201103206682,74.61928934010153,57.55289998606545,-78.92415338389986,2.143900424702554,6,4514.068628756628,4.1171522993602725,288.04465954491036,69.96210939043159,6.346451446784999,15.950127099019557,90,29,78,True
40,20,3,12,45,197,13.001136701589092,1.3001136701589093,5.089127024128966,20.850536362696722,84.77157360406092,34.06499429914287,-104.2543372581269,1.818902438521296,5,2561.223930213051,5.0923644042192775,171.76020453968857,33.728969670233475,5.490483168128117,8.138231492945673,166,23,8,True
40,20,3,12,75,197,23.249068978041873,2.3249068978041874,12.70584098279496,33.74618647730263,77.15736040609137,54.25609810875228,-81.48578497457994,2.2490431006812437,6,4580.066588674249,3.8340911264680706,293.9587297433445,76.66972955182122,7.548782627505293,12.963395960213658,123,25,49,True
40,20,3,12,90,197,25.261905949994183,2.5261905949994183,14.564704778225694,37.156651705012564,76.14213197969542,58.211340502341045,-79.8958638979213,2.325287754332364,6,4976.595472148854,3.8852368009113776,330.60204440354744,85.09186475480635,6.871824715842969,14.98686056486437,99,25,73,True
40,20,3,12,95,197,25.58439409608674,2.558439409608674,14.476281022425493,36.81307675303941,76.14213197969542,58.63487493420927,-79.8958638979213,2.3422060973813736,6,5040.125636929088,3.865214723091473,336.65104007128707,87.0976295469627,6.888449880862645,16.520124742309847,91,25,81,True
40,20,3,13,45,197,13.260636426836632,1.3260636426836632,4.987524322204083,21.35542759130815,85.27918781725889,34.03973073105323,-107.11480643896988,1.8409750064646875,5,2612.3453760868165,5.2925622649310675,176.2228300958252,33.29631684514918,5.2357110978370685,7.432281573678017,167,20,10,True
40,20,3,13,75,197,23.564809019112772,2.356480901911277,13.185500673971635,33.9161482598469,77.66497461928934,54.299574964755784,-83.30835438278221,2.2664525367994734,6,4642.267376765216,3.083700868222791,299.5806035874061,97.14969654630004,7.48556926928473,13.436324867510997,124,22,51,True
40,20,3,13,90,197,25.570979222527416,2.557097922252742,14.502616351288673,36.64530028261729,76.6497461928934,58.220501847857776,-81.60462765627437,2.3419643115829722,6,5037.482906837901,3.6841342120313656,336.39842716236876,91.31003590037093,6.787893370914859,14.142697125791866,99,22,76,True
40,20,3,13,95,197,25.893467368619977,2.589346736861998,14.499156452300216,37.287445683573544,76.6497461928934,58.6412314159388,-81.60462765627437,2.358888480939127,6,5101.013071618136,3.700215889256934,342.49489344984346,92.56078664064714,6.817765127777014,15.741700207543142,91,22,84,True
40,20,3,14,45,197,12.770889013708626,1.2770889013708624,4.615729266902866,21.51634144445219,85.27918781725889,34.03973073105323,-110.44171127987393,1.7855181633026884,5,2515.8651357005992,5.778027986896235,167.83626170147525,29.047325849252477,5.2656844377893055,6.599125031870699,167,19,11,True
40,20,3,14,75,197,22.95354821282548,2.295354821282548,12.415662606281568,34.136059980127,77.66497461928934,54.299574964755784,-86.04513572002303,2.1943649637768936,7,4521.84899792662,3.096134878242464,233.5373257825644,75.42866669785815,7.3769758076960565,12.55706242708719,124,21,52,True
40,20,3,14,90,197,24.959718416240133,2.495971841624013,14.154618077673693,35.105400157101904,76.6497461928934,58.220501847857776,-84.22241850059167,2.269171665138882,7,4917.064527999306,3.016774255752548,261.86761037857224,86.80384681725155,6.592441916976304,13.24549366227802,99,21,77,True
40,20,3,14,95,197,25.282206562332686,2.5282206562332687,14.01210420070623,36.45905721012555,76.6497461928934,58.6412314159388,-84.22241850059167,2.2855697995464213,7,4980.594692779539,2.9925413661819404,266.5483559712658,89.07090106872734,6.631195931790611,14.683579921489407,91,21,85,True
40,20,4,10,45,187,7.990010055773672,0.7990010055773671,-0.27104698665283566,15.681639465681517,80.21390374331551,33.65998014264408,-96.07743624234962,1.4203062060529439,5,1494.1318804296766,8.298357947075184,88.13856335277268,10.621205293251752,3.2173812726426383,4.8622331668758285,150,32,5,True
40,20,4,10,75,187,16.77804503014585,1.677804503014585,6.5024236859423645,27.023217325135445,72.72727272727273,52.86371459720036,-79.45040714866614,1.7743131929928815,6,3137.494420637274,6.262874910636174,176.41875780578,28.1689735661445,5.492193417920124,9.387204000466452,110,34,43,True
40,20,4,10,90,187,18.003034124698544,1.8003034124698545,7.182769220840593,28.399372663531842,71.65775401069519,56.02077183020004,-78.11728384770149,1.813138093664425,6,3366.567381318628,6.34680886678923,193.46794866860577,30.482712293568525,5.263765297218018,10.335919192018313,87,34,66,True
40,20,4,10,95,187,18.54776267730522,1.8547762677305217,7.65798391132723,30.32919908849506,71.65775401069519,56.78095272077801,-78.11728384770149,1.837741698465879,6,3468.4316206560757,6.313949883072341,201.24216970132682,31.872627028740883,5.212033084635502,10.384766862881692,81,34,72,True
40,20,4,11,45,187,10.922341993322867,1.0922341993322866,2.497438125345376,19.86185409001917,82.88770053475936,34.52181004737094,-103.38758139347252,1.6173607619329637,5,2042.4779527513763,6.958206851125967,128.86244481258714,18.519490375848026,4.636838122266163,7.9516282455872185,154,27,6,True
40,20,4,11,75,187,20.824048905654173,2.0824048905654173,10.001868157153167,31.95319962092221,75.40106951871658,54.74903101818077,-83.16339626535125,2.017927232054465,6,3894.0971453573306,4.373816919769948,235.027228088482,53.735040217651324,6.781269029100691,11.877103228183804,114,29,44,True
40,20,4,11,90,187,22.628094235332554,2.2628094235332554,11.186978361222966,33.426053310750156,74.33155080213903,58.5986699968313,-81.53669807400755,2.0811730898374305,6,4231.453622007188,4.17368386553271,263.3102358659628,63.08820800742537,6.140966306430534,14.25516191940351,91,29,67,True
40,20,4,11,95,187,22.861727350795935,2.2861727350795937,11.35093533711401,34.18024731585893,74.33155080213903,58.912982173749654,-81.53669807400755,2.0923361084596297,6,4275.14301459884,4.188193945263066,267.07159771645433,63.767724514887334,6.089275476413907,15.281053312028545,83,29,75,True
40,20,4,12,45,187,13.022377115390853,1.3022377115390853,4.44375470334776,21.16369800553191,84.49197860962568,35.0156775897248,-106.80319098615273,1.7862300671411708,5,2435.1845205780896,5.4208933927985585,160.93919685614787,29.688685092008857,5.364556293920963,8.144782389241362,157,23,7,True
40,20,4,12,75,187,23.50959021491927,2.350959021491927,12.465474394295265,34.948989289550234,77.00534759358288,55.76880230835674,-84.52125958635969,2.209629165519328,6,4396.293370189904,3.8340911264680706,277.62087822368727,72.40852370648506,7.35517533615339,12.508608312371454,116,25,46,True
40,20,4,12,90,187,25.409635843947623,2.5409635843947624,14.416648348132032,36.50658412997101,75.93582887700535,59.677896791393486,-82.7257653679927,2.276399836571524,6,4751.601902818205,3.8852368009113776,309.5759570215348,79.68007431333817,6.666929832165368,14.457502015938632,92,25,70,True
40,20,4,12,95,187,25.674866431932085,2.5674866431932086,14.826154329276465,37.268937860706224,75.93582887700535,60.02717932627445,-82.7257653679927,2.289723139637978,6,4801.2000227713,3.865214723091473,314.1580158326824,81.27828292587398,6.63895926705434,15.86076795379484,84,25,78,True
40,20,4,13,45,187,13.295753831293345,1.3295753831293344,4.178727686805651,21.55223425848944,85.02673796791443,34.98300486815475,-109.85685027088388,1.8082940794319247,5,2486.3059664518555,5.348287227731778,165.29711858333914,30.906552237180808,5.1110397423678915,7.404355353824857,158,20,9,True
40,20,4,13,75,187,23.842214750165077,2.3842214750165076,12.02458710179095,35.002710962326766,77.54010695187165,55.80424544469419,-86.50289121904254,2.227180055142973,6,4458.49415828087,3.303851157676516,283.10526582421875,85.68947337909643,7.288632999075297,12.939799677319945,117,22,48,True
40,20,4,13,90,187,25.735237098969264,2.5735237098969264,13.898264365481863,37.49298803853743,76.47058823529412,59.677315021351355,-84.57651614877251,2.293204812057121,6,4812.4893375072525,3.7123416848746786,315.2051423090818,84.90736280912205,6.583655665181313,13.630015505552256,92,22,73,True
40,20,4,13,95,187,26.000467686953737,2.6000467686953734,14.727701790744616,36.94495856450811,76.47058823529412,60.02415502102334,-84.57651614877251,2.306532743382066,6,4862.087457460349,3.7303036429761627,319.8239346044347,85.7367027498245,6.570671247685275,15.10359362261665,84,22,81,True
40,20,4,14,45,187,12.779816716928547,1.2779816716928547,3.8745637534428563,22.123521307787517,85.02673796791443,34.98300486815475,-113.30257314182022,1.7533007982195183,5,2389.8257260656383,5.839604228295206,157.10790615723323,26.903861976807075,5.1352133760970045,6.555722812435517,158,19,10,True
40,20,4,14,75,187,23.198266200226065,2.3198266200226065,11.472222100076621,33.37552333937019,77.54010695187165,55.80424544469419,-89.36999547710434,2.155729257976863,7,4338.075779442274,3.309711682910974,220.8229523392894,66.71969449165738,7.17354757384912,12.04878529600917,117,21,49,True
40,20,4,14,90,187,25.091288549030253,2.5091288549030253,12.911740856022638,36.965590592111276,76.47058823529412,59.677315021351355,-87.31329748601333,2.221325724761006,7,4692.070958668657,3.1994737838337914,245.57342992997766,76.75431852912938,6.3840426704711,12.727024294511393,92,21,74,True
40,20,4,14,95,187,25.35651913701472,2.535651913701472,13.900458899632905,37.23636643261966,76.47058823529412,60.02415502102334,-87.31329748601333,2.2342359003171923,7,4741.669078621752,3.1645389532511703,249.12756809028278,78.72475952123617,6.381375840876025,14.040509439146634,84,21,82,True
40,20,5,10,45,181,8.6185665272403,0.8618566527240301,-0.8029454876248764,16.39616652317534,80.66298342541437,34.19907386065335,-98.08869263499696,1.4543877585317744,5,1559.9605414304945,7.4483748451142375,92.78158136158726,12.456620845612697,3.497728859533733,5.672755977235018,146,31,4,True
40,20,5,10,75,181,17.478342387124176,1.7478342387124177,6.930891724859866,27.342736279207607,72.92817679558011,53.740832105374295,-80.2083646089782,1.804939196648569,6,3163.579972069476,6.285785901174304,178.33008188344976,28.370371610992084,5.723404323370741,10.46157507450728,106,33,42,True
40,20,5,10,90,181,18.63419612498152,1.8634196124981521,7.749428566272387,30.452460348074545,71.8232044198895,56.855728029290695,-78.79323814090462,1.8393249088924264,6,3372.789498621655,6.375221108447565,193.93940202184046,30.420811878172927,5.423730088935685,11.473090958106614,83,33,65,True
40,20,5,10,95,181,19.160156590693816,1.9160156590693818,7.612614214514916,30.09998952742123,71.8232044198895,57.58802683155166,-78.79323814090462,1.8630153174833914,6,3467.9883429155807,6.343680098058373,201.20808063135982,31.717879451856994,5.335112083371959,10.908612907408559,77,33,71,True
40,20,5,11,45,181,11.703373556641958,1.1703373556641958,2.1823979812782683,20.213575543502905,83.42541436464089,35.06588291126671,-105.88792352830258,1.6668404803770334,5,2118.3106137521945,5.307694546139027,134.864878286246,25.409314178478994,5.059569125104108,10.647713087585464,150,26,5,True
40,20,5,11,75,181,21.713738656295764,2.1713738656295765,10.105203270559562,32.76634010170232,75.69060773480662,55.64918267338429,-83.94889385145717,2.06400955187195,6,3930.186696789533,3.5823872699695154,237.98880476240817,66.43301989079292,7.102355812287512,13.888767149195887,110,28,43,True
40,20,5,11,90,181,23.46784386359235,2.346784386359235,12.092068975215772,35.279757016490954,74.58563535911603,59.479084060152104,-82.21731758283303,2.123131556864717,6,4247.679739310215,3.6335913829589526,264.7045438375535,72.8492876438946,6.342511019726797,16.97589922928685,87,28,66,True
40,20,5,11,95,181,23.672396336233945,2.3672396336233947,12.41263631056797,34.38862207634897,74.58563535911603,59.75333589384195,-82.21731758283303,2.13292109434391,6,4284.703736858344,3.6155325374529035,267.89774183723415,74.09634377843678,6.2541322205275165,16.903842813685042,79,28,74,True
40,20,5,12,45,181,13.928293820877945,1.3928293820877946,4.584282335910515,22.80893158943054,85.0828729281768,35.56197935996944,-109.46383851319953,1.8529863025224886,5,2521.021181578908,4.427205025256648,168.28062090023786,38.010577766382646,5.868434396374579,10.797562831350772,153,22,6,True
40,20,5,12,75,181,24.54357415260831,2.454357415260831,13.008766954796078,35.7132712630674,77.34806629834254,56.678801322096646,-85.18646984076645,2.27192617242975,6,4442.386921622105,3.84805270215963,281.68060395215815,73.20081759640959,7.727580598483921,14.909690367653026,112,24,45,True
40,20,5,12,90,181,26.39686198962007,2.639686198962007,14.629719066493992,38.1013810128257,76.24309392265194,60.57045335462943,-83.27652425157275,2.3342580464248956,6,4777.832020121233,3.9025485554798096,311.995469268171,79.94659511156597,6.908096989060147,17.485895999044374,88,24,69,True
40,20,5,12,95,181,26.634059364811076,2.6634059364811074,14.86494536292698,38.133970500994124,76.24309392265194,60.8815600568727,-83.27652425157275,2.3462474452619206,6,4820.764745030805,3.883330378864388,315.973702409263,81.3666805505392,6.841557462026119,17.982511302403537,80,24,77,True
40,20,5,13,45,181,14.266003466589355,1.4266003466589354,5.41420680984793,22.744108667220672,85.6353591160221,35.524938943841164,-112.4699580324118,1.883020973445038,5,2582.1466274526733,4.552374752845977,173.58149160990212,38.12987748897108,5.609146818570716,9.75368839382918,154,19,8,True
40,20,5,13,75,181,24.942495633773873,2.4942495633773873,14.143450968075191,35.42103136216176,77.90055248618785,56.70879604376464,-87.0337133114436,2.2967939485581708,6,4514.591709713071,3.1128131856811105,288.09132666923364,92.55014981125402,7.690991801728673,16.12551523676932,113,21,47,True
40,20,5,13,90,181,26.788527374642435,2.6788527374642435,14.73624721364476,38.013096703197455,76.79558011049724,60.563433572764225,-84.99032885247496,2.358340391216642,6,4848.723454810281,3.0322156867810484,318.576471700474,105.06392176826631,6.84636532943231,16.7084525612229,88,21,72,True
40,20,5,13,95,181,27.02572474983344,2.7025724749833437,15.332809770827385,38.23301025664274,76.79558011049724,60.87230209729353,-84.99032885247496,2.3703677330300446,6,4891.656179719853,3.047637288706443,322.5917659672536,105.8497896592466,6.79501463750459,17.419784467629654,80,21,80,True
40,20,5,14,45,181,13.788234182687605,1.3788234182687604,4.6320818050410315,23.86186087046588,85.6353591160221,35.524938943841164,-115.79596727803553,1.8289349347460928,5,2495.6703870664564,3.983383402412261,166.09999118242075,41.69821842452669,5.7284612143513,8.842143232356024,154,18,9,True
40,20,5,14,75,181,24.332471441295446,2.4332471441295445,12.821495390493899,35.89762660902291,77.90055248618785,56.70879604376464,-89.79407278240849,2.226188208866191,7,4404.177330874476,2.7185452971384074,225.36284481035364,82.89832251372631,7.622048961184329,15.388923999473084,113,20,48,True
40,20,5,14,90,181,26.178503182164,2.6178503182164,14.038747085746543,37.59830267765338,76.79558011049724,60.563433572764225,-87.61924263434629,2.2875811222431968,7,4738.309075971684,2.5259338322973153,248.88612111222596,98.53232017794629,6.6687379668631825,15.787475650006284,88,20,73,True
40,20,5,14,95,181,26.41570055735501,2.641570055735501,13.711487814027384,38.21461669362163,76.79558011049724,60.87230209729353,-87.61924263434629,2.2992475976110347,7,4781.2418008812565,2.516944200054675,251.97860333912226,100.11290807863304,6.627473073351123,16.451224228334507,80,20,81,True
40,25,2,10,45,199,7.842396315282278,0.784239631528228,-0.6301604219807407,15.677942300526912,80.40201005025126,32.79174741783429,-94.51391590031575,1.4233908788484197,5,1560.6368667411734,7.701526820924418,92.82962850769896,12.053405859145807,3.2578974494492545,5.14287741221638,160,33,6,True
40,25,2,10,75,199,16.265706425894063,1.6265706425894064,5.8914710768222625,25.926698056237793,72.8643216080402,51.18712072398292,-77.50475789304825,1.7733994915511213,6,3236.8755787529185,6.2922709735960485,183.74193657415177,29.201211668279885,5.486142626893015,9.664486172135863,116,35,48,True
40,25,2,10,90,199,17.598012111627416,1.7598012111627415,7.112589000183046,27.774086653239134,71.85929648241206,54.374172138354304,-76.312539385193,1.819469428528374,6,3502.0044102138554,6.383261479039315,203.83056989400535,31.932041412265942,5.279518366457947,10.60132758923668,93,35,71,True
40,25,2,10,95,199,18.17137781261972,1.817137781261972,7.85100191285802,28.618929380321934,71.85929648241206,55.172072659315624,-76.312539385193,1.846168788680507,6,3616.1041847113247,6.352093124161788,212.72468636857727,33.48891179813238,5.274035314598447,10.740520558468926,87,35,77,True
40,25,2,11,45,199,10.547632859612428,1.0547632859612428,1.486838658334745,19.59641760298004,82.91457286432161,33.62765528969316,-101.45835834519113,1.6084730295781084,5,2098.978939062873,6.284414512447594,133.32604956026177,21.215349384764757,4.604600137714161,8.43202416610384,164,28,7,True
40,25,2,11,75,199,20.017458811421985,2.0017458811421984,10.261656483459873,29.095452725981602,75.37688442211056,53.0152046221451,-80.99604877242429,2.0036957997401186,6,3983.474303472975,4.217095692438386,242.38965467937552,57.47786447293594,6.700936435635326,12.427128377367335,120,30,49,True
40,25,2,11,90,199,21.893902768353843,2.1893902768353843,10.966647081980515,32.29821674051684,74.37185929648241,56.85093459525276,-79.5500327293136,2.07390464952272,6,4356.886650902415,4.090419885579552,274.17026548272855,67.02741360350166,6.130672166291117,14.513756311313683,97,30,72,True
40,25,2,11,95,199,22.174932556050692,2.2174932556050693,11.268498083512045,32.78991660285389,74.37185929648241,57.228805728710014,-79.5500327293136,2.087689272522794,6,4412.8115786540875,4.100376911589702,279.0728063786966,68.06028138288903,6.125035145467492,15.722122493364742,89,30,80,True
40,25,2,12,45,199,12.4707613411537,1.2470761341153702,4.471060021714351,20.43614499376783,84.42211055276381,34.1080930037702,-104.78961670141312,1.7639520467551157,5,2481.681506889586,4.648172190598835,164.9011581988599,35.47655969638579,5.286015316133498,8.552912726352481,167,24,8,True
40,25,2,12,75,199,22.49078657439973,2.249078657439973,12.759239629783536,32.71262266468259,76.88442211055276,54.00898596184082,-82.34148530121952,2.1816291397403775,6,4475.666528305546,3.8520045123482354,284.6275658098838,73.89076645613036,7.238765518076493,12.75898346152434,122,26,51,True
40,25,2,12,90,199,24.457441867906695,2.4457441867906695,12.867439387163868,36.01234400475224,75.87939698492463,57.90055983387905,-80.74903340004795,2.2556989659763493,6,4867.030931713432,3.9074474726064823,320.2859347772672,81.96807174572685,6.623543646732671,14.72472661342234,98,26,75,True
40,25,2,12,95,199,24.768163752897234,2.476816375289723,13.526336979209923,36.364897437162554,75.87939698492463,58.31005423860166,-80.74903340004795,2.271652112335487,6,4928.864586826549,3.8884565859880253,326.0898856049673,83.86100716156267,6.608445313749462,16.04540824817294,90,26,83,True
40,25,2,13,45,199,12.677381672177647,1.2677381672177646,4.1201967681150276,20.98260284255552,84.92462311557789,34.082723902328276,-107.90604622433756,1.7793196152383752,5,2522.7989527633517,4.952153239480641,168.43393320405434,34.01226195127171,5.024750880715566,7.735308678973148,168,21,10,True
40,25,2,13,75,199,22.75308199194228,2.275308199194228,12.564352751607938,33.121620831635575,77.38693467336684,54.053785124928126,-84.36487984094259,2.1926667233867208,6,4527.863316396514,3.0579580623100275,289.27646563184453,94.5979178711564,7.161731926340058,13.172245998595429,123,23,53,True
40,25,2,13,90,199,24.71313751961046,2.4713137519610457,13.668322046015126,35.99725559519671,76.38190954773869,57.91170551704673,-82.6524440891196,2.265981629872676,6,4917.914366402481,3.011793071122795,325.0586532135502,107.92861446233704,6.529510673104261,13.866708847413742,98,23,78,True
40,25,2,13,95,199,25.02385940460099,2.502385940460099,13.890044549977938,36.95260772834981,76.38190954773869,58.318505879633015,-82.6524440891196,2.281899001678877,6,4979.748021515597,3.0258408885032866,330.9010467678304,109.35837638558336,6.527489302713924,15.256043584891154,90,23,86,True
40,25,2,14,45,199,12.142284986819774,1.2142284986819776,3.2851420439094574,21.01032063449024,84.92462311557789,34.082723902328276,-111.45552090387814,1.7226544104115522,5,2416.314712377135,5.431077644651674,159.3412971457505,29.33879932699249,5.015643348203042,6.83433704132088,168,20,11,True
40,25,2,14,75,199,22.097693153557376,2.2097693153557376,11.692074713264283,33.00001977081674,77.38693467336684,54.053785124928126,-87.26315492624475,2.119841584986281,7,4397.440937557918,3.085071539165327,224.8984733276413,72.89894917266265,7.002221536280469,12.258214204216056,123,22,54,True
40,25,2,14,90,199,24.057748681225554,2.4057748681225557,12.01538713295444,36.206159238130326,76.38190954773869,57.91170551704673,-85.42738831972802,2.1923755794694264,7,4787.491987563885,3.006008047729735,252.43014450159927,83.97520581897486,6.301350048806327,12.932747742091253,98,22,79,True
40,25,2,14,95,199,24.368470566216086,2.4368470566216085,13.258348646966146,35.846440178761696,76.38190954773869,58.318505879633015,-85.42738831972802,2.2077759060992643,7,4849.325642677001,2.9817378526785308,256.91558388582905,86.16303531010907,6.307555704072192,14.164182033612088,90,22,87,True
40,25,3,10,45,195,8.122233377434767,0.8122233377434767,0.0025455451504834184,16.20551167851163,80.51282051282051,32.92381037396238,-94.34744000295562,1.4417701402809835,5,1583.8355085997798,8.12091036324207,94.48194642345513,11.634403311617834,3.336024419011949,4.981298975734691,157,32,6,True
40,25,3,10,75,195,16.717819241908785,1.6717819241908787,6.516181008080169,26.915093685415673,72.82051282051282,51.72106815772407,-77.06447030612462,1.7981493591511342,6,3259.974752172213,6.2922709735960485,185.4601613333527,29.474280766290924,5.615657750198794,9.670134933349381,115,34,46,True
40,25,3,10,90,195,18.039450479157022,1.8039450479157022,8.104147061887515,29.715426833292707,71.7948717948718,54.93110749290307,-75.8665855558329,1.8430332171962645,6,3517.6928434356196,6.383261479039315,205.04457260924772,32.12222674608452,5.3775635553970735,10.527590140337546,92,34,69,True
40,25,3,10,95,195,18.611781474421146,1.8611781474421145,8.183328301267172,29.333598239377164,71.7948717948718,55.72828280773523,-75.8665855558329,1.8697798213013135,6,3629.2973875121234,6.352093124161788,213.76281521703274,33.6523427850785,5.363939242436997,10.6030898987921,86,34,75,True
40,25,3,11,45,195,10.93426451754605,1.0934264517546048,2.290528535562848,19.06316456711986,83.07692307692308,33.771122004061596,-101.17394496171208,1.6386185997064564,5,2132.1815809214795,6.665891499954232,135.97268306385408,20.398274269058785,4.729253932609344,7.93925114034414,161,27,7,True
40,25,3,11,75,195,20.59783321483215,2.059783321483215,10.315003214371433,31.465906965144978,75.38461538461539,53.56829841320448,-80.37421645518312,2.04111369448827,6,4016.5774768922693,4.2489839205709385,245.14036063939724,57.693878165219694,6.880433675746689,12.192356936630782,119,29,47,True
40,25,3,11,90,195,22.47476453397015,2.247476453397015,11.03912818158189,33.203594318940304,74.35897435897436,57.43990864358049,-78.92415338389986,2.1105799419365585,6,4382.579084124179,4.12370991915979,276.41789238399093,67.03136200237658,6.2548340025150395,14.587012070840343,96,29,70,True
40,25,3,11,95,195,22.74876298181993,2.2748762981819928,11.400313682602606,34.025223232075966,74.35897435897436,57.808389314826755,-78.92415338389986,2.1241194466483337,6,4436.008781454886,4.13494616737611,281.11732659632474,67.9857282820956,6.242887455685351,15.674308411226201,88,29,78,True
40,25,3,12,45,195,12.948144352554834,1.2948144352554833,4.174450831389971,21.002677344678702,84.61538461538461,34.25768646358788,-104.2543372581269,1.8072847663231943,5,2524.8881487481926,5.105858508108758,168.6141679503438,33.023666379035554,5.441011120029666,8.096378807433492,164,23,8,True
40,25,3,12,75,195,23.173198470383806,2.3173198470383807,12.616161487158045,33.66271216602221,76.92307692307693,54.57089350387293,-81.48578497457994,2.2323277416176204,6,4518.773701724842,3.8520045123482354,288.4645450543144,74.88686582001495,7.451830897417584,12.789912901029625,121,25,49,True
40,25,3,12,90,195,25.14219161505229,2.514219161505229,13.29663743895001,35.68864005817653,75.8974358974359,58.49887140633446,-79.8958638979213,2.305616374877506,6,4902.727364935196,3.9074474726064823,323.6308481312982,82.8241071441502,6.773947052480197,14.76440908589706,97,25,73,True
40,25,3,12,95,195,25.446491228858193,2.5446491228858195,14.576561272919278,36.24115344040112,75.8974358974359,58.89980670830844,-79.8958638979213,2.32141844037509,6,4962.065789627348,3.8884565859880253,329.2255546176182,84.66741169336332,6.786519348266638,16.264266355498652,89,25,81,True
40,25,3,13,45,195,13.210305613445943,1.3210305613445943,4.40881222493566,21.339863335869747,85.12820512820512,34.23095771898847,-107.11480643896988,1.8292776695305946,5,2576.009594621959,5.306266657012715,173.0465335144861,32.61172962082283,5.189349710267151,7.395530464717899,165,20,10,True
40,25,3,13,75,195,23.492176870850297,2.3492176870850296,12.429159941650036,33.61839265851618,77.43589743589745,54.612861474557796,-83.30835438278221,2.249731282751644,6,4580.974489815808,3.0950262990748714,294.0404525389242,95.00418546582797,7.390226488832178,13.258922086869417,122,22,51,True
40,25,3,13,90,195,25.454434869867924,2.545443486986793,14.65325774917789,36.13902184576088,76.41025641025641,58.50622598532126,-81.60462765627437,2.3222861577354714,6,4963.614799624245,3.699964172183229,329.37217920030133,89.0203698934602,6.69208531426172,13.935312944664382,97,22,76,True
40,25,3,13,95,195,25.758734483673823,2.575873448367382,14.951099719804024,36.54418032887446,76.41025641025641,58.904470446342394,-81.60462765627437,2.338093665118638,6,5022.953224316396,3.0258408885032866,335.01109662486107,110.71669296880056,6.717779568282693,15.500807918654965,89,22,84,True
40,25,3,14,45,195,12.715535149926879,1.2715535149926878,3.531802723222988,20.95805735318399,85.12820512820512,34.23095771898847,-110.44171127987393,1.774173192575355,5,2479.5293542357413,5.793169932081176,164.71700252652778,28.43296579552497,5.216758366755843,6.563484159193969,165,19,11,True
40,25,3,14,75,195,22.874646722960065,2.2874646722960064,11.90537648699581,33.9681600659488,77.43589743589745,54.612861474557796,-86.04513572002303,2.1781755517167656,7,4460.5561109772125,3.1056472826439827,229.26455823237157,73.82182758281164,7.2805480203493325,12.38685360142472,122,21,52,True
40,25,3,14,90,195,24.83690472197769,2.483690472197769,13.32706575614122,35.19518222864761,76.41025641025641,58.50622598532126,-84.22241850059167,2.2501051452469496,7,4843.196420785649,3.027663425677112,256.46948212840385,84.70871628376148,6.496989660682789,13.046509178675754,97,21,77,True
40,25,3,14,95,195,25.141204335783588,2.5141204335783587,13.58784239071053,37.21823998450714,76.41025641025641,58.904470446342394,-84.22241850059167,2.265421325631488,7,4902.5348454777995,3.0039897908139213,260.8020522361224,86.81855478791721,6.53145024905347,14.453447160802012,89,21,85,True
40,25,4,10,45,185,7.879978913323343,0.7879978913323343,-0.603387692128966,16.211971529949675,80.0,33.86933270224158,-96.07743624234962,1.4100847827291394,5,1457.7960989648184,8.322635592007634,85.60411655692775,10.285698035263591,3.1567038654414157,4.788743165705135,148,32,5,True
40,25,4,10,75,185,16.628116398312798,1.6628116398312798,5.412261371176783,26.895889899185224,72.43243243243244,53.19531565873016,-79.45040714866614,1.759186507606806,6,3076.2015336878676,6.2922709735960485,171.9580981328396,27.32846357927353,5.392080935466577,9.203819185568598,108,34,43,True
40,25,4,10,90,185,17.798374454621463,1.7798374454621464,6.515500205081333,28.171595327861763,71.35135135135135,56.309964530554154,-78.11728384770149,1.7952964867458712,6,3292.6992741049708,6.383261479039315,187.9047830712363,29.437111998037103,5.155945711203917,10.109131874091931,85,34,66,True
40,25,4,10,95,185,18.326333910023433,1.8326333910023431,7.076964696541519,29.1048857415841,71.35135135135135,57.049907706685715,-78.11728384770149,1.8188876467754562,6,3390.3717733543353,6.352093124161788,195.27402003863347,30.741680926537345,5.102626759735093,10.151049320130372,79,34,72,True
40,25,4,11,45,185,10.844011736683882,1.084401173668388,1.981536309141148,19.105863484744845,82.70270270270271,34.73558677044208,-103.38758139347252,1.6063778841494576,5,2006.142171286518,6.977233718814266,126.01857390989188,18.0613949580161,4.579575998909763,7.883849228817459,152,27,6,True
40,25,4,11,75,185,20.717860856259048,2.071786085625905,9.605861115380588,31.201490732725,75.13513513513513,55.09583083895023,-83.16339626535125,2.0019051102562395,6,3832.8042584079235,4.3892509128256165,230.03239552116094,52.40812158835451,6.680941581376216,11.690158239839217,112,29,44,True
40,25,4,11,90,185,22.473435215100167,2.247343521510017,11.266525396114735,33.96486035957647,74.05405405405405,58.914941768948125,-81.53669807400755,2.062299147960514,6,4157.585514793531,4.190980825968599,257.00229092440185,61.32270740346438,6.039589113881192,14.006310833447133,89,29,67,True
40,25,4,11,95,185,22.686936039443783,2.2686936039443784,10.588639796001134,34.708090145961094,74.05405405405405,59.20324580182089,-81.53669807400755,2.0723911406451347,6,4197.0831672971,4.2066085523882695,260.3671228822982,61.89478284935183,5.984634431226807,15.002036520292368,81,29,75,True
40,25,4,12,45,185,12.966749941152601,1.2966749941152602,4.189160641686752,21.703458251034945,84.32432432432432,35.23167485712603,-106.80319098615273,1.7744986013490176,5,2398.848739113231,5.435371275841254,157.86740024426834,29.044455701847998,5.313093218517117,8.098943839917442,155,23,7,True
40,25,4,12,75,185,23.432435044543226,2.3432435044543225,13.110779956922176,34.08307986713978,76.75675675675676,56.122638348267344,-84.52125958635969,2.1927645804132436,6,4335.000483240497,3.8520045123482354,272.2618406229777,70.68056118579236,7.257341512818914,12.334213964536684,114,25,46,True
40,25,4,12,90,185,25.28504754380837,2.528504754380837,14.277993558875743,37.340230370286186,75.67567567567568,60.00280883688729,-82.7257653679927,2.2565570042165164,6,4677.7337956045485,3.9074474726064823,302.80707888560033,77.49485591513566,6.5678448196961225,14.23274659012705,90,25,70,True
40,25,4,12,95,185,25.530487434970595,2.5530487434970595,13.24335919955087,37.45649158994575,75.67567567567568,60.32714012163737,-82.7257653679927,2.268754300417747,6,4723.14017546956,3.8884565859880253,306.96004387403724,78.94135811626688,6.5361820904078325,15.60289718842587,82,25,78,True
40,25,4,13,45,185,13.243082081010796,1.3243082081010795,4.903790523455093,22.204334501825585,84.86486486486487,35.19721014376909,-109.85685027088388,1.7964813751928361,5,2449.970184986997,5.362282105488809,162.19527325279026,30.247433846639264,5.062912475815591,7.364333681180349,156,20,9,True
40,25,4,13,75,185,23.768655520710613,2.3768655520710613,13.27178257607509,34.70260031486732,77.29729729729729,56.156102814903846,-86.50289121904254,2.2103094693092467,6,4397.201271331463,3.3150998031235224,277.70059666996906,83.76839708062985,7.192518528947792,12.761910540177782,115,22,48,True
40,25,4,13,90,185,25.614168812397818,2.561416881239782,13.268336585921512,37.55689096183973,76.21621621621621,59.99991447403962,-84.57651614877251,2.2733550866849015,6,4738.621230293596,3.1961510904721333,308.3816864101226,96.48532803390364,6.486731912738274,13.420804975184732,90,22,73,True
40,25,4,13,95,185,25.859608703560042,2.585960870356004,14.225954649399391,38.236383597664734,76.21621621621621,60.32194553691204,-84.57651614877251,2.2855566199915582,6,4784.027610158608,3.0507371574529336,312.5681815590391,102.45660816614004,6.4699065939552804,14.861108430360396,82,22,81,True
40,25,4,14,45,185,12.721567268112324,1.2721567268112324,3.3779131435344656,21.14909234316634,84.86486486486487,35.19721014376909,-113.30257314182022,1.7418473382944426,5,2353.48994460078,5.855071059474366,154.0626987964496,26.312694966725214,5.084356146508408,6.51695331892459,156,19,10,True
40,25,4,14,75,185,23.11774536482631,2.311774536482631,12.273801602805966,34.17196781802439,77.29729729729729,56.156102814903846,-89.36999547710434,2.1393999022083463,7,4276.782892492867,3.319985874291613,216.64670239650155,65.2553084861325,7.076350548478457,11.87854741346095,115,21,49,True
40,25,4,14,90,185,24.963258656513514,2.496325865651351,12.996868898342333,36.81926846753264,76.21621621621621,59.99991447403962,-87.31329748601333,2.2020981767605297,7,4618.202851455,3.2111719609283913,240.31961378034828,74.83859995802554,6.287499746388465,12.526660488554688,90,21,74,True
40,25,4,14,95,185,25.208698547675738,2.5208698547675734,13.561775034724796,36.961917187977534,76.21621621621621,60.32194553691204,-87.31329748601333,2.2139172605480315,7,4663.6092313200115,3.0499824620660556,243.5435210516987,79.85079392447473,6.280863814937252,13.809367196892772,82,21,82,True
40,25,5,10,45,179,8.51187016740579,0.8511870167405791,-0.38091883231156587,16.620774450595142,80.44692737430168,34.42172918187868,-98.08869263499696,1.443803814992294,5,1523.6247599656365,7.474135007277967,90.21054575627532,12.069697117918324,3.4357791402047675,5.593897062148251,144,31,4,True
40,25,5,10,75,179,17.331212766033897,1.7331212766033899,7.0178690000536035,27.28526967187522,72.62569832402235,54.096130392000006,-80.2083646089782,1.7893438750139297,6,3102.287085120068,6.31539794067002,173.8513035347426,27.52816293889759,5.620101053396641,10.258886935115928,104,33,42,True
40,25,5,10,90,179,18.429728443620103,1.8429728443620101,7.052001078863873,30.37184072436711,71.50837988826815,57.16700419214167,-78.79323814090462,1.8209426937015598,6,3298.9213914079983,6.412001765761989,188.37097756100215,29.37787362549432,5.312961118797645,11.221816600987141,81,33,65,True
40,25,5,10,95,179,18.938148020189054,1.8938148020189054,7.450435223073637,29.97177528258698,71.50837988826815,57.877997193749806,-78.79323814090462,1.8435899800137792,6,3389.9284956138404,6.382184486879987,195.24032858390802,30.591457985156705,5.223168575888981,10.663074406806155,75,33,71,True
40,25,5,11,45,179,11.631144314454394,1.1631144314454394,2.1191296967954387,20.07847490319729,83.24022346368714,35.29270159823097,-105.88792352830258,1.6554020398529676,5,2081.9748322873365,5.322238841629718,131.97739861158877,24.79734610541756,5.000983461386967,10.565696538182687,148,26,5,True
40,25,5,11,75,179,21.61393189854818,2.161393189854818,10.561715496206633,32.97985364701221,75.41899441340783,56.01959362447586,-83.94889385145717,2.0474158828665434,6,3868.8938098401245,3.5993402478647996,232.96805184203012,64.7252095659007,6.998274461281554,13.672166081506736,108,28,43,True
40,25,5,11,90,179,23.317383419533844,2.3317383419533844,11.467980324942761,36.42201567977369,74.30167597765363,59.8181070744878,-82.21731758283303,2.1036000461696576,6,4173.811632096558,3.65465122801083,258.3823652583067,70.69959597729938,6.238200057773076,16.68068451883864,85,28,66,True
40,25,5,11,95,179,23.500803852271527,2.350080385227153,12.356735734290138,34.54481521604677,74.30167597765363,60.06496615313476,-82.21731758283303,2.1122812431288414,6,4206.643889556603,3.6375783843343044,261.1843905198612,71.80172161916431,6.146876330141323,16.595884207936408,77,28,74,True
40,25,5,12,45,179,13.88092402298352,1.3880924022983518,3.500675021800795,22.2821382074987,84.91620111731844,35.79084894717393,-109.46383851319953,1.8406921083651975,5,2484.68540011405,4.442429274713563,165.15832126667917,37.17747904435196,5.8158987427402815,10.744262569951525,151,22,6,True
40,25,5,12,75,179,24.475385668562552,2.447538566856255,12.69161800080563,35.80376278562224,77.09497206703911,57.056081870609574,-85.18646984076645,2.2543770420927953,6,4381.094034672697,3.8660970932583463,276.2877622656465,71.46425855352516,7.625721764624863,14.703977091822127,110,24,45,True
40,25,5,12,90,179,26.279128005070252,2.6279128005070254,13.687290087258827,38.06781390929025,75.97765363128491,60.91804746856768,-83.27652425157275,2.313629628345539,6,4703.963912907575,3.9249581706351018,305.20309502307833,77.75957902086205,6.805890044338701,17.21555371096379,86,24,69,True
40,25,5,12,95,179,26.49555808787187,2.6495558087871873,14.955312827505297,38.608538972008326,75.97765363128491,61.202907651078625,-83.27652425157275,2.3244484412520636,6,4742.704897729065,3.9067912754266807,308.75717871153415,79.03088671605913,6.735962841331855,17.69133092737811,78,24,77,True
40,25,5,13,45,179,14.222406960825781,1.4222406960825782,5.343482373209125,22.19325694888772,85.47486033519553,35.751828462944594,-112.4699580324118,1.8705951658712685,5,2545.810845987815,4.563783428957262,170.4230806911918,37.342499560749374,5.560073636162954,9.708020289948603,152,19,8,True
40,25,5,13,75,179,24.878764372981358,2.487876437298136,13.612890523706932,36.46871588019397,77.6536312849162,57.08379392245616,-87.0337133114436,2.2791878725281625,6,4453.298822763663,3.124353866236971,282.6454058727412,90.46523472488873,7.590655077463657,15.906585276772766,111,21,47,True
40,25,5,13,90,179,26.67516953964594,2.6675169539645935,13.955017495842538,39.604375294484186,76.53631284916202,60.90838802482168,-84.99032885247496,2.33764669016601,6,4774.855347596623,3.045484381349511,311.72047540252674,102.35497424038589,6.746215953903244,16.45390684900203,86,21,72,True
40,25,5,13,95,179,26.891599622447554,2.6891599622447555,15.720566096985179,38.13862095176142,76.53631284916202,61.19116893592745,-84.99032885247496,2.3484997414833284,6,4813.596332418112,3.061808993869603,315.3079037249608,102.98091891305914,6.69132175401512,17.141803827614545,78,21,80,True
40,25,5,14,45,179,13.73929947263463,1.373929947263463,4.69660361506114,22.749210062760312,85.47486033519553,35.751828462944594,-115.79596727803553,1.8168660338232732,5,2459.3346056015985,3.996175890258126,162.99263220763342,40.787151687936635,5.676244982009455,8.797188553524567,152,18,9,True
40,25,5,14,75,179,24.26192426773781,2.426192426773781,13.352806201422505,35.82221053323376,77.6536312849162,57.08379392245616,-89.79407278240849,2.209123361195807,7,4342.884443925068,2.7279412813713515,221.1519531564469,81.06917647628858,7.520160633423754,15.174756515262029,111,20,48,True
40,25,5,14,90,179,26.05832943440239,2.6058329434402387,13.491412081093378,38.521908825496425,76.53631284916202,60.90838802482168,-87.61924263434629,2.2675083116985117,7,4664.440968758027,2.541552208899524,243.60274166683138,95.84801792142204,6.568767721903507,15.541356005793649,86,20,73,True
40,25,5,14,95,179,26.274759517204004,2.6274759517204003,13.740006454105066,38.11026457257586,76.53631284916202,61.19116893592745,-87.61924263434629,2.2780357297950258,7,4703.181953579517,2.533336963018989,246.3677767437108,97.25029885093267,6.523836817994218,16.18263709037512,78,20,81,True
